[debug] [2024-07-19T11:09:26.015Z] ----------------------------------------------------------------------
[debug] [2024-07-19T11:09:26.018Z] Command:       C:\Program Files\nodejs\node.exe C:\Users\wwwsh\AppData\Roaming\npm\node_modules\firebase-tools\lib\bin\firebase.js emulators:start
[debug] [2024-07-19T11:09:26.019Z] CLI Version:   13.13.2
[debug] [2024-07-19T11:09:26.019Z] Platform:      win32
[debug] [2024-07-19T11:09:26.020Z] Node Version:  v20.13.1
[debug] [2024-07-19T11:09:26.020Z] Time:          Fri Jul 19 2024 16:39:26 GMT+0530 (India Standard Time)
[debug] [2024-07-19T11:09:26.020Z] ----------------------------------------------------------------------
[debug] 
[debug] [2024-07-19T11:09:26.121Z] > command requires scopes: ["email","openid","https://www.googleapis.com/auth/cloudplatformprojects.readonly","https://www.googleapis.com/auth/firebase","https://www.googleapis.com/auth/cloud-platform"]
[debug] [2024-07-19T11:09:26.122Z] > authorizing via signed-in user (www.shaheensaleem@gmail.com)
[info] i  emulators: Starting emulators: functions, hosting {"metadata":{"emulator":{"name":"hub"},"message":"Starting emulators: functions, hosting"}}
[debug] [2024-07-19T11:09:26.146Z] [logging] Logging Emulator only supports listening on one address (127.0.0.1). Not listening on ::1
[debug] [2024-07-19T11:09:26.147Z] [hosting] Hosting Emulator only supports listening on one address (127.0.0.1). Not listening on ::1
[debug] [2024-07-19T11:09:26.148Z] assigned listening specs for emulators {"user":{"hub":[{"address":"127.0.0.1","family":"IPv4","port":4400},{"address":"::1","family":"IPv6","port":4400}],"ui":[{"address":"127.0.0.1","family":"IPv4","port":4000},{"address":"::1","family":"IPv6","port":4000}],"logging":[{"address":"127.0.0.1","family":"IPv4","port":4500}],"hosting":[{"address":"127.0.0.1","family":"IPv4","port":5000}]},"metadata":{"message":"assigned listening specs for emulators"}}
[debug] [2024-07-19T11:09:26.153Z] [hub] writing locator at C:\Users\wwwsh\AppData\Local\Temp\hub-challenge-db720.json
[debug] [2024-07-19T11:09:26.177Z] [functions] Functions Emulator only supports listening on one address (127.0.0.1). Not listening on ::1
[debug] [2024-07-19T11:09:26.177Z] [eventarc] Eventarc Emulator only supports listening on one address (127.0.0.1). Not listening on ::1
[debug] [2024-07-19T11:09:26.177Z] late-assigned ports for functions and eventarc emulators {"user":{"hub":[{"address":"127.0.0.1","family":"IPv4","port":4400},{"address":"::1","family":"IPv6","port":4400}],"ui":[{"address":"127.0.0.1","family":"IPv4","port":4000},{"address":"::1","family":"IPv6","port":4000}],"logging":[{"address":"127.0.0.1","family":"IPv4","port":4500}],"hosting":[{"address":"127.0.0.1","family":"IPv4","port":5000}],"functions":[{"address":"127.0.0.1","family":"IPv4","port":5001}],"eventarc":[{"address":"127.0.0.1","family":"IPv4","port":9299}]},"metadata":{"message":"late-assigned ports for functions and eventarc emulators"}}
[warn] !  functions: The following emulators are not running, calls to these services from the Functions emulator will affect production: auth, firestore, database, pubsub, storage, dataconnect {"metadata":{"emulator":{"name":"functions"},"message":"The following emulators are not running, calls to these services from the Functions emulator will affect production: \u001b[1mauth, firestore, database, pubsub, storage, dataconnect\u001b[22m"}}
[debug] [2024-07-19T11:09:26.180Z] defaultcredentials: writing to file C:\Users\wwwsh\AppData\Roaming\firebase\www_shaheensaleem_gmail.com_application_default_credentials.json
[debug] [2024-07-19T11:09:26.184Z] Setting GAC to C:\Users\wwwsh\AppData\Roaming\firebase\www_shaheensaleem_gmail.com_application_default_credentials.json {"metadata":{"emulator":{"name":"functions"},"message":"Setting GAC to C:\\Users\\wwwsh\\AppData\\Roaming\\firebase\\www_shaheensaleem_gmail.com_application_default_credentials.json"}}
[debug] [2024-07-19T11:09:26.187Z] >>> [apiv2][query] GET https://firebase.googleapis.com/v1beta1/projects/challenge-db720/adminSdkConfig [none]
[debug] [2024-07-19T11:09:26.820Z] <<< [apiv2][status] GET https://firebase.googleapis.com/v1beta1/projects/challenge-db720/adminSdkConfig 200
[debug] [2024-07-19T11:09:26.821Z] <<< [apiv2][body] GET https://firebase.googleapis.com/v1beta1/projects/challenge-db720/adminSdkConfig {"projectId":"challenge-db720","storageBucket":"challenge-db720.appspot.com"}
[debug] [2024-07-19T11:09:26.834Z] >>> [apiv2][query] GET https://firebasehosting.googleapis.com/v1beta1/projects/challenge-db720/sites 
[debug] [2024-07-19T11:09:28.107Z] <<< [apiv2][status] GET https://firebasehosting.googleapis.com/v1beta1/projects/challenge-db720/sites 200
[debug] [2024-07-19T11:09:28.107Z] <<< [apiv2][body] GET https://firebasehosting.googleapis.com/v1beta1/projects/challenge-db720/sites {"sites":[{"name":"projects/challenge-db720/sites/challenge-db720","defaultUrl":"https://challenge-db720.web.app","appId":"1:749524442396:web:d3b3e0cfa6888e6f2b6ed9","type":"DEFAULT_SITE"}]}
[debug] [2024-07-19T11:09:28.107Z] >>> [apiv2][query] GET https://firebase.googleapis.com/v1beta1/projects/challenge-db720/webApps/1:749524442396:web:d3b3e0cfa6888e6f2b6ed9/config [none]
[debug] [2024-07-19T11:09:28.967Z] <<< [apiv2][status] GET https://firebase.googleapis.com/v1beta1/projects/challenge-db720/webApps/1:749524442396:web:d3b3e0cfa6888e6f2b6ed9/config 200
[debug] [2024-07-19T11:09:28.967Z] <<< [apiv2][body] GET https://firebase.googleapis.com/v1beta1/projects/challenge-db720/webApps/1:749524442396:web:d3b3e0cfa6888e6f2b6ed9/config {"projectId":"challenge-db720","appId":"1:749524442396:web:d3b3e0cfa6888e6f2b6ed9","storageBucket":"challenge-db720.appspot.com","apiKey":"AIzaSyD_8lC0HijhbEhZyoE3j6qNAV6Xdb3zrl8","authDomain":"challenge-db720.firebaseapp.com","messagingSenderId":"749524442396","measurementId":"G-EXL83VRLKX"}
[debug] [2024-07-19T11:09:28.974Z] >>> [apiv2][query] GET https://firebase.googleapis.com/v1beta1/projects/challenge-db720 [none]
[debug] [2024-07-19T11:09:29.328Z] <<< [apiv2][status] GET https://firebase.googleapis.com/v1beta1/projects/challenge-db720 200
[debug] [2024-07-19T11:09:29.328Z] <<< [apiv2][body] GET https://firebase.googleapis.com/v1beta1/projects/challenge-db720 {"projectId":"challenge-db720","projectNumber":"749524442396","displayName":"amazon-challenge","name":"projects/challenge-db720","resources":{"hostingSite":"challenge-db720"},"state":"ACTIVE","etag":"1_82eccf4e-3503-4fcb-8483-ad06445cb9f1"}
[info] i  hosting[challenge-db720]: Serving hosting files from: build {"metadata":{"emulator":{"name":"hosting"},"message":"Serving hosting files from: \u001b[1mbuild\u001b[22m"}}
[info] +  hosting[challenge-db720]: Local server: http://127.0.0.1:5000 {"metadata":{"emulator":{"name":"hosting"},"message":"Local server: \u001b[4m\u001b[1mhttp://127.0.0.1:5000\u001b[22m\u001b[24m"}}
[info] i  ui: downloading ui-v1.12.1.zip... {"metadata":{"emulator":{"name":"ui"},"message":"downloading ui-v1.12.1.zip..."}}
[debug] [2024-07-19T11:09:29.410Z] >>> [apiv2][query] GET https://storage.googleapis.com/firebase-preview-drop/emulator/ui-v1.12.1.zip 
[debug] [2024-07-19T11:09:29.903Z] <<< [apiv2][status] GET https://storage.googleapis.com/firebase-preview-drop/emulator/ui-v1.12.1.zip 200
[debug] [2024-07-19T11:09:29.903Z] <<< [apiv2][body] GET https://storage.googleapis.com/firebase-preview-drop/emulator/ui-v1.12.1.zip [stream]
[debug] [2024-07-19T11:09:30.703Z] Data is 3498269
[debug] [2024-07-19T11:09:30.704Z] [unzip] Entry: client/ (compressed_size=0 bytes, uncompressed_size=0 bytes)
[debug] [2024-07-19T11:09:30.704Z] [unzip] Processing entry: client\
[debug] [2024-07-19T11:09:30.704Z] [unzip] mkdir: C:\Users\wwwsh\.cache\firebase\emulators\ui-v1.12.1\client\
[debug] [2024-07-19T11:09:30.705Z] [unzip] Entry: client/favicon.ico (compressed_size=2933 bytes, uncompressed_size=13294 bytes)
[debug] [2024-07-19T11:09:30.705Z] [unzip] Processing entry: client\favicon.ico
[debug] [2024-07-19T11:09:30.705Z] [unzip] else mkdir: C:\Users\wwwsh\.cache\firebase\emulators\ui-v1.12.1\client
[debug] [2024-07-19T11:09:30.705Z] [unzip] deflating: C:\Users\wwwsh\.cache\firebase\emulators\ui-v1.12.1\client\favicon.ico
[debug] [2024-07-19T11:09:30.708Z] [unzip] Entry: client/mstile-150x150.png (compressed_size=2034 bytes, uncompressed_size=2034 bytes)
[debug] [2024-07-19T11:09:30.708Z] [unzip] Processing entry: client\mstile-150x150.png
[debug] [2024-07-19T11:09:30.708Z] [unzip] else mkdir: C:\Users\wwwsh\.cache\firebase\emulators\ui-v1.12.1\client
[debug] [2024-07-19T11:09:30.709Z] [unzip] Writing file: C:\Users\wwwsh\.cache\firebase\emulators\ui-v1.12.1\client\mstile-150x150.png
[debug] [2024-07-19T11:09:30.710Z] [unzip] Entry: client/favicon-16x16.png (compressed_size=293 bytes, uncompressed_size=293 bytes)
[debug] [2024-07-19T11:09:30.710Z] [unzip] Processing entry: client\favicon-16x16.png
[debug] [2024-07-19T11:09:30.710Z] [unzip] else mkdir: C:\Users\wwwsh\.cache\firebase\emulators\ui-v1.12.1\client
[debug] [2024-07-19T11:09:30.711Z] [unzip] Writing file: C:\Users\wwwsh\.cache\firebase\emulators\ui-v1.12.1\client\favicon-16x16.png
[debug] [2024-07-19T11:09:30.712Z] [unzip] Entry: client/favicon-32x32.png (compressed_size=475 bytes, uncompressed_size=475 bytes)
[debug] [2024-07-19T11:09:30.712Z] [unzip] Processing entry: client\favicon-32x32.png
[debug] [2024-07-19T11:09:30.712Z] [unzip] else mkdir: C:\Users\wwwsh\.cache\firebase\emulators\ui-v1.12.1\client
[debug] [2024-07-19T11:09:30.712Z] [unzip] Writing file: C:\Users\wwwsh\.cache\firebase\emulators\ui-v1.12.1\client\favicon-32x32.png
[debug] [2024-07-19T11:09:30.715Z] [unzip] Entry: client/manifest.json (compressed_size=245 bytes, uncompressed_size=551 bytes)
[debug] [2024-07-19T11:09:30.715Z] [unzip] Processing entry: client\manifest.json
[debug] [2024-07-19T11:09:30.715Z] [unzip] else mkdir: C:\Users\wwwsh\.cache\firebase\emulators\ui-v1.12.1\client
[debug] [2024-07-19T11:09:30.715Z] [unzip] deflating: C:\Users\wwwsh\.cache\firebase\emulators\ui-v1.12.1\client\manifest.json
[debug] [2024-07-19T11:09:30.717Z] [unzip] Entry: client/index.html (compressed_size=1365 bytes, uncompressed_size=3071 bytes)
[debug] [2024-07-19T11:09:30.718Z] [unzip] Processing entry: client\index.html
[debug] [2024-07-19T11:09:30.718Z] [unzip] else mkdir: C:\Users\wwwsh\.cache\firebase\emulators\ui-v1.12.1\client
[debug] [2024-07-19T11:09:30.718Z] [unzip] deflating: C:\Users\wwwsh\.cache\firebase\emulators\ui-v1.12.1\client\index.html
[debug] [2024-07-19T11:09:30.720Z] [unzip] Entry: client/robots.txt (compressed_size=26 bytes, uncompressed_size=26 bytes)
[debug] [2024-07-19T11:09:30.720Z] [unzip] Processing entry: client\robots.txt
[debug] [2024-07-19T11:09:30.720Z] [unzip] else mkdir: C:\Users\wwwsh\.cache\firebase\emulators\ui-v1.12.1\client
[debug] [2024-07-19T11:09:30.720Z] [unzip] Writing file: C:\Users\wwwsh\.cache\firebase\emulators\ui-v1.12.1\client\robots.txt
[debug] [2024-07-19T11:09:30.721Z] [unzip] Entry: client/android-chrome-512x512.png (compressed_size=5369 bytes, uncompressed_size=5411 bytes)
[debug] [2024-07-19T11:09:30.721Z] [unzip] Processing entry: client\android-chrome-512x512.png
[debug] [2024-07-19T11:09:30.721Z] [unzip] else mkdir: C:\Users\wwwsh\.cache\firebase\emulators\ui-v1.12.1\client
[debug] [2024-07-19T11:09:30.722Z] [unzip] deflating: C:\Users\wwwsh\.cache\firebase\emulators\ui-v1.12.1\client\android-chrome-512x512.png
[debug] [2024-07-19T11:09:30.723Z] [unzip] Entry: client/assets/ (compressed_size=0 bytes, uncompressed_size=0 bytes)
[debug] [2024-07-19T11:09:30.723Z] [unzip] Processing entry: client\assets\
[debug] [2024-07-19T11:09:30.723Z] [unzip] mkdir: C:\Users\wwwsh\.cache\firebase\emulators\ui-v1.12.1\client\assets\
[debug] [2024-07-19T11:09:30.724Z] [unzip] Entry: client/assets/img/ (compressed_size=0 bytes, uncompressed_size=0 bytes)
[debug] [2024-07-19T11:09:30.724Z] [unzip] Processing entry: client\assets\img\
[debug] [2024-07-19T11:09:30.724Z] [unzip] mkdir: C:\Users\wwwsh\.cache\firebase\emulators\ui-v1.12.1\client\assets\img\
[debug] [2024-07-19T11:09:30.724Z] [unzip] Entry: client/assets/img/database.png (compressed_size=29449 bytes, uncompressed_size=29988 bytes)
[debug] [2024-07-19T11:09:30.724Z] [unzip] Processing entry: client\assets\img\database.png
[debug] [2024-07-19T11:09:30.724Z] [unzip] else mkdir: C:\Users\wwwsh\.cache\firebase\emulators\ui-v1.12.1\client\assets\img
[debug] [2024-07-19T11:09:30.725Z] [unzip] deflating: C:\Users\wwwsh\.cache\firebase\emulators\ui-v1.12.1\client\assets\img\database.png
[debug] [2024-07-19T11:09:30.726Z] [unzip] Entry: client/assets/provider-icons/ (compressed_size=0 bytes, uncompressed_size=0 bytes)
[debug] [2024-07-19T11:09:30.726Z] [unzip] Processing entry: client\assets\provider-icons\
[debug] [2024-07-19T11:09:30.727Z] [unzip] mkdir: C:\Users\wwwsh\.cache\firebase\emulators\ui-v1.12.1\client\assets\provider-icons\
[debug] [2024-07-19T11:09:30.727Z] [unzip] Entry: client/assets/provider-icons/auth_service_play_games.svg (compressed_size=565 bytes, uncompressed_size=1173 bytes)
[debug] [2024-07-19T11:09:30.727Z] [unzip] Processing entry: client\assets\provider-icons\auth_service_play_games.svg
[debug] [2024-07-19T11:09:30.728Z] [unzip] else mkdir: C:\Users\wwwsh\.cache\firebase\emulators\ui-v1.12.1\client\assets\provider-icons
[debug] [2024-07-19T11:09:30.728Z] [unzip] deflating: C:\Users\wwwsh\.cache\firebase\emulators\ui-v1.12.1\client\assets\provider-icons\auth_service_play_games.svg
[debug] [2024-07-19T11:09:30.729Z] [unzip] Entry: client/assets/provider-icons/auth_service_game_center.svg (compressed_size=991 bytes, uncompressed_size=3921 bytes)
[debug] [2024-07-19T11:09:30.730Z] [unzip] Processing entry: client\assets\provider-icons\auth_service_game_center.svg
[debug] [2024-07-19T11:09:30.730Z] [unzip] else mkdir: C:\Users\wwwsh\.cache\firebase\emulators\ui-v1.12.1\client\assets\provider-icons
[debug] [2024-07-19T11:09:30.730Z] [unzip] deflating: C:\Users\wwwsh\.cache\firebase\emulators\ui-v1.12.1\client\assets\provider-icons\auth_service_game_center.svg
[debug] [2024-07-19T11:09:30.732Z] [unzip] Entry: client/assets/provider-icons/auth_service_google.svg (compressed_size=409 bytes, uncompressed_size=720 bytes)
[debug] [2024-07-19T11:09:30.732Z] [unzip] Processing entry: client\assets\provider-icons\auth_service_google.svg
[debug] [2024-07-19T11:09:30.732Z] [unzip] else mkdir: C:\Users\wwwsh\.cache\firebase\emulators\ui-v1.12.1\client\assets\provider-icons
[debug] [2024-07-19T11:09:30.733Z] [unzip] deflating: C:\Users\wwwsh\.cache\firebase\emulators\ui-v1.12.1\client\assets\provider-icons\auth_service_google.svg
[debug] [2024-07-19T11:09:30.736Z] [unzip] Entry: client/assets/provider-icons/auth_service_yahoo.svg (compressed_size=577 bytes, uncompressed_size=1182 bytes)
[debug] [2024-07-19T11:09:30.736Z] [unzip] Processing entry: client\assets\provider-icons\auth_service_yahoo.svg
[debug] [2024-07-19T11:09:30.736Z] [unzip] else mkdir: C:\Users\wwwsh\.cache\firebase\emulators\ui-v1.12.1\client\assets\provider-icons
[debug] [2024-07-19T11:09:30.736Z] [unzip] deflating: C:\Users\wwwsh\.cache\firebase\emulators\ui-v1.12.1\client\assets\provider-icons\auth_service_yahoo.svg
[debug] [2024-07-19T11:09:30.737Z] [unzip] Entry: client/assets/provider-icons/auth_service_email.svg (compressed_size=228 bytes, uncompressed_size=326 bytes)
[debug] [2024-07-19T11:09:30.737Z] [unzip] Processing entry: client\assets\provider-icons\auth_service_email.svg
[debug] [2024-07-19T11:09:30.737Z] [unzip] else mkdir: C:\Users\wwwsh\.cache\firebase\emulators\ui-v1.12.1\client\assets\provider-icons
[debug] [2024-07-19T11:09:30.737Z] [unzip] deflating: C:\Users\wwwsh\.cache\firebase\emulators\ui-v1.12.1\client\assets\provider-icons\auth_service_email.svg
[debug] [2024-07-19T11:09:30.738Z] [unzip] Entry: client/assets/provider-icons/auth_service_saml.svg (compressed_size=575 bytes, uncompressed_size=1226 bytes)
[debug] [2024-07-19T11:09:30.738Z] [unzip] Processing entry: client\assets\provider-icons\auth_service_saml.svg
[debug] [2024-07-19T11:09:30.738Z] [unzip] else mkdir: C:\Users\wwwsh\.cache\firebase\emulators\ui-v1.12.1\client\assets\provider-icons
[debug] [2024-07-19T11:09:30.739Z] [unzip] deflating: C:\Users\wwwsh\.cache\firebase\emulators\ui-v1.12.1\client\assets\provider-icons\auth_service_saml.svg
[debug] [2024-07-19T11:09:30.740Z] [unzip] Entry: client/assets/provider-icons/auth_service_oidc.svg (compressed_size=414 bytes, uncompressed_size=858 bytes)
[debug] [2024-07-19T11:09:30.740Z] [unzip] Processing entry: client\assets\provider-icons\auth_service_oidc.svg
[debug] [2024-07-19T11:09:30.740Z] [unzip] else mkdir: C:\Users\wwwsh\.cache\firebase\emulators\ui-v1.12.1\client\assets\provider-icons
[debug] [2024-07-19T11:09:30.740Z] [unzip] deflating: C:\Users\wwwsh\.cache\firebase\emulators\ui-v1.12.1\client\assets\provider-icons\auth_service_oidc.svg
[debug] [2024-07-19T11:09:30.741Z] [unzip] Entry: client/assets/provider-icons/auth_service_facebook.svg (compressed_size=289 bytes, uncompressed_size=457 bytes)
[debug] [2024-07-19T11:09:30.741Z] [unzip] Processing entry: client\assets\provider-icons\auth_service_facebook.svg
[debug] [2024-07-19T11:09:30.741Z] [unzip] else mkdir: C:\Users\wwwsh\.cache\firebase\emulators\ui-v1.12.1\client\assets\provider-icons
[debug] [2024-07-19T11:09:30.741Z] [unzip] deflating: C:\Users\wwwsh\.cache\firebase\emulators\ui-v1.12.1\client\assets\provider-icons\auth_service_facebook.svg
[debug] [2024-07-19T11:09:30.742Z] [unzip] Entry: client/assets/provider-icons/auth_service_github.svg (compressed_size=466 bytes, uncompressed_size=838 bytes)
[debug] [2024-07-19T11:09:30.742Z] [unzip] Processing entry: client\assets\provider-icons\auth_service_github.svg
[debug] [2024-07-19T11:09:30.742Z] [unzip] else mkdir: C:\Users\wwwsh\.cache\firebase\emulators\ui-v1.12.1\client\assets\provider-icons
[debug] [2024-07-19T11:09:30.743Z] [unzip] deflating: C:\Users\wwwsh\.cache\firebase\emulators\ui-v1.12.1\client\assets\provider-icons\auth_service_github.svg
[debug] [2024-07-19T11:09:30.744Z] [unzip] Entry: client/assets/provider-icons/auth_service_phone.svg (compressed_size=261 bytes, uncompressed_size=414 bytes)
[debug] [2024-07-19T11:09:30.744Z] [unzip] Processing entry: client\assets\provider-icons\auth_service_phone.svg
[debug] [2024-07-19T11:09:30.744Z] [unzip] else mkdir: C:\Users\wwwsh\.cache\firebase\emulators\ui-v1.12.1\client\assets\provider-icons
[debug] [2024-07-19T11:09:30.745Z] [unzip] deflating: C:\Users\wwwsh\.cache\firebase\emulators\ui-v1.12.1\client\assets\provider-icons\auth_service_phone.svg
[debug] [2024-07-19T11:09:30.747Z] [unzip] Entry: client/assets/provider-icons/auth_service_apple.svg (compressed_size=230 bytes, uncompressed_size=334 bytes)
[debug] [2024-07-19T11:09:30.747Z] [unzip] Processing entry: client\assets\provider-icons\auth_service_apple.svg
[debug] [2024-07-19T11:09:30.747Z] [unzip] else mkdir: C:\Users\wwwsh\.cache\firebase\emulators\ui-v1.12.1\client\assets\provider-icons
[debug] [2024-07-19T11:09:30.747Z] [unzip] deflating: C:\Users\wwwsh\.cache\firebase\emulators\ui-v1.12.1\client\assets\provider-icons\auth_service_apple.svg
[debug] [2024-07-19T11:09:30.748Z] [unzip] Entry: client/assets/provider-icons/auth_service_twitter.svg (compressed_size=444 bytes, uncompressed_size=751 bytes)
[debug] [2024-07-19T11:09:30.748Z] [unzip] Processing entry: client\assets\provider-icons\auth_service_twitter.svg
[debug] [2024-07-19T11:09:30.748Z] [unzip] else mkdir: C:\Users\wwwsh\.cache\firebase\emulators\ui-v1.12.1\client\assets\provider-icons
[debug] [2024-07-19T11:09:30.748Z] [unzip] deflating: C:\Users\wwwsh\.cache\firebase\emulators\ui-v1.12.1\client\assets\provider-icons\auth_service_twitter.svg
[debug] [2024-07-19T11:09:30.749Z] [unzip] Entry: client/assets/provider-icons/auth_service_mslive.svg (compressed_size=203 bytes, uncompressed_size=378 bytes)
[debug] [2024-07-19T11:09:30.749Z] [unzip] Processing entry: client\assets\provider-icons\auth_service_mslive.svg
[debug] [2024-07-19T11:09:30.749Z] [unzip] else mkdir: C:\Users\wwwsh\.cache\firebase\emulators\ui-v1.12.1\client\assets\provider-icons
[debug] [2024-07-19T11:09:30.750Z] [unzip] deflating: C:\Users\wwwsh\.cache\firebase\emulators\ui-v1.12.1\client\assets\provider-icons\auth_service_mslive.svg
[debug] [2024-07-19T11:09:30.750Z] [unzip] Entry: client/assets/extensions/ (compressed_size=0 bytes, uncompressed_size=0 bytes)
[debug] [2024-07-19T11:09:30.750Z] [unzip] Processing entry: client\assets\extensions\
[debug] [2024-07-19T11:09:30.750Z] [unzip] mkdir: C:\Users\wwwsh\.cache\firebase\emulators\ui-v1.12.1\client\assets\extensions\
[debug] [2024-07-19T11:09:30.751Z] [unzip] Entry: client/assets/extensions/default-extension.png (compressed_size=1646 bytes, uncompressed_size=1657 bytes)
[debug] [2024-07-19T11:09:30.751Z] [unzip] Processing entry: client\assets\extensions\default-extension.png
[debug] [2024-07-19T11:09:30.751Z] [unzip] else mkdir: C:\Users\wwwsh\.cache\firebase\emulators\ui-v1.12.1\client\assets\extensions
[debug] [2024-07-19T11:09:30.751Z] [unzip] deflating: C:\Users\wwwsh\.cache\firebase\emulators\ui-v1.12.1\client\assets\extensions\default-extension.png
[debug] [2024-07-19T11:09:30.752Z] [unzip] Entry: client/assets/index-Cj5I7867.css (compressed_size=35786 bytes, uncompressed_size=297937 bytes)
[debug] [2024-07-19T11:09:30.752Z] [unzip] Processing entry: client\assets\index-Cj5I7867.css
[debug] [2024-07-19T11:09:30.752Z] [unzip] else mkdir: C:\Users\wwwsh\.cache\firebase\emulators\ui-v1.12.1\client\assets
[debug] [2024-07-19T11:09:30.752Z] [unzip] deflating: C:\Users\wwwsh\.cache\firebase\emulators\ui-v1.12.1\client\assets\index-Cj5I7867.css
[debug] [2024-07-19T11:09:30.755Z] [unzip] Entry: client/assets/index-JXEx31eZ.js (compressed_size=563896 bytes, uncompressed_size=2020866 bytes)
[debug] [2024-07-19T11:09:30.755Z] [unzip] Processing entry: client\assets\index-JXEx31eZ.js
[debug] [2024-07-19T11:09:30.755Z] [unzip] else mkdir: C:\Users\wwwsh\.cache\firebase\emulators\ui-v1.12.1\client\assets
[debug] [2024-07-19T11:09:30.755Z] [unzip] deflating: C:\Users\wwwsh\.cache\firebase\emulators\ui-v1.12.1\client\assets\index-JXEx31eZ.js
[debug] [2024-07-19T11:09:30.766Z] [unzip] Entry: client/assets/index-JXEx31eZ.js.map (compressed_size=2229196 bytes, uncompressed_size=9596104 bytes)
[debug] [2024-07-19T11:09:30.766Z] [unzip] Processing entry: client\assets\index-JXEx31eZ.js.map
[debug] [2024-07-19T11:09:30.766Z] [unzip] else mkdir: C:\Users\wwwsh\.cache\firebase\emulators\ui-v1.12.1\client\assets
[debug] [2024-07-19T11:09:30.767Z] [unzip] deflating: C:\Users\wwwsh\.cache\firebase\emulators\ui-v1.12.1\client\assets\index-JXEx31eZ.js.map
[debug] [2024-07-19T11:09:30.820Z] [unzip] Entry: client/safari-pinned-tab.svg (compressed_size=1433 bytes, uncompressed_size=2611 bytes)
[debug] [2024-07-19T11:09:30.820Z] [unzip] Processing entry: client\safari-pinned-tab.svg
[debug] [2024-07-19T11:09:30.820Z] [unzip] else mkdir: C:\Users\wwwsh\.cache\firebase\emulators\ui-v1.12.1\client
[debug] [2024-07-19T11:09:30.820Z] [unzip] deflating: C:\Users\wwwsh\.cache\firebase\emulators\ui-v1.12.1\client\safari-pinned-tab.svg
[debug] [2024-07-19T11:09:30.822Z] [unzip] Entry: client/browserconfig.xml (compressed_size=491 bytes, uncompressed_size=822 bytes)
[debug] [2024-07-19T11:09:30.822Z] [unzip] Processing entry: client\browserconfig.xml
[debug] [2024-07-19T11:09:30.822Z] [unzip] else mkdir: C:\Users\wwwsh\.cache\firebase\emulators\ui-v1.12.1\client
[debug] [2024-07-19T11:09:30.822Z] [unzip] deflating: C:\Users\wwwsh\.cache\firebase\emulators\ui-v1.12.1\client\browserconfig.xml
[debug] [2024-07-19T11:09:30.823Z] [unzip] Entry: client/android-chrome-192x192.png (compressed_size=2684 bytes, uncompressed_size=2684 bytes)
[debug] [2024-07-19T11:09:30.823Z] [unzip] Processing entry: client\android-chrome-192x192.png
[debug] [2024-07-19T11:09:30.823Z] [unzip] else mkdir: C:\Users\wwwsh\.cache\firebase\emulators\ui-v1.12.1\client
[debug] [2024-07-19T11:09:30.823Z] [unzip] Writing file: C:\Users\wwwsh\.cache\firebase\emulators\ui-v1.12.1\client\android-chrome-192x192.png
[debug] [2024-07-19T11:09:30.824Z] [unzip] Entry: client/apple-touch-icon.png (compressed_size=2123 bytes, uncompressed_size=2152 bytes)
[debug] [2024-07-19T11:09:30.824Z] [unzip] Processing entry: client\apple-touch-icon.png
[debug] [2024-07-19T11:09:30.824Z] [unzip] else mkdir: C:\Users\wwwsh\.cache\firebase\emulators\ui-v1.12.1\client
[debug] [2024-07-19T11:09:30.824Z] [unzip] deflating: C:\Users\wwwsh\.cache\firebase\emulators\ui-v1.12.1\client\apple-touch-icon.png
[debug] [2024-07-19T11:09:30.825Z] [unzip] Entry: server/ (compressed_size=0 bytes, uncompressed_size=0 bytes)
[debug] [2024-07-19T11:09:30.825Z] [unzip] Processing entry: server\
[debug] [2024-07-19T11:09:30.825Z] [unzip] mkdir: C:\Users\wwwsh\.cache\firebase\emulators\ui-v1.12.1\server\
[debug] [2024-07-19T11:09:30.825Z] [unzip] Entry: server/server.mjs.map (compressed_size=286219 bytes, uncompressed_size=1310517 bytes)
[debug] [2024-07-19T11:09:30.826Z] [unzip] Processing entry: server\server.mjs.map
[debug] [2024-07-19T11:09:30.826Z] [unzip] else mkdir: C:\Users\wwwsh\.cache\firebase\emulators\ui-v1.12.1\server
[debug] [2024-07-19T11:09:30.826Z] [unzip] deflating: C:\Users\wwwsh\.cache\firebase\emulators\ui-v1.12.1\server\server.mjs.map
[debug] [2024-07-19T11:09:30.833Z] [unzip] Entry: server/assets/ (compressed_size=0 bytes, uncompressed_size=0 bytes)
[debug] [2024-07-19T11:09:30.834Z] [unzip] Processing entry: server\assets\
[debug] [2024-07-19T11:09:30.834Z] [unzip] mkdir: C:\Users\wwwsh\.cache\firebase\emulators\ui-v1.12.1\server\assets\
[debug] [2024-07-19T11:09:30.834Z] [unzip] Entry: server/assets/multipart-parser-n20ATYm_.mjs.map (compressed_size=4790 bytes, uncompressed_size=17920 bytes)
[debug] [2024-07-19T11:09:30.834Z] [unzip] Processing entry: server\assets\multipart-parser-n20ATYm_.mjs.map
[debug] [2024-07-19T11:09:30.834Z] [unzip] else mkdir: C:\Users\wwwsh\.cache\firebase\emulators\ui-v1.12.1\server\assets
[debug] [2024-07-19T11:09:30.834Z] [unzip] deflating: C:\Users\wwwsh\.cache\firebase\emulators\ui-v1.12.1\server\assets\multipart-parser-n20ATYm_.mjs.map
[debug] [2024-07-19T11:09:30.835Z] [unzip] Entry: server/assets/multipart-parser-n20ATYm_.mjs (compressed_size=2625 bytes, uncompressed_size=10428 bytes)
[debug] [2024-07-19T11:09:30.835Z] [unzip] Processing entry: server\assets\multipart-parser-n20ATYm_.mjs
[debug] [2024-07-19T11:09:30.835Z] [unzip] else mkdir: C:\Users\wwwsh\.cache\firebase\emulators\ui-v1.12.1\server\assets
[debug] [2024-07-19T11:09:30.836Z] [unzip] deflating: C:\Users\wwwsh\.cache\firebase\emulators\ui-v1.12.1\server\assets\multipart-parser-n20ATYm_.mjs
[debug] [2024-07-19T11:09:30.837Z] [unzip] Entry: server/server.mjs (compressed_size=311497 bytes, uncompressed_size=1147307 bytes)
[debug] [2024-07-19T11:09:30.837Z] [unzip] Processing entry: server\server.mjs
[debug] [2024-07-19T11:09:30.837Z] [unzip] else mkdir: C:\Users\wwwsh\.cache\firebase\emulators\ui-v1.12.1\server
[debug] [2024-07-19T11:09:30.837Z] [unzip] deflating: C:\Users\wwwsh\.cache\firebase\emulators\ui-v1.12.1\server\server.mjs
[debug] [2024-07-19T11:09:30.846Z] Ignoring unsupported arg: auto_download {"metadata":{"emulator":{"name":"ui"},"message":"Ignoring unsupported arg: auto_download"}}
[debug] [2024-07-19T11:09:30.847Z] Ignoring unsupported arg: port {"metadata":{"emulator":{"name":"ui"},"message":"Ignoring unsupported arg: port"}}
[debug] [2024-07-19T11:09:30.847Z] Starting Emulator UI with command {"binary":"node","args":["C:\\Users\\wwwsh\\.cache\\firebase\\emulators\\ui-v1.12.1\\server\\server.mjs"],"optionalArgs":[],"joinArgs":false,"shell":false} {"metadata":{"emulator":{"name":"ui"},"message":"Starting Emulator UI with command {\"binary\":\"node\",\"args\":[\"C:\\\\Users\\\\wwwsh\\\\.cache\\\\firebase\\\\emulators\\\\ui-v1.12.1\\\\server\\\\server.mjs\"],\"optionalArgs\":[],\"joinArgs\":false,\"shell\":false}"}}
[info] i  ui: Emulator UI logging to ui-debug.log {"metadata":{"emulator":{"name":"ui"},"message":"Emulator UI logging to \u001b[1mui-debug.log\u001b[22m"}}
[debug] [2024-07-19T11:09:31.038Z] Web / API server started at 127.0.0.1:4000
 {"metadata":{"emulator":{"name":"ui"},"message":"Web / API server started at 127.0.0.1:4000\n"}}
[debug] [2024-07-19T11:09:31.038Z] Web / API server started at ::1:4000
 {"metadata":{"emulator":{"name":"ui"},"message":"Web / API server started at ::1:4000\n"}}
[info] i  functions: Watching "D:\MyDownloads\React\demo24\functions" for Cloud Functions... {"metadata":{"emulator":{"name":"functions"},"message":"Watching \"D:\\MyDownloads\\React\\demo24\\functions\" for Cloud Functions..."}}
[debug] [2024-07-19T11:09:31.093Z] Validating nodejs source
[debug] [2024-07-19T11:09:32.704Z] > [functions] package.json contents: {
  "name": "functions",
  "description": "Cloud Functions for Firebase",
  "scripts": {
    "lint": "eslint .",
    "serve": "firebase emulators:start --only functions",
    "shell": "firebase functions:shell",
    "start": "npm run shell",
    "deploy": "firebase deploy --only functions",
    "logs": "firebase functions:log"
  },
  "engines": {
    "node": "18"
  },
  "main": "index.js",
  "dependencies": {
    "cors": "^2.8.5",
    "express": "^4.19.2",
    "firebase-admin": "^12.1.0",
    "firebase-functions": "^5.0.0",
    "stripe": "^16.2.0"
  },
  "devDependencies": {
    "eslint": "^8.15.0",
    "eslint-config-google": "^0.14.0",
    "firebase-functions-test": "^3.1.0"
  },
  "private": true
}
[debug] [2024-07-19T11:09:32.705Z] Building nodejs source
[debug] [2024-07-19T11:09:32.705Z] Failed to find version of module node: reached end of search path D:\MyDownloads\React\demo24\functions\node_modules
[warn] !  functions: Your requested "node" version "18" doesn't match your global version "20". Using node@20 from host. 
[debug] [2024-07-19T11:09:32.708Z] Could not find functions.yaml. Must use http discovery
[debug] [2024-07-19T11:09:32.718Z] Found firebase-functions binary at 'D:\MyDownloads\React\demo24\functions\node_modules\.bin\firebase-functions'
[info] Serving at port 8548

[debug] [2024-07-19T11:09:39.171Z] Got response from /__/functions.yaml {"endpoints":{"api":{"platform":"gcfv1","availableMemoryMb":null,"timeoutSeconds":null,"minInstances":null,"maxInstances":null,"ingressSettings":null,"serviceAccountEmail":null,"vpc":null,"httpsTrigger":{},"entryPoint":"api"}},"specVersion":"v1alpha1","requiredAPIs":[]}
[info] +  functions: Loaded functions definitions from source: api. {"metadata":{"emulator":{"name":"functions"},"message":"Loaded functions definitions from source: api."}}
[info] +  functions[us-central1-api]: http function initialized (http://127.0.0.1:5001/challenge-db720/us-central1/api). {"metadata":{"emulator":{"name":"functions"},"message":"\u001b[1mhttp\u001b[22m function initialized (http://127.0.0.1:5001/challenge-db720/us-central1/api)."}}
[info] 
┌─────────────────────────────────────────────────────────────┐
│ ✔  All emulators ready! It is now safe to connect your app. │
│ i  View Emulator UI at http://127.0.0.1:4000/               │
└─────────────────────────────────────────────────────────────┘

┌───────────┬────────────────┬─────────────────────────────────┐
│ Emulator  │ Host:Port      │ View in Emulator UI             │
├───────────┼────────────────┼─────────────────────────────────┤
│ Functions │ 127.0.0.1:5001 │ http://127.0.0.1:4000/functions │
├───────────┼────────────────┼─────────────────────────────────┤
│ Hosting   │ 127.0.0.1:5000 │ n/a                             │
└───────────┴────────────────┴─────────────────────────────────┘
  Emulator Hub running at 127.0.0.1:4400
  Other reserved ports: 4500

Issues? Report them at https://github.com/firebase/firebase-tools/issues and attach the *-debug.log files.
 
[debug] [2024-07-19T11:11:53.916Z] File D:\MyDownloads\React\demo24\functions\index.js changed, reloading triggers {"metadata":{"emulator":{"name":"functions"},"message":"File D:\\MyDownloads\\React\\demo24\\functions\\index.js changed, reloading triggers"}}
[debug] [2024-07-19T11:11:54.924Z] Validating nodejs source
[debug] [2024-07-19T11:11:57.283Z] > [functions] package.json contents: {
  "name": "functions",
  "description": "Cloud Functions for Firebase",
  "scripts": {
    "lint": "eslint .",
    "serve": "firebase emulators:start --only functions",
    "shell": "firebase functions:shell",
    "start": "npm run shell",
    "deploy": "firebase deploy --only functions",
    "logs": "firebase functions:log"
  },
  "engines": {
    "node": "18"
  },
  "main": "index.js",
  "dependencies": {
    "cors": "^2.8.5",
    "express": "^4.19.2",
    "firebase-admin": "^12.1.0",
    "firebase-functions": "^5.0.0",
    "stripe": "^16.2.0"
  },
  "devDependencies": {
    "eslint": "^8.15.0",
    "eslint-config-google": "^0.14.0",
    "firebase-functions-test": "^3.1.0"
  },
  "private": true
}
[debug] [2024-07-19T11:11:57.284Z] Building nodejs source
[debug] [2024-07-19T11:11:57.284Z] Failed to find version of module node: reached end of search path D:\MyDownloads\React\demo24\functions\node_modules
[warn] !  functions: Your requested "node" version "18" doesn't match your global version "20". Using node@20 from host. 
[debug] [2024-07-19T11:11:57.286Z] Could not find functions.yaml. Must use http discovery
[debug] [2024-07-19T11:11:57.296Z] Found firebase-functions binary at 'D:\MyDownloads\React\demo24\functions\node_modules\.bin\firebase-functions'
[info] Serving at port 8253

[debug] [2024-07-19T11:11:58.239Z] Got response from /__/functions.yaml {"endpoints":{"api":{"platform":"gcfv1","availableMemoryMb":null,"timeoutSeconds":null,"minInstances":null,"maxInstances":null,"ingressSettings":null,"serviceAccountEmail":null,"vpc":null,"httpsTrigger":{},"entryPoint":"api"}},"specVersion":"v1alpha1","requiredAPIs":[]}
[debug] [2024-07-19T11:12:02.684Z] File D:\MyDownloads\React\demo24\functions\index.js changed, reloading triggers {"metadata":{"emulator":{"name":"functions"},"message":"File D:\\MyDownloads\\React\\demo24\\functions\\index.js changed, reloading triggers"}}
[info] +  functions: Loaded functions definitions from source: api. {"metadata":{"emulator":{"name":"functions"},"message":"Loaded functions definitions from source: api."}}
[debug] [2024-07-19T11:12:03.685Z] Validating nodejs source
[debug] [2024-07-19T11:12:05.601Z] > [functions] package.json contents: {
  "name": "functions",
  "description": "Cloud Functions for Firebase",
  "scripts": {
    "lint": "eslint .",
    "serve": "firebase emulators:start --only functions",
    "shell": "firebase functions:shell",
    "start": "npm run shell",
    "deploy": "firebase deploy --only functions",
    "logs": "firebase functions:log"
  },
  "engines": {
    "node": "18"
  },
  "main": "index.js",
  "dependencies": {
    "cors": "^2.8.5",
    "express": "^4.19.2",
    "firebase-admin": "^12.1.0",
    "firebase-functions": "^5.0.0",
    "stripe": "^16.2.0"
  },
  "devDependencies": {
    "eslint": "^8.15.0",
    "eslint-config-google": "^0.14.0",
    "firebase-functions-test": "^3.1.0"
  },
  "private": true
}
[debug] [2024-07-19T11:12:05.601Z] Building nodejs source
[debug] [2024-07-19T11:12:05.602Z] Failed to find version of module node: reached end of search path D:\MyDownloads\React\demo24\functions\node_modules
[warn] !  functions: Your requested "node" version "18" doesn't match your global version "20". Using node@20 from host. 
[debug] [2024-07-19T11:12:05.603Z] Could not find functions.yaml. Must use http discovery
[debug] [2024-07-19T11:12:05.610Z] Found firebase-functions binary at 'D:\MyDownloads\React\demo24\functions\node_modules\.bin\firebase-functions'
[info] Serving at port 8457

[debug] [2024-07-19T11:12:06.487Z] Got response from /__/functions.yaml {"endpoints":{"api":{"platform":"gcfv1","availableMemoryMb":null,"timeoutSeconds":null,"minInstances":null,"maxInstances":null,"ingressSettings":null,"serviceAccountEmail":null,"vpc":null,"httpsTrigger":{},"entryPoint":"api"}},"specVersion":"v1alpha1","requiredAPIs":[]}
[info] +  functions: Loaded functions definitions from source: api. {"metadata":{"emulator":{"name":"functions"},"message":"Loaded functions definitions from source: api."}}
[debug] [2024-07-19T11:15:17.292Z] File D:\MyDownloads\React\demo24\functions\index.js changed, reloading triggers {"metadata":{"emulator":{"name":"functions"},"message":"File D:\\MyDownloads\\React\\demo24\\functions\\index.js changed, reloading triggers"}}
[debug] [2024-07-19T11:15:18.302Z] Validating nodejs source
[debug] [2024-07-19T11:15:20.131Z] > [functions] package.json contents: {
  "name": "functions",
  "description": "Cloud Functions for Firebase",
  "scripts": {
    "lint": "eslint .",
    "serve": "firebase emulators:start --only functions",
    "shell": "firebase functions:shell",
    "start": "npm run shell",
    "deploy": "firebase deploy --only functions",
    "logs": "firebase functions:log"
  },
  "engines": {
    "node": "18"
  },
  "main": "index.js",
  "dependencies": {
    "cors": "^2.8.5",
    "express": "^4.19.2",
    "firebase-admin": "^12.1.0",
    "firebase-functions": "^5.0.0",
    "stripe": "^16.2.0"
  },
  "devDependencies": {
    "eslint": "^8.15.0",
    "eslint-config-google": "^0.14.0",
    "firebase-functions-test": "^3.1.0"
  },
  "private": true
}
[debug] [2024-07-19T11:15:20.131Z] Building nodejs source
[debug] [2024-07-19T11:15:20.131Z] Failed to find version of module node: reached end of search path D:\MyDownloads\React\demo24\functions\node_modules
[warn] !  functions: Your requested "node" version "18" doesn't match your global version "20". Using node@20 from host. 
[debug] [2024-07-19T11:15:20.133Z] Could not find functions.yaml. Must use http discovery
[debug] [2024-07-19T11:15:20.139Z] Found firebase-functions binary at 'D:\MyDownloads\React\demo24\functions\node_modules\.bin\firebase-functions'
[info] Serving at port 8837

[debug] [2024-07-19T11:15:20.851Z] Got response from /__/functions.yaml {"endpoints":{"api":{"platform":"gcfv1","availableMemoryMb":null,"timeoutSeconds":null,"minInstances":null,"maxInstances":null,"ingressSettings":null,"serviceAccountEmail":null,"vpc":null,"httpsTrigger":{},"entryPoint":"api"}},"specVersion":"v1alpha1","requiredAPIs":[]}
[info] +  functions: Loaded functions definitions from source: api. {"metadata":{"emulator":{"name":"functions"},"message":"Loaded functions definitions from source: api."}}
[debug] [2024-07-19T11:18:52.720Z] File D:\MyDownloads\React\demo24\functions\index.js changed, reloading triggers {"metadata":{"emulator":{"name":"functions"},"message":"File D:\\MyDownloads\\React\\demo24\\functions\\index.js changed, reloading triggers"}}
[debug] [2024-07-19T11:18:53.721Z] Validating nodejs source
[debug] [2024-07-19T11:18:55.524Z] > [functions] package.json contents: {
  "name": "functions",
  "description": "Cloud Functions for Firebase",
  "scripts": {
    "lint": "eslint .",
    "serve": "firebase emulators:start --only functions",
    "shell": "firebase functions:shell",
    "start": "npm run shell",
    "deploy": "firebase deploy --only functions",
    "logs": "firebase functions:log"
  },
  "engines": {
    "node": "18"
  },
  "main": "index.js",
  "dependencies": {
    "cors": "^2.8.5",
    "express": "^4.19.2",
    "firebase-admin": "^12.1.0",
    "firebase-functions": "^5.0.0",
    "stripe": "^16.2.0"
  },
  "devDependencies": {
    "eslint": "^8.15.0",
    "eslint-config-google": "^0.14.0",
    "firebase-functions-test": "^3.1.0"
  },
  "private": true
}
[debug] [2024-07-19T11:18:55.525Z] Building nodejs source
[debug] [2024-07-19T11:18:55.525Z] Failed to find version of module node: reached end of search path D:\MyDownloads\React\demo24\functions\node_modules
[warn] !  functions: Your requested "node" version "18" doesn't match your global version "20". Using node@20 from host. 
[debug] [2024-07-19T11:18:55.526Z] Could not find functions.yaml. Must use http discovery
[debug] [2024-07-19T11:18:55.534Z] Found firebase-functions binary at 'D:\MyDownloads\React\demo24\functions\node_modules\.bin\firebase-functions'
[info] Serving at port 8990

[debug] [2024-07-19T11:18:56.363Z] Got response from /__/functions.yaml {"endpoints":{"api":{"platform":"gcfv1","availableMemoryMb":null,"timeoutSeconds":null,"minInstances":null,"maxInstances":null,"ingressSettings":null,"serviceAccountEmail":null,"vpc":null,"httpsTrigger":{},"entryPoint":"api"}},"specVersion":"v1alpha1","requiredAPIs":[]}
[info] +  functions: Loaded functions definitions from source: api. {"metadata":{"emulator":{"name":"functions"},"message":"Loaded functions definitions from source: api."}}
[debug] [2024-07-19T11:21:50.465Z] File D:\MyDownloads\React\demo24\functions\package.json changed, reloading triggers {"metadata":{"emulator":{"name":"functions"},"message":"File D:\\MyDownloads\\React\\demo24\\functions\\package.json changed, reloading triggers"}}
[debug] [2024-07-19T11:21:51.466Z] Validating nodejs source
[debug] [2024-07-19T11:21:53.278Z] > [functions] package.json contents: {
  "name": "functions",
  "description": "Cloud Functions for Firebase",
  "scripts": {
    "lint": "eslint .",
    "serve": "firebase emulators:start --only functions",
    "shell": "firebase functions:shell",
    "start": "npm run shell",
    "deploy": "firebase deploy --only functions",
    "logs": "firebase functions:log"
  },
  "engines": {
    "node": "20"
  },
  "main": "index.js",
  "dependencies": {
    "cors": "^2.8.5",
    "express": "^4.19.2",
    "firebase-admin": "^12.1.0",
    "firebase-functions": "^5.0.0",
    "stripe": "^16.2.0"
  },
  "devDependencies": {
    "eslint": "^8.15.0",
    "eslint-config-google": "^0.14.0",
    "firebase-functions-test": "^3.1.0"
  },
  "private": true
}
[debug] [2024-07-19T11:21:53.278Z] Building nodejs source
[debug] [2024-07-19T11:21:53.278Z] Failed to find version of module node: reached end of search path D:\MyDownloads\React\demo24\functions\node_modules
[warn] !  functions: Your requested "node" version "18" doesn't match your global version "20". Using node@20 from host. 
[debug] [2024-07-19T11:21:53.281Z] Could not find functions.yaml. Must use http discovery
[debug] [2024-07-19T11:21:53.290Z] Found firebase-functions binary at 'D:\MyDownloads\React\demo24\functions\node_modules\.bin\firebase-functions'
[info] Serving at port 8685

[debug] [2024-07-19T11:21:54.089Z] Got response from /__/functions.yaml {"endpoints":{"api":{"platform":"gcfv1","availableMemoryMb":null,"timeoutSeconds":null,"minInstances":null,"maxInstances":null,"ingressSettings":null,"serviceAccountEmail":null,"vpc":null,"httpsTrigger":{},"entryPoint":"api"}},"specVersion":"v1alpha1","requiredAPIs":[]}
[info] +  functions: Loaded functions definitions from source: api. {"metadata":{"emulator":{"name":"functions"},"message":"Loaded functions definitions from source: api."}}
[debug] [2024-07-19T11:26:03.079Z] File D:\MyDownloads\React\demo24\functions\index.js changed, reloading triggers {"metadata":{"emulator":{"name":"functions"},"message":"File D:\\MyDownloads\\React\\demo24\\functions\\index.js changed, reloading triggers"}}
[debug] [2024-07-19T11:26:04.087Z] Validating nodejs source
[debug] [2024-07-19T11:26:05.785Z] > [functions] package.json contents: {
  "name": "functions",
  "description": "Cloud Functions for Firebase",
  "scripts": {
    "lint": "eslint .",
    "serve": "firebase emulators:start --only functions",
    "shell": "firebase functions:shell",
    "start": "npm run shell",
    "deploy": "firebase deploy --only functions",
    "logs": "firebase functions:log"
  },
  "engines": {
    "node": "20"
  },
  "main": "index.js",
  "dependencies": {
    "cors": "^2.8.5",
    "express": "^4.19.2",
    "firebase-admin": "^12.1.0",
    "firebase-functions": "^5.0.0",
    "stripe": "^16.2.0"
  },
  "devDependencies": {
    "eslint": "^8.15.0",
    "eslint-config-google": "^0.14.0",
    "firebase-functions-test": "^3.1.0"
  },
  "private": true
}
[debug] [2024-07-19T11:26:05.786Z] Building nodejs source
[debug] [2024-07-19T11:26:05.786Z] Failed to find version of module node: reached end of search path D:\MyDownloads\React\demo24\functions\node_modules
[warn] !  functions: Your requested "node" version "18" doesn't match your global version "20". Using node@20 from host. 
[debug] [2024-07-19T11:26:05.787Z] Could not find functions.yaml. Must use http discovery
[debug] [2024-07-19T11:26:05.794Z] Found firebase-functions binary at 'D:\MyDownloads\React\demo24\functions\node_modules\.bin\firebase-functions'
[info] Serving at port 8141

[error] D:\MyDownloads\React\demo24\functions\index.js:20
app.post("/payments/create", async (express.request, express.response) => {
                                                     ^^^^^^^^^^^^^^^^

SyntaxError: Invalid destructuring assignment target
    at wrapSafe (node:internal/modules/cjs/loader:1281:20)
    at Module._compile (node:internal/modules/cjs/loader:1321:27)
    at Module._extensions..js (node:internal/modules/cjs/loader:1416:10)
    at Module.load (node:internal/modules/cjs/loader:1208:32)
    at Module._load (node:internal/modules/cjs/loader:1024:12)
    at Module.require (node:internal/modules/cjs/loader:1233:19)
    at require (node:internal/modules/helpers:179:18)
    at loadModule (D:\MyDownloads\React\demo24\functions\node_modules\firebase-functions\lib\runtime\loader.js:40:16)
    at loadStack (D:\MyDownloads\React\demo24\functions\node_modules\firebase-functions\lib\runtime\loader.js:93:23)
    at D:\MyDownloads\React\demo24\functions\node_modules\firebase-functions\lib\bin\firebase-functions.js:56:56

[debug] [2024-07-19T11:26:06.113Z] Got response code 400; body Failed to generate manifest from function source: SyntaxError: Invalid destructuring assignment target
[error] !!  functions: Failed to load function definition from source: FirebaseError: Functions codebase could not be analyzed successfully. It may have a syntax or runtime error {"metadata":{"emulator":{"name":"functions"},"message":"Failed to load function definition from source: FirebaseError: Functions codebase could not be analyzed successfully. It may have a syntax or runtime error"}}
[debug] [2024-07-19T11:26:16.051Z] File D:\MyDownloads\React\demo24\functions\index.js changed, reloading triggers {"metadata":{"emulator":{"name":"functions"},"message":"File D:\\MyDownloads\\React\\demo24\\functions\\index.js changed, reloading triggers"}}
[debug] [2024-07-19T11:26:17.064Z] Validating nodejs source
[debug] [2024-07-19T11:26:18.821Z] > [functions] package.json contents: {
  "name": "functions",
  "description": "Cloud Functions for Firebase",
  "scripts": {
    "lint": "eslint .",
    "serve": "firebase emulators:start --only functions",
    "shell": "firebase functions:shell",
    "start": "npm run shell",
    "deploy": "firebase deploy --only functions",
    "logs": "firebase functions:log"
  },
  "engines": {
    "node": "20"
  },
  "main": "index.js",
  "dependencies": {
    "cors": "^2.8.5",
    "express": "^4.19.2",
    "firebase-admin": "^12.1.0",
    "firebase-functions": "^5.0.0",
    "stripe": "^16.2.0"
  },
  "devDependencies": {
    "eslint": "^8.15.0",
    "eslint-config-google": "^0.14.0",
    "firebase-functions-test": "^3.1.0"
  },
  "private": true
}
[debug] [2024-07-19T11:26:18.821Z] Building nodejs source
[debug] [2024-07-19T11:26:18.821Z] Failed to find version of module node: reached end of search path D:\MyDownloads\React\demo24\functions\node_modules
[warn] !  functions: Your requested "node" version "18" doesn't match your global version "20". Using node@20 from host. 
[debug] [2024-07-19T11:26:18.823Z] Could not find functions.yaml. Must use http discovery
[debug] [2024-07-19T11:26:18.831Z] Found firebase-functions binary at 'D:\MyDownloads\React\demo24\functions\node_modules\.bin\firebase-functions'
[info] Serving at port 8093

[error] D:\MyDownloads\React\demo24\functions\index.js:20
app.post("/payments/create", async (request, express.response) => {
                                             ^^^^^^^^^^^^^^^^

SyntaxError: Invalid destructuring assignment target
    at wrapSafe (node:internal/modules/cjs/loader:1281:20)
    at Module._compile (node:internal/modules/cjs/loader:1321:27)
    at Module._extensions..js (node:internal/modules/cjs/loader:1416:10)
    at Module.load (node:internal/modules/cjs/loader:1208:32)
    at Module._load (node:internal/modules/cjs/loader:1024:12)
    at Module.require (node:internal/modules/cjs/loader:1233:19)
    at require (node:internal/modules/helpers:179:18)
    at loadModule (D:\MyDownloads\React\demo24\functions\node_modules\firebase-functions\lib\runtime\loader.js:40:16)
    at loadStack (D:\MyDownloads\React\demo24\functions\node_modules\firebase-functions\lib\runtime\loader.js:93:23)
    at D:\MyDownloads\React\demo24\functions\node_modules\firebase-functions\lib\bin\firebase-functions.js:56:56

[debug] [2024-07-19T11:26:19.187Z] Got response code 400; body Failed to generate manifest from function source: SyntaxError: Invalid destructuring assignment target
[error] !!  functions: Failed to load function definition from source: FirebaseError: Functions codebase could not be analyzed successfully. It may have a syntax or runtime error {"metadata":{"emulator":{"name":"functions"},"message":"Failed to load function definition from source: FirebaseError: Functions codebase could not be analyzed successfully. It may have a syntax or runtime error"}}
[debug] [2024-07-19T11:27:36.568Z] File D:\MyDownloads\React\demo24\functions\index.js changed, reloading triggers {"metadata":{"emulator":{"name":"functions"},"message":"File D:\\MyDownloads\\React\\demo24\\functions\\index.js changed, reloading triggers"}}
[debug] [2024-07-19T11:27:37.578Z] Validating nodejs source
[debug] [2024-07-19T11:27:39.595Z] > [functions] package.json contents: {
  "name": "functions",
  "description": "Cloud Functions for Firebase",
  "scripts": {
    "lint": "eslint .",
    "serve": "firebase emulators:start --only functions",
    "shell": "firebase functions:shell",
    "start": "npm run shell",
    "deploy": "firebase deploy --only functions",
    "logs": "firebase functions:log"
  },
  "engines": {
    "node": "20"
  },
  "main": "index.js",
  "dependencies": {
    "cors": "^2.8.5",
    "express": "^4.19.2",
    "firebase-admin": "^12.1.0",
    "firebase-functions": "^5.0.0",
    "stripe": "^16.2.0"
  },
  "devDependencies": {
    "eslint": "^8.15.0",
    "eslint-config-google": "^0.14.0",
    "firebase-functions-test": "^3.1.0"
  },
  "private": true
}
[debug] [2024-07-19T11:27:39.595Z] Building nodejs source
[debug] [2024-07-19T11:27:39.595Z] Failed to find version of module node: reached end of search path D:\MyDownloads\React\demo24\functions\node_modules
[warn] !  functions: Your requested "node" version "18" doesn't match your global version "20". Using node@20 from host. 
[debug] [2024-07-19T11:27:39.597Z] Could not find functions.yaml. Must use http discovery
[debug] [2024-07-19T11:27:39.601Z] Found firebase-functions binary at 'D:\MyDownloads\React\demo24\functions\node_modules\.bin\firebase-functions'
[info] Serving at port 8122

[error] D:\MyDownloads\React\demo24\functions\index.js:20
app.post("/payments/create", async (request, express.response) => {
                                             ^^^^^^^^^^^^^^^^

SyntaxError: Invalid destructuring assignment target
    at wrapSafe (node:internal/modules/cjs/loader:1281:20)
    at Module._compile (node:internal/modules/cjs/loader:1321:27)
    at Module._extensions..js (node:internal/modules/cjs/loader:1416:10)
    at Module.load (node:internal/modules/cjs/loader:1208:32)
    at Module._load (node:internal/modules/cjs/loader:1024:12)
    at Module.require (node:internal/modules/cjs/loader:1233:19)
    at require (node:internal/modules/helpers:179:18)
    at loadModule (D:\MyDownloads\React\demo24\functions\node_modules\firebase-functions\lib\runtime\loader.js:40:16)
    at loadStack (D:\MyDownloads\React\demo24\functions\node_modules\firebase-functions\lib\runtime\loader.js:93:23)
    at D:\MyDownloads\React\demo24\functions\node_modules\firebase-functions\lib\bin\firebase-functions.js:56:56

[debug] [2024-07-19T11:27:39.992Z] Got response code 400; body Failed to generate manifest from function source: SyntaxError: Invalid destructuring assignment target
[error] !!  functions: Failed to load function definition from source: FirebaseError: Functions codebase could not be analyzed successfully. It may have a syntax or runtime error {"metadata":{"emulator":{"name":"functions"},"message":"Failed to load function definition from source: FirebaseError: Functions codebase could not be analyzed successfully. It may have a syntax or runtime error"}}
[debug] [2024-07-19T11:29:49.380Z] File D:\MyDownloads\React\demo24\functions\index.js changed, reloading triggers {"metadata":{"emulator":{"name":"functions"},"message":"File D:\\MyDownloads\\React\\demo24\\functions\\index.js changed, reloading triggers"}}
[debug] [2024-07-19T11:29:50.391Z] Validating nodejs source
[debug] [2024-07-19T11:29:52.179Z] > [functions] package.json contents: {
  "name": "functions",
  "description": "Cloud Functions for Firebase",
  "scripts": {
    "lint": "eslint .",
    "serve": "firebase emulators:start --only functions",
    "shell": "firebase functions:shell",
    "start": "npm run shell",
    "deploy": "firebase deploy --only functions",
    "logs": "firebase functions:log"
  },
  "engines": {
    "node": "20"
  },
  "main": "index.js",
  "dependencies": {
    "cors": "^2.8.5",
    "express": "^4.19.2",
    "firebase-admin": "^12.1.0",
    "firebase-functions": "^5.0.0",
    "stripe": "^16.2.0"
  },
  "devDependencies": {
    "eslint": "^8.15.0",
    "eslint-config-google": "^0.14.0",
    "firebase-functions-test": "^3.1.0"
  },
  "private": true
}
[debug] [2024-07-19T11:29:52.179Z] Building nodejs source
[debug] [2024-07-19T11:29:52.179Z] Failed to find version of module node: reached end of search path D:\MyDownloads\React\demo24\functions\node_modules
[warn] !  functions: Your requested "node" version "18" doesn't match your global version "20". Using node@20 from host. 
[debug] [2024-07-19T11:29:52.181Z] Could not find functions.yaml. Must use http discovery
[debug] [2024-07-19T11:29:52.185Z] Found firebase-functions binary at 'D:\MyDownloads\React\demo24\functions\node_modules\.bin\firebase-functions'
[info] Serving at port 8879

[error] D:\MyDownloads\React\demo24\functions\index.js:20
app.post("/payments/create", async (request, express.response) => {
                                             ^^^^^^^^^^^^^^^^

SyntaxError: Invalid destructuring assignment target
    at wrapSafe (node:internal/modules/cjs/loader:1281:20)
    at Module._compile (node:internal/modules/cjs/loader:1321:27)
    at Module._extensions..js (node:internal/modules/cjs/loader:1416:10)
    at Module.load (node:internal/modules/cjs/loader:1208:32)
    at Module._load (node:internal/modules/cjs/loader:1024:12)
    at Module.require (node:internal/modules/cjs/loader:1233:19)
    at require (node:internal/modules/helpers:179:18)
    at loadModule (D:\MyDownloads\React\demo24\functions\node_modules\firebase-functions\lib\runtime\loader.js:40:16)
    at loadStack (D:\MyDownloads\React\demo24\functions\node_modules\firebase-functions\lib\runtime\loader.js:93:23)
    at D:\MyDownloads\React\demo24\functions\node_modules\firebase-functions\lib\bin\firebase-functions.js:56:56

[debug] [2024-07-19T11:29:52.550Z] Got response code 400; body Failed to generate manifest from function source: SyntaxError: Invalid destructuring assignment target
[error] !!  functions: Failed to load function definition from source: FirebaseError: Functions codebase could not be analyzed successfully. It may have a syntax or runtime error {"metadata":{"emulator":{"name":"functions"},"message":"Failed to load function definition from source: FirebaseError: Functions codebase could not be analyzed successfully. It may have a syntax or runtime error"}}
[debug] [2024-07-19T11:31:07.274Z] [work-queue] {"queuedWork":["/challenge-db720/us-central1/api/payments/create-2024-07-19T11:31:07.274Z"],"queueLength":1,"runningWork":[],"workRunningCount":0}
[debug] [2024-07-19T11:31:07.275Z] [work-queue] {"queuedWork":[],"queueLength":0,"runningWork":["/challenge-db720/us-central1/api/payments/create-2024-07-19T11:31:07.274Z"],"workRunningCount":1}
[debug] [2024-07-19T11:31:07.275Z] Accepted request POST /challenge-db720/us-central1/api/payments/create?total=26899 --> us-central1-api
[debug] [2024-07-19T11:31:07.276Z] [functions] Runtime ready! Sending request! {"metadata":{"emulator":{"name":"functions"},"message":"[functions] Runtime ready! Sending request!"}}
[debug] [2024-07-19T11:31:07.277Z] [functions] Got req.url=/challenge-db720/us-central1/api/payments/create?total=26899, mapping to path=/payments/create?total=26899 {"metadata":{"emulator":{"name":"functions"},"message":"[functions] Got req.url=/challenge-db720/us-central1/api/payments/create?total=26899, mapping to path=/payments/create?total=26899"}}
[debug] [2024-07-19T11:31:07.318Z] [worker-pool] addWorker(us-central1-api) {"metadata":{"emulator":{"name":"functions"},"message":"[worker-pool] addWorker(us-central1-api)"}}
[debug] [2024-07-19T11:31:07.319Z] [worker-pool] Adding worker with key us-central1-api, total=1 {"metadata":{"emulator":{"name":"functions"},"message":"[worker-pool] Adding worker with key us-central1-api, total=1"}}
[debug] [2024-07-19T11:31:09.045Z] [runtime-status] [6776] Resolved module firebase-admin {"declared":true,"installed":true,"version":"12.2.0","resolution":"D:\\MyDownloads\\React\\demo24\\functions\\node_modules\\firebase-admin\\lib\\index.js"} {"metadata":{"emulator":{"name":"functions"},"function":{"name":"us-central1-api"},"extension":{},"message":"[runtime-status] [6776] Resolved module firebase-admin {\"declared\":true,\"installed\":true,\"version\":\"12.2.0\",\"resolution\":\"D:\\\\MyDownloads\\\\React\\\\demo24\\\\functions\\\\node_modules\\\\firebase-admin\\\\lib\\\\index.js\"}"}}
[debug] [2024-07-19T11:31:09.048Z] [runtime-status] [6776] Resolved module firebase-functions {"declared":true,"installed":true,"version":"5.0.1","resolution":"D:\\MyDownloads\\React\\demo24\\functions\\node_modules\\firebase-functions\\lib\\v1\\index.js"} {"metadata":{"emulator":{"name":"functions"},"function":{"name":"us-central1-api"},"extension":{},"message":"[runtime-status] [6776] Resolved module firebase-functions {\"declared\":true,\"installed\":true,\"version\":\"5.0.1\",\"resolution\":\"D:\\\\MyDownloads\\\\React\\\\demo24\\\\functions\\\\node_modules\\\\firebase-functions\\\\lib\\\\v1\\\\index.js\"}"}}
[debug] [2024-07-19T11:31:09.049Z] [runtime-status] [6776] Outgoing network have been stubbed. [{"name":"http","status":"mocked"},{"name":"http","status":"mocked"},{"name":"https","status":"mocked"},{"name":"https","status":"mocked"},{"name":"net","status":"mocked"}] {"metadata":{"emulator":{"name":"functions"},"function":{"name":"us-central1-api"},"extension":{},"message":"[runtime-status] [6776] Outgoing network have been stubbed. [{\"name\":\"http\",\"status\":\"mocked\"},{\"name\":\"http\",\"status\":\"mocked\"},{\"name\":\"https\",\"status\":\"mocked\"},{\"name\":\"https\",\"status\":\"mocked\"},{\"name\":\"net\",\"status\":\"mocked\"}]"}}
[debug] [2024-07-19T11:31:09.051Z] [runtime-status] [6776] Resolved module firebase-functions {"declared":true,"installed":true,"version":"5.0.1","resolution":"D:\\MyDownloads\\React\\demo24\\functions\\node_modules\\firebase-functions\\lib\\v1\\index.js"} {"metadata":{"emulator":{"name":"functions"},"function":{"name":"us-central1-api"},"extension":{},"message":"[runtime-status] [6776] Resolved module firebase-functions {\"declared\":true,\"installed\":true,\"version\":\"5.0.1\",\"resolution\":\"D:\\\\MyDownloads\\\\React\\\\demo24\\\\functions\\\\node_modules\\\\firebase-functions\\\\lib\\\\v1\\\\index.js\"}"}}
[debug] [2024-07-19T11:31:09.388Z] [runtime-status] [6776] Checked functions.config() {"config":{}} {"metadata":{"emulator":{"name":"functions"},"function":{"name":"us-central1-api"},"extension":{},"message":"[runtime-status] [6776] Checked functions.config() {\"config\":{}}"}}
[debug] [2024-07-19T11:31:09.388Z] [runtime-status] [6776] firebase-functions has been stubbed. {"functionsResolution":{"declared":true,"installed":true,"version":"5.0.1","resolution":"D:\\MyDownloads\\React\\demo24\\functions\\node_modules\\firebase-functions\\lib\\v1\\index.js"}} {"metadata":{"emulator":{"name":"functions"},"function":{"name":"us-central1-api"},"extension":{},"message":"[runtime-status] [6776] firebase-functions has been stubbed. {\"functionsResolution\":{\"declared\":true,\"installed\":true,\"version\":\"5.0.1\",\"resolution\":\"D:\\\\MyDownloads\\\\React\\\\demo24\\\\functions\\\\node_modules\\\\firebase-functions\\\\lib\\\\v1\\\\index.js\"}}"}}
[debug] [2024-07-19T11:31:09.389Z] [runtime-status] [6776] Resolved module firebase-functions {"declared":true,"installed":true,"version":"5.0.1","resolution":"D:\\MyDownloads\\React\\demo24\\functions\\node_modules\\firebase-functions\\lib\\v1\\index.js"} {"metadata":{"emulator":{"name":"functions"},"function":{"name":"us-central1-api"},"extension":{},"message":"[runtime-status] [6776] Resolved module firebase-functions {\"declared\":true,\"installed\":true,\"version\":\"5.0.1\",\"resolution\":\"D:\\\\MyDownloads\\\\React\\\\demo24\\\\functions\\\\node_modules\\\\firebase-functions\\\\lib\\\\v1\\\\index.js\"}"}}
[debug] [2024-07-19T11:31:09.390Z] [runtime-status] [6776] Resolved module firebase-admin {"declared":true,"installed":true,"version":"12.2.0","resolution":"D:\\MyDownloads\\React\\demo24\\functions\\node_modules\\firebase-admin\\lib\\index.js"} {"metadata":{"emulator":{"name":"functions"},"function":{"name":"us-central1-api"},"extension":{},"message":"[runtime-status] [6776] Resolved module firebase-admin {\"declared\":true,\"installed\":true,\"version\":\"12.2.0\",\"resolution\":\"D:\\\\MyDownloads\\\\React\\\\demo24\\\\functions\\\\node_modules\\\\firebase-admin\\\\lib\\\\index.js\"}"}}
[debug] [2024-07-19T11:31:09.418Z] [runtime-status] [6776] Resolved module firebase-functions {"declared":true,"installed":true,"version":"5.0.1","resolution":"D:\\MyDownloads\\React\\demo24\\functions\\node_modules\\firebase-functions\\lib\\v1\\index.js"} {"metadata":{"emulator":{"name":"functions"},"function":{"name":"us-central1-api"},"extension":{},"message":"[runtime-status] [6776] Resolved module firebase-functions {\"declared\":true,\"installed\":true,\"version\":\"5.0.1\",\"resolution\":\"D:\\\\MyDownloads\\\\React\\\\demo24\\\\functions\\\\node_modules\\\\firebase-functions\\\\lib\\\\v1\\\\index.js\"}"}}
[debug] [2024-07-19T11:31:09.419Z] [runtime-status] [6776] firebase-admin has been stubbed. {"adminResolution":{"declared":true,"installed":true,"version":"12.2.0","resolution":"D:\\MyDownloads\\React\\demo24\\functions\\node_modules\\firebase-admin\\lib\\index.js"}} {"metadata":{"emulator":{"name":"functions"},"function":{"name":"us-central1-api"},"extension":{},"message":"[runtime-status] [6776] firebase-admin has been stubbed. {\"adminResolution\":{\"declared\":true,\"installed\":true,\"version\":\"12.2.0\",\"resolution\":\"D:\\\\MyDownloads\\\\React\\\\demo24\\\\functions\\\\node_modules\\\\firebase-admin\\\\lib\\\\index.js\"}}"}}
[warn] !  D:\MyDownloads\React\demo24\functions\index.js:20
app.post("/payments/create", async (request, express.response) => {
                                             ^^^^^^^^^^^^^^^^

SyntaxError: Invalid destructuring assignment target
    at wrapSafe (node:internal/modules/cjs/loader:1281:20)
    at Module._compile (node:internal/modules/cjs/loader:1321:27)
    at Module._extensions..js (node:internal/modules/cjs/loader:1416:10)
    at Module.load (node:internal/modules/cjs/loader:1208:32)
    at Module._load (node:internal/modules/cjs/loader:1024:12)
    at Module.require (node:internal/modules/cjs/loader:1233:19)
    at require (node:internal/modules/helpers:179:18)
    at loadTriggers (C:\Users\wwwsh\AppData\Roaming\npm\node_modules\firebase-tools\lib\emulator\functionsEmulatorRuntime.js:584:25)
    at main (C:\Users\wwwsh\AppData\Roaming\npm\node_modules\firebase-tools\lib\emulator\functionsEmulatorRuntime.js:637:32)
    at process.processTicksAndRejections (node:internal/process/task_queues:95:5) {"metadata":{"emulator":{"name":"functions"},"function":{"name":"us-central1-api"},"extension":{},"message":"D:\\MyDownloads\\React\\demo24\\functions\\index.js:20\napp.post(\"/payments/create\", async (request, express.response) => {\n                                             ^^^^^^^^^^^^^^^^\n\nSyntaxError: Invalid destructuring assignment target\n    at wrapSafe (node:internal/modules/cjs/loader:1281:20)\n    at Module._compile (node:internal/modules/cjs/loader:1321:27)\n    at Module._extensions..js (node:internal/modules/cjs/loader:1416:10)\n    at Module.load (node:internal/modules/cjs/loader:1208:32)\n    at Module._load (node:internal/modules/cjs/loader:1024:12)\n    at Module.require (node:internal/modules/cjs/loader:1233:19)\n    at require (node:internal/modules/helpers:179:18)\n    at loadTriggers (C:\\Users\\wwwsh\\AppData\\Roaming\\npm\\node_modules\\firebase-tools\\lib\\emulator\\functionsEmulatorRuntime.js:584:25)\n    at main (C:\\Users\\wwwsh\\AppData\\Roaming\\npm\\node_modules\\firebase-tools\\lib\\emulator\\functionsEmulatorRuntime.js:637:32)\n    at process.processTicksAndRejections (node:internal/process/task_queues:95:5)"}}
[warn] !  We were unable to load your functions code. (see above) {"metadata":{"emulator":{"name":"functions"},"function":{"name":"us-central1-api"},"extension":{}}}
[warn] !  functions: Failed to initialize and load triggers. This shouldn't happen: Invalid destructuring assignment target {"metadata":{"emulator":{"name":"functions"},"function":{"name":"us-central1-api"},"extension":{},"message":"Failed to initialize and load triggers. This shouldn't happen: Invalid destructuring assignment target"}}
[warn] !  Your function was killed because it raised an unhandled error. {"metadata":{"emulator":{"name":"functions"},"function":{"name":"us-central1-api"},"extension":{},"message":"Your function was killed because it raised an unhandled error."}}
[debug] [2024-07-19T11:31:09.444Z] [worker-us-central1-api-a2c0227d-dac1-455e-af30-3f2a15d8a5c3]: exited {"metadata":{"emulator":{"name":"functions"},"function":{"name":"us-central1-api"},"extension":{},"message":"[worker-us-central1-api-a2c0227d-dac1-455e-af30-3f2a15d8a5c3]: exited"}}
[debug] [2024-07-19T11:31:09.445Z] [worker-us-central1-api-a2c0227d-dac1-455e-af30-3f2a15d8a5c3]: FINISHED {"metadata":{"emulator":{"name":"functions"},"function":{"name":"us-central1-api"},"extension":{},"message":"[worker-us-central1-api-a2c0227d-dac1-455e-af30-3f2a15d8a5c3]: FINISHED"}}
[error] !!  functions: Failed to handle request for function us-central1-api {"metadata":{"emulator":{"name":"functions"},"message":"Failed to handle request for function us-central1-api"}}
[error] !!  functions: Failed to start functions in D:\MyDownloads\React\demo24\functions: FirebaseError: Failed to load function. {"metadata":{"emulator":{"name":"functions"},"message":"Failed to start functions in D:\\MyDownloads\\React\\demo24\\functions: FirebaseError: Failed to load function."}}
[debug] [2024-07-19T11:31:37.384Z] [work-queue] {"queuedWork":[],"queueLength":0,"runningWork":[],"workRunningCount":0}
[debug] [2024-07-19T11:38:13.063Z] [work-queue] {"queuedWork":["/challenge-db720/us-central1/api/payments/create-2024-07-19T11:38:13.063Z"],"queueLength":1,"runningWork":[],"workRunningCount":0}
[debug] [2024-07-19T11:38:13.063Z] [work-queue] {"queuedWork":[],"queueLength":0,"runningWork":["/challenge-db720/us-central1/api/payments/create-2024-07-19T11:38:13.063Z"],"workRunningCount":1}
[debug] [2024-07-19T11:38:13.063Z] Accepted request POST /challenge-db720/us-central1/api/payments/create?total=0 --> us-central1-api
[debug] [2024-07-19T11:38:13.064Z] [functions] Runtime ready! Sending request! {"metadata":{"emulator":{"name":"functions"},"message":"[functions] Runtime ready! Sending request!"}}
[debug] [2024-07-19T11:38:13.064Z] [functions] Got req.url=/challenge-db720/us-central1/api/payments/create?total=0, mapping to path=/payments/create?total=0 {"metadata":{"emulator":{"name":"functions"},"message":"[functions] Got req.url=/challenge-db720/us-central1/api/payments/create?total=0, mapping to path=/payments/create?total=0"}}
[debug] [2024-07-19T11:38:13.064Z] [worker-pool] Cleaned up workers for us-central1-api: 1 --> 0 {"metadata":{"emulator":{"name":"functions"},"message":"[worker-pool] Cleaned up workers for us-central1-api: 1 --> 0"}}
[debug] [2024-07-19T11:38:13.084Z] [worker-pool] addWorker(us-central1-api) {"metadata":{"emulator":{"name":"functions"},"message":"[worker-pool] addWorker(us-central1-api)"}}
[debug] [2024-07-19T11:38:13.084Z] [worker-pool] Adding worker with key us-central1-api, total=1 {"metadata":{"emulator":{"name":"functions"},"message":"[worker-pool] Adding worker with key us-central1-api, total=1"}}
[debug] [2024-07-19T11:38:14.965Z] [runtime-status] [18288] Resolved module firebase-admin {"declared":true,"installed":true,"version":"12.2.0","resolution":"D:\\MyDownloads\\React\\demo24\\functions\\node_modules\\firebase-admin\\lib\\index.js"} {"metadata":{"emulator":{"name":"functions"},"function":{"name":"us-central1-api"},"extension":{},"message":"[runtime-status] [18288] Resolved module firebase-admin {\"declared\":true,\"installed\":true,\"version\":\"12.2.0\",\"resolution\":\"D:\\\\MyDownloads\\\\React\\\\demo24\\\\functions\\\\node_modules\\\\firebase-admin\\\\lib\\\\index.js\"}"}}
[debug] [2024-07-19T11:38:14.968Z] [runtime-status] [18288] Resolved module firebase-functions {"declared":true,"installed":true,"version":"5.0.1","resolution":"D:\\MyDownloads\\React\\demo24\\functions\\node_modules\\firebase-functions\\lib\\v1\\index.js"} {"metadata":{"emulator":{"name":"functions"},"function":{"name":"us-central1-api"},"extension":{},"message":"[runtime-status] [18288] Resolved module firebase-functions {\"declared\":true,\"installed\":true,\"version\":\"5.0.1\",\"resolution\":\"D:\\\\MyDownloads\\\\React\\\\demo24\\\\functions\\\\node_modules\\\\firebase-functions\\\\lib\\\\v1\\\\index.js\"}"}}
[debug] [2024-07-19T11:38:14.968Z] [runtime-status] [18288] Outgoing network have been stubbed. [{"name":"http","status":"mocked"},{"name":"http","status":"mocked"},{"name":"https","status":"mocked"},{"name":"https","status":"mocked"},{"name":"net","status":"mocked"}] {"metadata":{"emulator":{"name":"functions"},"function":{"name":"us-central1-api"},"extension":{},"message":"[runtime-status] [18288] Outgoing network have been stubbed. [{\"name\":\"http\",\"status\":\"mocked\"},{\"name\":\"http\",\"status\":\"mocked\"},{\"name\":\"https\",\"status\":\"mocked\"},{\"name\":\"https\",\"status\":\"mocked\"},{\"name\":\"net\",\"status\":\"mocked\"}]"}}
[debug] [2024-07-19T11:38:14.970Z] [runtime-status] [18288] Resolved module firebase-functions {"declared":true,"installed":true,"version":"5.0.1","resolution":"D:\\MyDownloads\\React\\demo24\\functions\\node_modules\\firebase-functions\\lib\\v1\\index.js"} {"metadata":{"emulator":{"name":"functions"},"function":{"name":"us-central1-api"},"extension":{},"message":"[runtime-status] [18288] Resolved module firebase-functions {\"declared\":true,\"installed\":true,\"version\":\"5.0.1\",\"resolution\":\"D:\\\\MyDownloads\\\\React\\\\demo24\\\\functions\\\\node_modules\\\\firebase-functions\\\\lib\\\\v1\\\\index.js\"}"}}
[debug] [2024-07-19T11:38:15.250Z] [runtime-status] [18288] Checked functions.config() {"config":{}} {"metadata":{"emulator":{"name":"functions"},"function":{"name":"us-central1-api"},"extension":{},"message":"[runtime-status] [18288] Checked functions.config() {\"config\":{}}"}}
[debug] [2024-07-19T11:38:15.250Z] [runtime-status] [18288] firebase-functions has been stubbed. {"functionsResolution":{"declared":true,"installed":true,"version":"5.0.1","resolution":"D:\\MyDownloads\\React\\demo24\\functions\\node_modules\\firebase-functions\\lib\\v1\\index.js"}} {"metadata":{"emulator":{"name":"functions"},"function":{"name":"us-central1-api"},"extension":{},"message":"[runtime-status] [18288] firebase-functions has been stubbed. {\"functionsResolution\":{\"declared\":true,\"installed\":true,\"version\":\"5.0.1\",\"resolution\":\"D:\\\\MyDownloads\\\\React\\\\demo24\\\\functions\\\\node_modules\\\\firebase-functions\\\\lib\\\\v1\\\\index.js\"}}"}}
[debug] [2024-07-19T11:38:15.251Z] [runtime-status] [18288] Resolved module firebase-functions {"declared":true,"installed":true,"version":"5.0.1","resolution":"D:\\MyDownloads\\React\\demo24\\functions\\node_modules\\firebase-functions\\lib\\v1\\index.js"} {"metadata":{"emulator":{"name":"functions"},"function":{"name":"us-central1-api"},"extension":{},"message":"[runtime-status] [18288] Resolved module firebase-functions {\"declared\":true,\"installed\":true,\"version\":\"5.0.1\",\"resolution\":\"D:\\\\MyDownloads\\\\React\\\\demo24\\\\functions\\\\node_modules\\\\firebase-functions\\\\lib\\\\v1\\\\index.js\"}"}}
[debug] [2024-07-19T11:38:15.253Z] [runtime-status] [18288] Resolved module firebase-admin {"declared":true,"installed":true,"version":"12.2.0","resolution":"D:\\MyDownloads\\React\\demo24\\functions\\node_modules\\firebase-admin\\lib\\index.js"} {"metadata":{"emulator":{"name":"functions"},"function":{"name":"us-central1-api"},"extension":{},"message":"[runtime-status] [18288] Resolved module firebase-admin {\"declared\":true,\"installed\":true,\"version\":\"12.2.0\",\"resolution\":\"D:\\\\MyDownloads\\\\React\\\\demo24\\\\functions\\\\node_modules\\\\firebase-admin\\\\lib\\\\index.js\"}"}}
[debug] [2024-07-19T11:38:15.258Z] [runtime-status] [18288] Resolved module firebase-functions {"declared":true,"installed":true,"version":"5.0.1","resolution":"D:\\MyDownloads\\React\\demo24\\functions\\node_modules\\firebase-functions\\lib\\v1\\index.js"} {"metadata":{"emulator":{"name":"functions"},"function":{"name":"us-central1-api"},"extension":{},"message":"[runtime-status] [18288] Resolved module firebase-functions {\"declared\":true,\"installed\":true,\"version\":\"5.0.1\",\"resolution\":\"D:\\\\MyDownloads\\\\React\\\\demo24\\\\functions\\\\node_modules\\\\firebase-functions\\\\lib\\\\v1\\\\index.js\"}"}}
[debug] [2024-07-19T11:38:15.259Z] [runtime-status] [18288] firebase-admin has been stubbed. {"adminResolution":{"declared":true,"installed":true,"version":"12.2.0","resolution":"D:\\MyDownloads\\React\\demo24\\functions\\node_modules\\firebase-admin\\lib\\index.js"}} {"metadata":{"emulator":{"name":"functions"},"function":{"name":"us-central1-api"},"extension":{},"message":"[runtime-status] [18288] firebase-admin has been stubbed. {\"adminResolution\":{\"declared\":true,\"installed\":true,\"version\":\"12.2.0\",\"resolution\":\"D:\\\\MyDownloads\\\\React\\\\demo24\\\\functions\\\\node_modules\\\\firebase-admin\\\\lib\\\\index.js\"}}"}}
[warn] !  D:\MyDownloads\React\demo24\functions\index.js:20
app.post("/payments/create", async (request, express.response) => {
                                             ^^^^^^^^^^^^^^^^

SyntaxError: Invalid destructuring assignment target
    at wrapSafe (node:internal/modules/cjs/loader:1281:20)
    at Module._compile (node:internal/modules/cjs/loader:1321:27)
    at Module._extensions..js (node:internal/modules/cjs/loader:1416:10)
    at Module.load (node:internal/modules/cjs/loader:1208:32)
    at Module._load (node:internal/modules/cjs/loader:1024:12)
    at Module.require (node:internal/modules/cjs/loader:1233:19)
    at require (node:internal/modules/helpers:179:18)
    at loadTriggers (C:\Users\wwwsh\AppData\Roaming\npm\node_modules\firebase-tools\lib\emulator\functionsEmulatorRuntime.js:584:25)
    at main (C:\Users\wwwsh\AppData\Roaming\npm\node_modules\firebase-tools\lib\emulator\functionsEmulatorRuntime.js:637:32)
    at process.processTicksAndRejections (node:internal/process/task_queues:95:5) {"metadata":{"emulator":{"name":"functions"},"function":{"name":"us-central1-api"},"extension":{},"message":"D:\\MyDownloads\\React\\demo24\\functions\\index.js:20\napp.post(\"/payments/create\", async (request, express.response) => {\n                                             ^^^^^^^^^^^^^^^^\n\nSyntaxError: Invalid destructuring assignment target\n    at wrapSafe (node:internal/modules/cjs/loader:1281:20)\n    at Module._compile (node:internal/modules/cjs/loader:1321:27)\n    at Module._extensions..js (node:internal/modules/cjs/loader:1416:10)\n    at Module.load (node:internal/modules/cjs/loader:1208:32)\n    at Module._load (node:internal/modules/cjs/loader:1024:12)\n    at Module.require (node:internal/modules/cjs/loader:1233:19)\n    at require (node:internal/modules/helpers:179:18)\n    at loadTriggers (C:\\Users\\wwwsh\\AppData\\Roaming\\npm\\node_modules\\firebase-tools\\lib\\emulator\\functionsEmulatorRuntime.js:584:25)\n    at main (C:\\Users\\wwwsh\\AppData\\Roaming\\npm\\node_modules\\firebase-tools\\lib\\emulator\\functionsEmulatorRuntime.js:637:32)\n    at process.processTicksAndRejections (node:internal/process/task_queues:95:5)"}}
[warn] !  We were unable to load your functions code. (see above) {"metadata":{"emulator":{"name":"functions"},"function":{"name":"us-central1-api"},"extension":{}}}
[warn] !  functions: Failed to initialize and load triggers. This shouldn't happen: Invalid destructuring assignment target {"metadata":{"emulator":{"name":"functions"},"function":{"name":"us-central1-api"},"extension":{},"message":"Failed to initialize and load triggers. This shouldn't happen: Invalid destructuring assignment target"}}
[warn] !  Your function was killed because it raised an unhandled error. {"metadata":{"emulator":{"name":"functions"},"function":{"name":"us-central1-api"},"extension":{},"message":"Your function was killed because it raised an unhandled error."}}
[debug] [2024-07-19T11:38:15.282Z] [worker-us-central1-api-bb324594-53e5-456e-9729-8f9e92fea696]: exited {"metadata":{"emulator":{"name":"functions"},"function":{"name":"us-central1-api"},"extension":{},"message":"[worker-us-central1-api-bb324594-53e5-456e-9729-8f9e92fea696]: exited"}}
[debug] [2024-07-19T11:38:15.282Z] [worker-us-central1-api-bb324594-53e5-456e-9729-8f9e92fea696]: FINISHED {"metadata":{"emulator":{"name":"functions"},"function":{"name":"us-central1-api"},"extension":{},"message":"[worker-us-central1-api-bb324594-53e5-456e-9729-8f9e92fea696]: FINISHED"}}
[debug] [2024-07-19T11:38:38.108Z] [work-queue] {"queuedWork":["/challenge-db720/us-central1/api/payments/create-2024-07-19T11:38:38.108Z"],"queueLength":1,"runningWork":["/challenge-db720/us-central1/api/payments/create-2024-07-19T11:38:13.063Z"],"workRunningCount":1}
[debug] [2024-07-19T11:38:38.109Z] [work-queue] {"queuedWork":[],"queueLength":0,"runningWork":["/challenge-db720/us-central1/api/payments/create-2024-07-19T11:38:13.063Z","/challenge-db720/us-central1/api/payments/create-2024-07-19T11:38:38.108Z"],"workRunningCount":2}
[debug] [2024-07-19T11:38:38.110Z] Accepted request POST /challenge-db720/us-central1/api/payments/create?total=129497 --> us-central1-api
[debug] [2024-07-19T11:38:38.111Z] [functions] Runtime ready! Sending request! {"metadata":{"emulator":{"name":"functions"},"message":"[functions] Runtime ready! Sending request!"}}
[debug] [2024-07-19T11:38:38.111Z] [functions] Got req.url=/challenge-db720/us-central1/api/payments/create?total=129497, mapping to path=/payments/create?total=129497 {"metadata":{"emulator":{"name":"functions"},"message":"[functions] Got req.url=/challenge-db720/us-central1/api/payments/create?total=129497, mapping to path=/payments/create?total=129497"}}
[debug] [2024-07-19T11:38:38.111Z] [worker-pool] Cleaned up workers for us-central1-api: 1 --> 0 {"metadata":{"emulator":{"name":"functions"},"message":"[worker-pool] Cleaned up workers for us-central1-api: 1 --> 0"}}
[debug] [2024-07-19T11:38:38.130Z] [worker-pool] addWorker(us-central1-api) {"metadata":{"emulator":{"name":"functions"},"message":"[worker-pool] addWorker(us-central1-api)"}}
[debug] [2024-07-19T11:38:38.132Z] [worker-pool] Adding worker with key us-central1-api, total=1 {"metadata":{"emulator":{"name":"functions"},"message":"[worker-pool] Adding worker with key us-central1-api, total=1"}}
[debug] [2024-07-19T11:38:39.721Z] [runtime-status] [8172] Resolved module firebase-admin {"declared":true,"installed":true,"version":"12.2.0","resolution":"D:\\MyDownloads\\React\\demo24\\functions\\node_modules\\firebase-admin\\lib\\index.js"} {"metadata":{"emulator":{"name":"functions"},"function":{"name":"us-central1-api"},"extension":{},"message":"[runtime-status] [8172] Resolved module firebase-admin {\"declared\":true,\"installed\":true,\"version\":\"12.2.0\",\"resolution\":\"D:\\\\MyDownloads\\\\React\\\\demo24\\\\functions\\\\node_modules\\\\firebase-admin\\\\lib\\\\index.js\"}"}}
[debug] [2024-07-19T11:38:39.722Z] [runtime-status] [8172] Resolved module firebase-functions {"declared":true,"installed":true,"version":"5.0.1","resolution":"D:\\MyDownloads\\React\\demo24\\functions\\node_modules\\firebase-functions\\lib\\v1\\index.js"} {"metadata":{"emulator":{"name":"functions"},"function":{"name":"us-central1-api"},"extension":{},"message":"[runtime-status] [8172] Resolved module firebase-functions {\"declared\":true,\"installed\":true,\"version\":\"5.0.1\",\"resolution\":\"D:\\\\MyDownloads\\\\React\\\\demo24\\\\functions\\\\node_modules\\\\firebase-functions\\\\lib\\\\v1\\\\index.js\"}"}}
[debug] [2024-07-19T11:38:39.723Z] [runtime-status] [8172] Outgoing network have been stubbed. [{"name":"http","status":"mocked"},{"name":"http","status":"mocked"},{"name":"https","status":"mocked"},{"name":"https","status":"mocked"},{"name":"net","status":"mocked"}] {"metadata":{"emulator":{"name":"functions"},"function":{"name":"us-central1-api"},"extension":{},"message":"[runtime-status] [8172] Outgoing network have been stubbed. [{\"name\":\"http\",\"status\":\"mocked\"},{\"name\":\"http\",\"status\":\"mocked\"},{\"name\":\"https\",\"status\":\"mocked\"},{\"name\":\"https\",\"status\":\"mocked\"},{\"name\":\"net\",\"status\":\"mocked\"}]"}}
[debug] [2024-07-19T11:38:39.723Z] [runtime-status] [8172] Resolved module firebase-functions {"declared":true,"installed":true,"version":"5.0.1","resolution":"D:\\MyDownloads\\React\\demo24\\functions\\node_modules\\firebase-functions\\lib\\v1\\index.js"} {"metadata":{"emulator":{"name":"functions"},"function":{"name":"us-central1-api"},"extension":{},"message":"[runtime-status] [8172] Resolved module firebase-functions {\"declared\":true,\"installed\":true,\"version\":\"5.0.1\",\"resolution\":\"D:\\\\MyDownloads\\\\React\\\\demo24\\\\functions\\\\node_modules\\\\firebase-functions\\\\lib\\\\v1\\\\index.js\"}"}}
[debug] [2024-07-19T11:38:39.995Z] [runtime-status] [8172] Checked functions.config() {"config":{}} {"metadata":{"emulator":{"name":"functions"},"function":{"name":"us-central1-api"},"extension":{},"message":"[runtime-status] [8172] Checked functions.config() {\"config\":{}}"}}
[debug] [2024-07-19T11:38:39.995Z] [runtime-status] [8172] firebase-functions has been stubbed. {"functionsResolution":{"declared":true,"installed":true,"version":"5.0.1","resolution":"D:\\MyDownloads\\React\\demo24\\functions\\node_modules\\firebase-functions\\lib\\v1\\index.js"}} {"metadata":{"emulator":{"name":"functions"},"function":{"name":"us-central1-api"},"extension":{},"message":"[runtime-status] [8172] firebase-functions has been stubbed. {\"functionsResolution\":{\"declared\":true,\"installed\":true,\"version\":\"5.0.1\",\"resolution\":\"D:\\\\MyDownloads\\\\React\\\\demo24\\\\functions\\\\node_modules\\\\firebase-functions\\\\lib\\\\v1\\\\index.js\"}}"}}
[debug] [2024-07-19T11:38:39.996Z] [runtime-status] [8172] Resolved module firebase-functions {"declared":true,"installed":true,"version":"5.0.1","resolution":"D:\\MyDownloads\\React\\demo24\\functions\\node_modules\\firebase-functions\\lib\\v1\\index.js"} {"metadata":{"emulator":{"name":"functions"},"function":{"name":"us-central1-api"},"extension":{},"message":"[runtime-status] [8172] Resolved module firebase-functions {\"declared\":true,\"installed\":true,\"version\":\"5.0.1\",\"resolution\":\"D:\\\\MyDownloads\\\\React\\\\demo24\\\\functions\\\\node_modules\\\\firebase-functions\\\\lib\\\\v1\\\\index.js\"}"}}
[debug] [2024-07-19T11:38:39.998Z] [runtime-status] [8172] Resolved module firebase-admin {"declared":true,"installed":true,"version":"12.2.0","resolution":"D:\\MyDownloads\\React\\demo24\\functions\\node_modules\\firebase-admin\\lib\\index.js"} {"metadata":{"emulator":{"name":"functions"},"function":{"name":"us-central1-api"},"extension":{},"message":"[runtime-status] [8172] Resolved module firebase-admin {\"declared\":true,\"installed\":true,\"version\":\"12.2.0\",\"resolution\":\"D:\\\\MyDownloads\\\\React\\\\demo24\\\\functions\\\\node_modules\\\\firebase-admin\\\\lib\\\\index.js\"}"}}
[debug] [2024-07-19T11:38:40.001Z] [runtime-status] [8172] Resolved module firebase-functions {"declared":true,"installed":true,"version":"5.0.1","resolution":"D:\\MyDownloads\\React\\demo24\\functions\\node_modules\\firebase-functions\\lib\\v1\\index.js"} {"metadata":{"emulator":{"name":"functions"},"function":{"name":"us-central1-api"},"extension":{},"message":"[runtime-status] [8172] Resolved module firebase-functions {\"declared\":true,\"installed\":true,\"version\":\"5.0.1\",\"resolution\":\"D:\\\\MyDownloads\\\\React\\\\demo24\\\\functions\\\\node_modules\\\\firebase-functions\\\\lib\\\\v1\\\\index.js\"}"}}
[debug] [2024-07-19T11:38:40.001Z] [runtime-status] [8172] firebase-admin has been stubbed. {"adminResolution":{"declared":true,"installed":true,"version":"12.2.0","resolution":"D:\\MyDownloads\\React\\demo24\\functions\\node_modules\\firebase-admin\\lib\\index.js"}} {"metadata":{"emulator":{"name":"functions"},"function":{"name":"us-central1-api"},"extension":{},"message":"[runtime-status] [8172] firebase-admin has been stubbed. {\"adminResolution\":{\"declared\":true,\"installed\":true,\"version\":\"12.2.0\",\"resolution\":\"D:\\\\MyDownloads\\\\React\\\\demo24\\\\functions\\\\node_modules\\\\firebase-admin\\\\lib\\\\index.js\"}}"}}
[warn] !  D:\MyDownloads\React\demo24\functions\index.js:20
app.post("/payments/create", async (request, express.response) => {
                                             ^^^^^^^^^^^^^^^^

SyntaxError: Invalid destructuring assignment target
    at wrapSafe (node:internal/modules/cjs/loader:1281:20)
    at Module._compile (node:internal/modules/cjs/loader:1321:27)
    at Module._extensions..js (node:internal/modules/cjs/loader:1416:10)
    at Module.load (node:internal/modules/cjs/loader:1208:32)
    at Module._load (node:internal/modules/cjs/loader:1024:12)
    at Module.require (node:internal/modules/cjs/loader:1233:19)
    at require (node:internal/modules/helpers:179:18)
    at loadTriggers (C:\Users\wwwsh\AppData\Roaming\npm\node_modules\firebase-tools\lib\emulator\functionsEmulatorRuntime.js:584:25)
    at main (C:\Users\wwwsh\AppData\Roaming\npm\node_modules\firebase-tools\lib\emulator\functionsEmulatorRuntime.js:637:32)
    at process.processTicksAndRejections (node:internal/process/task_queues:95:5) {"metadata":{"emulator":{"name":"functions"},"function":{"name":"us-central1-api"},"extension":{},"message":"D:\\MyDownloads\\React\\demo24\\functions\\index.js:20\napp.post(\"/payments/create\", async (request, express.response) => {\n                                             ^^^^^^^^^^^^^^^^\n\nSyntaxError: Invalid destructuring assignment target\n    at wrapSafe (node:internal/modules/cjs/loader:1281:20)\n    at Module._compile (node:internal/modules/cjs/loader:1321:27)\n    at Module._extensions..js (node:internal/modules/cjs/loader:1416:10)\n    at Module.load (node:internal/modules/cjs/loader:1208:32)\n    at Module._load (node:internal/modules/cjs/loader:1024:12)\n    at Module.require (node:internal/modules/cjs/loader:1233:19)\n    at require (node:internal/modules/helpers:179:18)\n    at loadTriggers (C:\\Users\\wwwsh\\AppData\\Roaming\\npm\\node_modules\\firebase-tools\\lib\\emulator\\functionsEmulatorRuntime.js:584:25)\n    at main (C:\\Users\\wwwsh\\AppData\\Roaming\\npm\\node_modules\\firebase-tools\\lib\\emulator\\functionsEmulatorRuntime.js:637:32)\n    at process.processTicksAndRejections (node:internal/process/task_queues:95:5)"}}
[warn] !  We were unable to load your functions code. (see above) {"metadata":{"emulator":{"name":"functions"},"function":{"name":"us-central1-api"},"extension":{}}}
[warn] !  functions: Failed to initialize and load triggers. This shouldn't happen: Invalid destructuring assignment target {"metadata":{"emulator":{"name":"functions"},"function":{"name":"us-central1-api"},"extension":{},"message":"Failed to initialize and load triggers. This shouldn't happen: Invalid destructuring assignment target"}}
[warn] !  Your function was killed because it raised an unhandled error. {"metadata":{"emulator":{"name":"functions"},"function":{"name":"us-central1-api"},"extension":{},"message":"Your function was killed because it raised an unhandled error."}}
[debug] [2024-07-19T11:38:40.027Z] [worker-us-central1-api-319b7f13-5035-426d-9832-921e0e48ffbc]: exited {"metadata":{"emulator":{"name":"functions"},"function":{"name":"us-central1-api"},"extension":{},"message":"[worker-us-central1-api-319b7f13-5035-426d-9832-921e0e48ffbc]: exited"}}
[debug] [2024-07-19T11:38:40.028Z] [worker-us-central1-api-319b7f13-5035-426d-9832-921e0e48ffbc]: FINISHED {"metadata":{"emulator":{"name":"functions"},"function":{"name":"us-central1-api"},"extension":{},"message":"[worker-us-central1-api-319b7f13-5035-426d-9832-921e0e48ffbc]: FINISHED"}}
[error] !!  functions: Failed to handle request for function us-central1-api {"metadata":{"emulator":{"name":"functions"},"message":"Failed to handle request for function us-central1-api"}}
[error] !!  functions: Failed to start functions in D:\MyDownloads\React\demo24\functions: FirebaseError: Failed to load function. {"metadata":{"emulator":{"name":"functions"},"message":"Failed to start functions in D:\\MyDownloads\\React\\demo24\\functions: FirebaseError: Failed to load function."}}
[debug] [2024-07-19T11:38:43.147Z] [work-queue] {"queuedWork":[],"queueLength":0,"runningWork":["/challenge-db720/us-central1/api/payments/create-2024-07-19T11:38:38.108Z"],"workRunningCount":1}
[error] !!  functions: Failed to handle request for function us-central1-api {"metadata":{"emulator":{"name":"functions"},"message":"Failed to handle request for function us-central1-api"}}
[error] !!  functions: Failed to start functions in D:\MyDownloads\React\demo24\functions: FirebaseError: Failed to load function. {"metadata":{"emulator":{"name":"functions"},"message":"Failed to start functions in D:\\MyDownloads\\React\\demo24\\functions: FirebaseError: Failed to load function."}}
[debug] [2024-07-19T11:39:08.231Z] [work-queue] {"queuedWork":[],"queueLength":0,"runningWork":[],"workRunningCount":0}
[debug] [2024-07-19T11:39:14.034Z] [work-queue] {"queuedWork":["/challenge-db720/us-central1/api/payments/create-2024-07-19T11:39:14.034Z"],"queueLength":1,"runningWork":[],"workRunningCount":0}
[debug] [2024-07-19T11:39:14.034Z] [work-queue] {"queuedWork":[],"queueLength":0,"runningWork":["/challenge-db720/us-central1/api/payments/create-2024-07-19T11:39:14.034Z"],"workRunningCount":1}
[debug] [2024-07-19T11:39:14.034Z] Accepted request POST /challenge-db720/us-central1/api/payments/create?total=129497 --> us-central1-api
[debug] [2024-07-19T11:39:14.035Z] [functions] Runtime ready! Sending request! {"metadata":{"emulator":{"name":"functions"},"message":"[functions] Runtime ready! Sending request!"}}
[debug] [2024-07-19T11:39:14.035Z] [functions] Got req.url=/challenge-db720/us-central1/api/payments/create?total=129497, mapping to path=/payments/create?total=129497 {"metadata":{"emulator":{"name":"functions"},"message":"[functions] Got req.url=/challenge-db720/us-central1/api/payments/create?total=129497, mapping to path=/payments/create?total=129497"}}
[debug] [2024-07-19T11:39:14.035Z] [worker-pool] Cleaned up workers for us-central1-api: 1 --> 0 {"metadata":{"emulator":{"name":"functions"},"message":"[worker-pool] Cleaned up workers for us-central1-api: 1 --> 0"}}
[debug] [2024-07-19T11:39:14.051Z] [worker-pool] addWorker(us-central1-api) {"metadata":{"emulator":{"name":"functions"},"message":"[worker-pool] addWorker(us-central1-api)"}}
[debug] [2024-07-19T11:39:14.052Z] [worker-pool] Adding worker with key us-central1-api, total=1 {"metadata":{"emulator":{"name":"functions"},"message":"[worker-pool] Adding worker with key us-central1-api, total=1"}}
[debug] [2024-07-19T11:39:15.628Z] [runtime-status] [15928] Resolved module firebase-admin {"declared":true,"installed":true,"version":"12.2.0","resolution":"D:\\MyDownloads\\React\\demo24\\functions\\node_modules\\firebase-admin\\lib\\index.js"} {"metadata":{"emulator":{"name":"functions"},"function":{"name":"us-central1-api"},"extension":{},"message":"[runtime-status] [15928] Resolved module firebase-admin {\"declared\":true,\"installed\":true,\"version\":\"12.2.0\",\"resolution\":\"D:\\\\MyDownloads\\\\React\\\\demo24\\\\functions\\\\node_modules\\\\firebase-admin\\\\lib\\\\index.js\"}"}}
[debug] [2024-07-19T11:39:15.631Z] [runtime-status] [15928] Resolved module firebase-functions {"declared":true,"installed":true,"version":"5.0.1","resolution":"D:\\MyDownloads\\React\\demo24\\functions\\node_modules\\firebase-functions\\lib\\v1\\index.js"} {"metadata":{"emulator":{"name":"functions"},"function":{"name":"us-central1-api"},"extension":{},"message":"[runtime-status] [15928] Resolved module firebase-functions {\"declared\":true,\"installed\":true,\"version\":\"5.0.1\",\"resolution\":\"D:\\\\MyDownloads\\\\React\\\\demo24\\\\functions\\\\node_modules\\\\firebase-functions\\\\lib\\\\v1\\\\index.js\"}"}}
[debug] [2024-07-19T11:39:15.631Z] [runtime-status] [15928] Outgoing network have been stubbed. [{"name":"http","status":"mocked"},{"name":"http","status":"mocked"},{"name":"https","status":"mocked"},{"name":"https","status":"mocked"},{"name":"net","status":"mocked"}] {"metadata":{"emulator":{"name":"functions"},"function":{"name":"us-central1-api"},"extension":{},"message":"[runtime-status] [15928] Outgoing network have been stubbed. [{\"name\":\"http\",\"status\":\"mocked\"},{\"name\":\"http\",\"status\":\"mocked\"},{\"name\":\"https\",\"status\":\"mocked\"},{\"name\":\"https\",\"status\":\"mocked\"},{\"name\":\"net\",\"status\":\"mocked\"}]"}}
[debug] [2024-07-19T11:39:15.632Z] [runtime-status] [15928] Resolved module firebase-functions {"declared":true,"installed":true,"version":"5.0.1","resolution":"D:\\MyDownloads\\React\\demo24\\functions\\node_modules\\firebase-functions\\lib\\v1\\index.js"} {"metadata":{"emulator":{"name":"functions"},"function":{"name":"us-central1-api"},"extension":{},"message":"[runtime-status] [15928] Resolved module firebase-functions {\"declared\":true,\"installed\":true,\"version\":\"5.0.1\",\"resolution\":\"D:\\\\MyDownloads\\\\React\\\\demo24\\\\functions\\\\node_modules\\\\firebase-functions\\\\lib\\\\v1\\\\index.js\"}"}}
[debug] [2024-07-19T11:39:15.745Z] [work-queue] {"queuedWork":["/challenge-db720/us-central1/api/payments/create-2024-07-19T11:39:15.744Z"],"queueLength":1,"runningWork":["/challenge-db720/us-central1/api/payments/create-2024-07-19T11:39:14.034Z"],"workRunningCount":1}
[debug] [2024-07-19T11:39:15.745Z] [work-queue] {"queuedWork":[],"queueLength":0,"runningWork":["/challenge-db720/us-central1/api/payments/create-2024-07-19T11:39:14.034Z","/challenge-db720/us-central1/api/payments/create-2024-07-19T11:39:15.744Z"],"workRunningCount":2}
[debug] [2024-07-19T11:39:15.745Z] Accepted request POST /challenge-db720/us-central1/api/payments/create?total=129497 --> us-central1-api
[debug] [2024-07-19T11:39:15.745Z] [functions] Runtime ready! Sending request! {"metadata":{"emulator":{"name":"functions"},"message":"[functions] Runtime ready! Sending request!"}}
[debug] [2024-07-19T11:39:15.745Z] [functions] Got req.url=/challenge-db720/us-central1/api/payments/create?total=129497, mapping to path=/payments/create?total=129497 {"metadata":{"emulator":{"name":"functions"},"message":"[functions] Got req.url=/challenge-db720/us-central1/api/payments/create?total=129497, mapping to path=/payments/create?total=129497"}}
[debug] [2024-07-19T11:39:15.765Z] [worker-pool] addWorker(us-central1-api) {"metadata":{"emulator":{"name":"functions"},"message":"[worker-pool] addWorker(us-central1-api)"}}
[debug] [2024-07-19T11:39:15.765Z] [worker-pool] Adding worker with key us-central1-api, total=2 {"metadata":{"emulator":{"name":"functions"},"message":"[worker-pool] Adding worker with key us-central1-api, total=2"}}
[debug] [2024-07-19T11:39:16.033Z] [runtime-status] [15928] Checked functions.config() {"config":{}} {"metadata":{"emulator":{"name":"functions"},"function":{"name":"us-central1-api"},"extension":{},"message":"[runtime-status] [15928] Checked functions.config() {\"config\":{}}"}}
[debug] [2024-07-19T11:39:16.033Z] [runtime-status] [15928] firebase-functions has been stubbed. {"functionsResolution":{"declared":true,"installed":true,"version":"5.0.1","resolution":"D:\\MyDownloads\\React\\demo24\\functions\\node_modules\\firebase-functions\\lib\\v1\\index.js"}} {"metadata":{"emulator":{"name":"functions"},"function":{"name":"us-central1-api"},"extension":{},"message":"[runtime-status] [15928] firebase-functions has been stubbed. {\"functionsResolution\":{\"declared\":true,\"installed\":true,\"version\":\"5.0.1\",\"resolution\":\"D:\\\\MyDownloads\\\\React\\\\demo24\\\\functions\\\\node_modules\\\\firebase-functions\\\\lib\\\\v1\\\\index.js\"}}"}}
[debug] [2024-07-19T11:39:16.034Z] [runtime-status] [15928] Resolved module firebase-functions {"declared":true,"installed":true,"version":"5.0.1","resolution":"D:\\MyDownloads\\React\\demo24\\functions\\node_modules\\firebase-functions\\lib\\v1\\index.js"} {"metadata":{"emulator":{"name":"functions"},"function":{"name":"us-central1-api"},"extension":{},"message":"[runtime-status] [15928] Resolved module firebase-functions {\"declared\":true,\"installed\":true,\"version\":\"5.0.1\",\"resolution\":\"D:\\\\MyDownloads\\\\React\\\\demo24\\\\functions\\\\node_modules\\\\firebase-functions\\\\lib\\\\v1\\\\index.js\"}"}}
[debug] [2024-07-19T11:39:16.036Z] [runtime-status] [15928] Resolved module firebase-admin {"declared":true,"installed":true,"version":"12.2.0","resolution":"D:\\MyDownloads\\React\\demo24\\functions\\node_modules\\firebase-admin\\lib\\index.js"} {"metadata":{"emulator":{"name":"functions"},"function":{"name":"us-central1-api"},"extension":{},"message":"[runtime-status] [15928] Resolved module firebase-admin {\"declared\":true,\"installed\":true,\"version\":\"12.2.0\",\"resolution\":\"D:\\\\MyDownloads\\\\React\\\\demo24\\\\functions\\\\node_modules\\\\firebase-admin\\\\lib\\\\index.js\"}"}}
[debug] [2024-07-19T11:39:16.039Z] [runtime-status] [15928] Resolved module firebase-functions {"declared":true,"installed":true,"version":"5.0.1","resolution":"D:\\MyDownloads\\React\\demo24\\functions\\node_modules\\firebase-functions\\lib\\v1\\index.js"} {"metadata":{"emulator":{"name":"functions"},"function":{"name":"us-central1-api"},"extension":{},"message":"[runtime-status] [15928] Resolved module firebase-functions {\"declared\":true,\"installed\":true,\"version\":\"5.0.1\",\"resolution\":\"D:\\\\MyDownloads\\\\React\\\\demo24\\\\functions\\\\node_modules\\\\firebase-functions\\\\lib\\\\v1\\\\index.js\"}"}}
[debug] [2024-07-19T11:39:16.040Z] [runtime-status] [15928] firebase-admin has been stubbed. {"adminResolution":{"declared":true,"installed":true,"version":"12.2.0","resolution":"D:\\MyDownloads\\React\\demo24\\functions\\node_modules\\firebase-admin\\lib\\index.js"}} {"metadata":{"emulator":{"name":"functions"},"function":{"name":"us-central1-api"},"extension":{},"message":"[runtime-status] [15928] firebase-admin has been stubbed. {\"adminResolution\":{\"declared\":true,\"installed\":true,\"version\":\"12.2.0\",\"resolution\":\"D:\\\\MyDownloads\\\\React\\\\demo24\\\\functions\\\\node_modules\\\\firebase-admin\\\\lib\\\\index.js\"}}"}}
[warn] !  D:\MyDownloads\React\demo24\functions\index.js:20
app.post("/payments/create", async (request, express.response) => {
                                             ^^^^^^^^^^^^^^^^

SyntaxError: Invalid destructuring assignment target
    at wrapSafe (node:internal/modules/cjs/loader:1281:20)
    at Module._compile (node:internal/modules/cjs/loader:1321:27)
    at Module._extensions..js (node:internal/modules/cjs/loader:1416:10)
    at Module.load (node:internal/modules/cjs/loader:1208:32)
    at Module._load (node:internal/modules/cjs/loader:1024:12)
    at Module.require (node:internal/modules/cjs/loader:1233:19)
    at require (node:internal/modules/helpers:179:18)
    at loadTriggers (C:\Users\wwwsh\AppData\Roaming\npm\node_modules\firebase-tools\lib\emulator\functionsEmulatorRuntime.js:584:25)
    at main (C:\Users\wwwsh\AppData\Roaming\npm\node_modules\firebase-tools\lib\emulator\functionsEmulatorRuntime.js:637:32)
    at process.processTicksAndRejections (node:internal/process/task_queues:95:5) {"metadata":{"emulator":{"name":"functions"},"function":{"name":"us-central1-api"},"extension":{},"message":"D:\\MyDownloads\\React\\demo24\\functions\\index.js:20\napp.post(\"/payments/create\", async (request, express.response) => {\n                                             ^^^^^^^^^^^^^^^^\n\nSyntaxError: Invalid destructuring assignment target\n    at wrapSafe (node:internal/modules/cjs/loader:1281:20)\n    at Module._compile (node:internal/modules/cjs/loader:1321:27)\n    at Module._extensions..js (node:internal/modules/cjs/loader:1416:10)\n    at Module.load (node:internal/modules/cjs/loader:1208:32)\n    at Module._load (node:internal/modules/cjs/loader:1024:12)\n    at Module.require (node:internal/modules/cjs/loader:1233:19)\n    at require (node:internal/modules/helpers:179:18)\n    at loadTriggers (C:\\Users\\wwwsh\\AppData\\Roaming\\npm\\node_modules\\firebase-tools\\lib\\emulator\\functionsEmulatorRuntime.js:584:25)\n    at main (C:\\Users\\wwwsh\\AppData\\Roaming\\npm\\node_modules\\firebase-tools\\lib\\emulator\\functionsEmulatorRuntime.js:637:32)\n    at process.processTicksAndRejections (node:internal/process/task_queues:95:5)"}}
[warn] !  We were unable to load your functions code. (see above) {"metadata":{"emulator":{"name":"functions"},"function":{"name":"us-central1-api"},"extension":{}}}
[warn] !  functions: Failed to initialize and load triggers. This shouldn't happen: Invalid destructuring assignment target {"metadata":{"emulator":{"name":"functions"},"function":{"name":"us-central1-api"},"extension":{},"message":"Failed to initialize and load triggers. This shouldn't happen: Invalid destructuring assignment target"}}
[warn] !  Your function was killed because it raised an unhandled error. {"metadata":{"emulator":{"name":"functions"},"function":{"name":"us-central1-api"},"extension":{},"message":"Your function was killed because it raised an unhandled error."}}
[debug] [2024-07-19T11:39:16.063Z] [worker-us-central1-api-7eb0dc5e-539d-4b5f-92a6-1d2e68fafeff]: exited {"metadata":{"emulator":{"name":"functions"},"function":{"name":"us-central1-api"},"extension":{},"message":"[worker-us-central1-api-7eb0dc5e-539d-4b5f-92a6-1d2e68fafeff]: exited"}}
[debug] [2024-07-19T11:39:16.064Z] [worker-us-central1-api-7eb0dc5e-539d-4b5f-92a6-1d2e68fafeff]: FINISHED {"metadata":{"emulator":{"name":"functions"},"function":{"name":"us-central1-api"},"extension":{},"message":"[worker-us-central1-api-7eb0dc5e-539d-4b5f-92a6-1d2e68fafeff]: FINISHED"}}
[debug] [2024-07-19T11:39:16.392Z] [work-queue] {"queuedWork":["/challenge-db720/us-central1/api/payments/create-2024-07-19T11:39:16.392Z"],"queueLength":1,"runningWork":["/challenge-db720/us-central1/api/payments/create-2024-07-19T11:39:14.034Z","/challenge-db720/us-central1/api/payments/create-2024-07-19T11:39:15.744Z"],"workRunningCount":2}
[debug] [2024-07-19T11:39:16.392Z] [work-queue] {"queuedWork":[],"queueLength":0,"runningWork":["/challenge-db720/us-central1/api/payments/create-2024-07-19T11:39:14.034Z","/challenge-db720/us-central1/api/payments/create-2024-07-19T11:39:15.744Z","/challenge-db720/us-central1/api/payments/create-2024-07-19T11:39:16.392Z"],"workRunningCount":3}
[debug] [2024-07-19T11:39:16.393Z] Accepted request POST /challenge-db720/us-central1/api/payments/create?total=129497 --> us-central1-api
[debug] [2024-07-19T11:39:16.394Z] [functions] Runtime ready! Sending request! {"metadata":{"emulator":{"name":"functions"},"message":"[functions] Runtime ready! Sending request!"}}
[debug] [2024-07-19T11:39:16.394Z] [functions] Got req.url=/challenge-db720/us-central1/api/payments/create?total=129497, mapping to path=/payments/create?total=129497 {"metadata":{"emulator":{"name":"functions"},"message":"[functions] Got req.url=/challenge-db720/us-central1/api/payments/create?total=129497, mapping to path=/payments/create?total=129497"}}
[debug] [2024-07-19T11:39:16.395Z] [worker-pool] Cleaned up workers for us-central1-api: 2 --> 1 {"metadata":{"emulator":{"name":"functions"},"message":"[worker-pool] Cleaned up workers for us-central1-api: 2 --> 1"}}
[debug] [2024-07-19T11:39:16.418Z] [worker-pool] addWorker(us-central1-api) {"metadata":{"emulator":{"name":"functions"},"message":"[worker-pool] addWorker(us-central1-api)"}}
[debug] [2024-07-19T11:39:16.419Z] [worker-pool] Adding worker with key us-central1-api, total=2 {"metadata":{"emulator":{"name":"functions"},"message":"[worker-pool] Adding worker with key us-central1-api, total=2"}}
[debug] [2024-07-19T11:39:17.775Z] [runtime-status] [24232] Resolved module firebase-admin {"declared":true,"installed":true,"version":"12.2.0","resolution":"D:\\MyDownloads\\React\\demo24\\functions\\node_modules\\firebase-admin\\lib\\index.js"} {"metadata":{"emulator":{"name":"functions"},"function":{"name":"us-central1-api"},"extension":{},"message":"[runtime-status] [24232] Resolved module firebase-admin {\"declared\":true,\"installed\":true,\"version\":\"12.2.0\",\"resolution\":\"D:\\\\MyDownloads\\\\React\\\\demo24\\\\functions\\\\node_modules\\\\firebase-admin\\\\lib\\\\index.js\"}"}}
[debug] [2024-07-19T11:39:17.778Z] [runtime-status] [24232] Resolved module firebase-functions {"declared":true,"installed":true,"version":"5.0.1","resolution":"D:\\MyDownloads\\React\\demo24\\functions\\node_modules\\firebase-functions\\lib\\v1\\index.js"} {"metadata":{"emulator":{"name":"functions"},"function":{"name":"us-central1-api"},"extension":{},"message":"[runtime-status] [24232] Resolved module firebase-functions {\"declared\":true,\"installed\":true,\"version\":\"5.0.1\",\"resolution\":\"D:\\\\MyDownloads\\\\React\\\\demo24\\\\functions\\\\node_modules\\\\firebase-functions\\\\lib\\\\v1\\\\index.js\"}"}}
[debug] [2024-07-19T11:39:17.779Z] [runtime-status] [24232] Outgoing network have been stubbed. [{"name":"http","status":"mocked"},{"name":"http","status":"mocked"},{"name":"https","status":"mocked"},{"name":"https","status":"mocked"},{"name":"net","status":"mocked"}] {"metadata":{"emulator":{"name":"functions"},"function":{"name":"us-central1-api"},"extension":{},"message":"[runtime-status] [24232] Outgoing network have been stubbed. [{\"name\":\"http\",\"status\":\"mocked\"},{\"name\":\"http\",\"status\":\"mocked\"},{\"name\":\"https\",\"status\":\"mocked\"},{\"name\":\"https\",\"status\":\"mocked\"},{\"name\":\"net\",\"status\":\"mocked\"}]"}}
[debug] [2024-07-19T11:39:17.780Z] [runtime-status] [24232] Resolved module firebase-functions {"declared":true,"installed":true,"version":"5.0.1","resolution":"D:\\MyDownloads\\React\\demo24\\functions\\node_modules\\firebase-functions\\lib\\v1\\index.js"} {"metadata":{"emulator":{"name":"functions"},"function":{"name":"us-central1-api"},"extension":{},"message":"[runtime-status] [24232] Resolved module firebase-functions {\"declared\":true,\"installed\":true,\"version\":\"5.0.1\",\"resolution\":\"D:\\\\MyDownloads\\\\React\\\\demo24\\\\functions\\\\node_modules\\\\firebase-functions\\\\lib\\\\v1\\\\index.js\"}"}}
[debug] [2024-07-19T11:39:18.237Z] [runtime-status] [24232] Checked functions.config() {"config":{}} {"metadata":{"emulator":{"name":"functions"},"function":{"name":"us-central1-api"},"extension":{},"message":"[runtime-status] [24232] Checked functions.config() {\"config\":{}}"}}
[debug] [2024-07-19T11:39:18.237Z] [runtime-status] [24232] firebase-functions has been stubbed. {"functionsResolution":{"declared":true,"installed":true,"version":"5.0.1","resolution":"D:\\MyDownloads\\React\\demo24\\functions\\node_modules\\firebase-functions\\lib\\v1\\index.js"}} {"metadata":{"emulator":{"name":"functions"},"function":{"name":"us-central1-api"},"extension":{},"message":"[runtime-status] [24232] firebase-functions has been stubbed. {\"functionsResolution\":{\"declared\":true,\"installed\":true,\"version\":\"5.0.1\",\"resolution\":\"D:\\\\MyDownloads\\\\React\\\\demo24\\\\functions\\\\node_modules\\\\firebase-functions\\\\lib\\\\v1\\\\index.js\"}}"}}
[debug] [2024-07-19T11:39:18.239Z] [runtime-status] [24232] Resolved module firebase-functions {"declared":true,"installed":true,"version":"5.0.1","resolution":"D:\\MyDownloads\\React\\demo24\\functions\\node_modules\\firebase-functions\\lib\\v1\\index.js"} {"metadata":{"emulator":{"name":"functions"},"function":{"name":"us-central1-api"},"extension":{},"message":"[runtime-status] [24232] Resolved module firebase-functions {\"declared\":true,\"installed\":true,\"version\":\"5.0.1\",\"resolution\":\"D:\\\\MyDownloads\\\\React\\\\demo24\\\\functions\\\\node_modules\\\\firebase-functions\\\\lib\\\\v1\\\\index.js\"}"}}
[debug] [2024-07-19T11:39:18.242Z] [runtime-status] [24232] Resolved module firebase-admin {"declared":true,"installed":true,"version":"12.2.0","resolution":"D:\\MyDownloads\\React\\demo24\\functions\\node_modules\\firebase-admin\\lib\\index.js"} {"metadata":{"emulator":{"name":"functions"},"function":{"name":"us-central1-api"},"extension":{},"message":"[runtime-status] [24232] Resolved module firebase-admin {\"declared\":true,\"installed\":true,\"version\":\"12.2.0\",\"resolution\":\"D:\\\\MyDownloads\\\\React\\\\demo24\\\\functions\\\\node_modules\\\\firebase-admin\\\\lib\\\\index.js\"}"}}
[debug] [2024-07-19T11:39:18.245Z] [runtime-status] [24232] Resolved module firebase-functions {"declared":true,"installed":true,"version":"5.0.1","resolution":"D:\\MyDownloads\\React\\demo24\\functions\\node_modules\\firebase-functions\\lib\\v1\\index.js"} {"metadata":{"emulator":{"name":"functions"},"function":{"name":"us-central1-api"},"extension":{},"message":"[runtime-status] [24232] Resolved module firebase-functions {\"declared\":true,\"installed\":true,\"version\":\"5.0.1\",\"resolution\":\"D:\\\\MyDownloads\\\\React\\\\demo24\\\\functions\\\\node_modules\\\\firebase-functions\\\\lib\\\\v1\\\\index.js\"}"}}
[debug] [2024-07-19T11:39:18.245Z] [runtime-status] [24232] firebase-admin has been stubbed. {"adminResolution":{"declared":true,"installed":true,"version":"12.2.0","resolution":"D:\\MyDownloads\\React\\demo24\\functions\\node_modules\\firebase-admin\\lib\\index.js"}} {"metadata":{"emulator":{"name":"functions"},"function":{"name":"us-central1-api"},"extension":{},"message":"[runtime-status] [24232] firebase-admin has been stubbed. {\"adminResolution\":{\"declared\":true,\"installed\":true,\"version\":\"12.2.0\",\"resolution\":\"D:\\\\MyDownloads\\\\React\\\\demo24\\\\functions\\\\node_modules\\\\firebase-admin\\\\lib\\\\index.js\"}}"}}
[warn] !  D:\MyDownloads\React\demo24\functions\index.js:20
app.post("/payments/create", async (request, express.response) => {
                                             ^^^^^^^^^^^^^^^^

SyntaxError: Invalid destructuring assignment target
    at wrapSafe (node:internal/modules/cjs/loader:1281:20)
    at Module._compile (node:internal/modules/cjs/loader:1321:27)
    at Module._extensions..js (node:internal/modules/cjs/loader:1416:10)
    at Module.load (node:internal/modules/cjs/loader:1208:32)
    at Module._load (node:internal/modules/cjs/loader:1024:12)
    at Module.require (node:internal/modules/cjs/loader:1233:19)
    at require (node:internal/modules/helpers:179:18)
    at loadTriggers (C:\Users\wwwsh\AppData\Roaming\npm\node_modules\firebase-tools\lib\emulator\functionsEmulatorRuntime.js:584:25)
    at main (C:\Users\wwwsh\AppData\Roaming\npm\node_modules\firebase-tools\lib\emulator\functionsEmulatorRuntime.js:637:32)
    at process.processTicksAndRejections (node:internal/process/task_queues:95:5) {"metadata":{"emulator":{"name":"functions"},"function":{"name":"us-central1-api"},"extension":{},"message":"D:\\MyDownloads\\React\\demo24\\functions\\index.js:20\napp.post(\"/payments/create\", async (request, express.response) => {\n                                             ^^^^^^^^^^^^^^^^\n\nSyntaxError: Invalid destructuring assignment target\n    at wrapSafe (node:internal/modules/cjs/loader:1281:20)\n    at Module._compile (node:internal/modules/cjs/loader:1321:27)\n    at Module._extensions..js (node:internal/modules/cjs/loader:1416:10)\n    at Module.load (node:internal/modules/cjs/loader:1208:32)\n    at Module._load (node:internal/modules/cjs/loader:1024:12)\n    at Module.require (node:internal/modules/cjs/loader:1233:19)\n    at require (node:internal/modules/helpers:179:18)\n    at loadTriggers (C:\\Users\\wwwsh\\AppData\\Roaming\\npm\\node_modules\\firebase-tools\\lib\\emulator\\functionsEmulatorRuntime.js:584:25)\n    at main (C:\\Users\\wwwsh\\AppData\\Roaming\\npm\\node_modules\\firebase-tools\\lib\\emulator\\functionsEmulatorRuntime.js:637:32)\n    at process.processTicksAndRejections (node:internal/process/task_queues:95:5)"}}
[warn] !  We were unable to load your functions code. (see above) {"metadata":{"emulator":{"name":"functions"},"function":{"name":"us-central1-api"},"extension":{}}}
[warn] !  functions: Failed to initialize and load triggers. This shouldn't happen: Invalid destructuring assignment target {"metadata":{"emulator":{"name":"functions"},"function":{"name":"us-central1-api"},"extension":{},"message":"Failed to initialize and load triggers. This shouldn't happen: Invalid destructuring assignment target"}}
[warn] !  Your function was killed because it raised an unhandled error. {"metadata":{"emulator":{"name":"functions"},"function":{"name":"us-central1-api"},"extension":{},"message":"Your function was killed because it raised an unhandled error."}}
[debug] [2024-07-19T11:39:18.270Z] [worker-us-central1-api-78e68e0a-925b-4b5a-a6cc-49ff089766d5]: exited {"metadata":{"emulator":{"name":"functions"},"function":{"name":"us-central1-api"},"extension":{},"message":"[worker-us-central1-api-78e68e0a-925b-4b5a-a6cc-49ff089766d5]: exited"}}
[debug] [2024-07-19T11:39:18.270Z] [worker-us-central1-api-78e68e0a-925b-4b5a-a6cc-49ff089766d5]: FINISHED {"metadata":{"emulator":{"name":"functions"},"function":{"name":"us-central1-api"},"extension":{},"message":"[worker-us-central1-api-78e68e0a-925b-4b5a-a6cc-49ff089766d5]: FINISHED"}}
[debug] [2024-07-19T11:39:18.603Z] [runtime-status] [22972] Resolved module firebase-admin {"declared":true,"installed":true,"version":"12.2.0","resolution":"D:\\MyDownloads\\React\\demo24\\functions\\node_modules\\firebase-admin\\lib\\index.js"} {"metadata":{"emulator":{"name":"functions"},"function":{"name":"us-central1-api"},"extension":{},"message":"[runtime-status] [22972] Resolved module firebase-admin {\"declared\":true,\"installed\":true,\"version\":\"12.2.0\",\"resolution\":\"D:\\\\MyDownloads\\\\React\\\\demo24\\\\functions\\\\node_modules\\\\firebase-admin\\\\lib\\\\index.js\"}"}}
[debug] [2024-07-19T11:39:18.606Z] [runtime-status] [22972] Resolved module firebase-functions {"declared":true,"installed":true,"version":"5.0.1","resolution":"D:\\MyDownloads\\React\\demo24\\functions\\node_modules\\firebase-functions\\lib\\v1\\index.js"} {"metadata":{"emulator":{"name":"functions"},"function":{"name":"us-central1-api"},"extension":{},"message":"[runtime-status] [22972] Resolved module firebase-functions {\"declared\":true,\"installed\":true,\"version\":\"5.0.1\",\"resolution\":\"D:\\\\MyDownloads\\\\React\\\\demo24\\\\functions\\\\node_modules\\\\firebase-functions\\\\lib\\\\v1\\\\index.js\"}"}}
[debug] [2024-07-19T11:39:18.608Z] [runtime-status] [22972] Outgoing network have been stubbed. [{"name":"http","status":"mocked"},{"name":"http","status":"mocked"},{"name":"https","status":"mocked"},{"name":"https","status":"mocked"},{"name":"net","status":"mocked"}] {"metadata":{"emulator":{"name":"functions"},"function":{"name":"us-central1-api"},"extension":{},"message":"[runtime-status] [22972] Outgoing network have been stubbed. [{\"name\":\"http\",\"status\":\"mocked\"},{\"name\":\"http\",\"status\":\"mocked\"},{\"name\":\"https\",\"status\":\"mocked\"},{\"name\":\"https\",\"status\":\"mocked\"},{\"name\":\"net\",\"status\":\"mocked\"}]"}}
[debug] [2024-07-19T11:39:18.609Z] [runtime-status] [22972] Resolved module firebase-functions {"declared":true,"installed":true,"version":"5.0.1","resolution":"D:\\MyDownloads\\React\\demo24\\functions\\node_modules\\firebase-functions\\lib\\v1\\index.js"} {"metadata":{"emulator":{"name":"functions"},"function":{"name":"us-central1-api"},"extension":{},"message":"[runtime-status] [22972] Resolved module firebase-functions {\"declared\":true,\"installed\":true,\"version\":\"5.0.1\",\"resolution\":\"D:\\\\MyDownloads\\\\React\\\\demo24\\\\functions\\\\node_modules\\\\firebase-functions\\\\lib\\\\v1\\\\index.js\"}"}}
[debug] [2024-07-19T11:39:18.961Z] [runtime-status] [22972] Checked functions.config() {"config":{}} {"metadata":{"emulator":{"name":"functions"},"function":{"name":"us-central1-api"},"extension":{},"message":"[runtime-status] [22972] Checked functions.config() {\"config\":{}}"}}
[debug] [2024-07-19T11:39:18.963Z] [runtime-status] [22972] firebase-functions has been stubbed. {"functionsResolution":{"declared":true,"installed":true,"version":"5.0.1","resolution":"D:\\MyDownloads\\React\\demo24\\functions\\node_modules\\firebase-functions\\lib\\v1\\index.js"}} {"metadata":{"emulator":{"name":"functions"},"function":{"name":"us-central1-api"},"extension":{},"message":"[runtime-status] [22972] firebase-functions has been stubbed. {\"functionsResolution\":{\"declared\":true,\"installed\":true,\"version\":\"5.0.1\",\"resolution\":\"D:\\\\MyDownloads\\\\React\\\\demo24\\\\functions\\\\node_modules\\\\firebase-functions\\\\lib\\\\v1\\\\index.js\"}}"}}
[debug] [2024-07-19T11:39:18.963Z] [runtime-status] [22972] Resolved module firebase-functions {"declared":true,"installed":true,"version":"5.0.1","resolution":"D:\\MyDownloads\\React\\demo24\\functions\\node_modules\\firebase-functions\\lib\\v1\\index.js"} {"metadata":{"emulator":{"name":"functions"},"function":{"name":"us-central1-api"},"extension":{},"message":"[runtime-status] [22972] Resolved module firebase-functions {\"declared\":true,\"installed\":true,\"version\":\"5.0.1\",\"resolution\":\"D:\\\\MyDownloads\\\\React\\\\demo24\\\\functions\\\\node_modules\\\\firebase-functions\\\\lib\\\\v1\\\\index.js\"}"}}
[debug] [2024-07-19T11:39:18.963Z] [runtime-status] [22972] Resolved module firebase-admin {"declared":true,"installed":true,"version":"12.2.0","resolution":"D:\\MyDownloads\\React\\demo24\\functions\\node_modules\\firebase-admin\\lib\\index.js"} {"metadata":{"emulator":{"name":"functions"},"function":{"name":"us-central1-api"},"extension":{},"message":"[runtime-status] [22972] Resolved module firebase-admin {\"declared\":true,\"installed\":true,\"version\":\"12.2.0\",\"resolution\":\"D:\\\\MyDownloads\\\\React\\\\demo24\\\\functions\\\\node_modules\\\\firebase-admin\\\\lib\\\\index.js\"}"}}
[debug] [2024-07-19T11:39:18.966Z] [runtime-status] [22972] Resolved module firebase-functions {"declared":true,"installed":true,"version":"5.0.1","resolution":"D:\\MyDownloads\\React\\demo24\\functions\\node_modules\\firebase-functions\\lib\\v1\\index.js"} {"metadata":{"emulator":{"name":"functions"},"function":{"name":"us-central1-api"},"extension":{},"message":"[runtime-status] [22972] Resolved module firebase-functions {\"declared\":true,\"installed\":true,\"version\":\"5.0.1\",\"resolution\":\"D:\\\\MyDownloads\\\\React\\\\demo24\\\\functions\\\\node_modules\\\\firebase-functions\\\\lib\\\\v1\\\\index.js\"}"}}
[debug] [2024-07-19T11:39:18.966Z] [runtime-status] [22972] firebase-admin has been stubbed. {"adminResolution":{"declared":true,"installed":true,"version":"12.2.0","resolution":"D:\\MyDownloads\\React\\demo24\\functions\\node_modules\\firebase-admin\\lib\\index.js"}} {"metadata":{"emulator":{"name":"functions"},"function":{"name":"us-central1-api"},"extension":{},"message":"[runtime-status] [22972] firebase-admin has been stubbed. {\"adminResolution\":{\"declared\":true,\"installed\":true,\"version\":\"12.2.0\",\"resolution\":\"D:\\\\MyDownloads\\\\React\\\\demo24\\\\functions\\\\node_modules\\\\firebase-admin\\\\lib\\\\index.js\"}}"}}
[warn] !  D:\MyDownloads\React\demo24\functions\index.js:20
app.post("/payments/create", async (request, express.response) => {
                                             ^^^^^^^^^^^^^^^^

SyntaxError: Invalid destructuring assignment target
    at wrapSafe (node:internal/modules/cjs/loader:1281:20)
    at Module._compile (node:internal/modules/cjs/loader:1321:27)
    at Module._extensions..js (node:internal/modules/cjs/loader:1416:10)
    at Module.load (node:internal/modules/cjs/loader:1208:32)
    at Module._load (node:internal/modules/cjs/loader:1024:12)
    at Module.require (node:internal/modules/cjs/loader:1233:19)
    at require (node:internal/modules/helpers:179:18)
    at loadTriggers (C:\Users\wwwsh\AppData\Roaming\npm\node_modules\firebase-tools\lib\emulator\functionsEmulatorRuntime.js:584:25)
    at main (C:\Users\wwwsh\AppData\Roaming\npm\node_modules\firebase-tools\lib\emulator\functionsEmulatorRuntime.js:637:32)
    at process.processTicksAndRejections (node:internal/process/task_queues:95:5) {"metadata":{"emulator":{"name":"functions"},"function":{"name":"us-central1-api"},"extension":{},"message":"D:\\MyDownloads\\React\\demo24\\functions\\index.js:20\napp.post(\"/payments/create\", async (request, express.response) => {\n                                             ^^^^^^^^^^^^^^^^\n\nSyntaxError: Invalid destructuring assignment target\n    at wrapSafe (node:internal/modules/cjs/loader:1281:20)\n    at Module._compile (node:internal/modules/cjs/loader:1321:27)\n    at Module._extensions..js (node:internal/modules/cjs/loader:1416:10)\n    at Module.load (node:internal/modules/cjs/loader:1208:32)\n    at Module._load (node:internal/modules/cjs/loader:1024:12)\n    at Module.require (node:internal/modules/cjs/loader:1233:19)\n    at require (node:internal/modules/helpers:179:18)\n    at loadTriggers (C:\\Users\\wwwsh\\AppData\\Roaming\\npm\\node_modules\\firebase-tools\\lib\\emulator\\functionsEmulatorRuntime.js:584:25)\n    at main (C:\\Users\\wwwsh\\AppData\\Roaming\\npm\\node_modules\\firebase-tools\\lib\\emulator\\functionsEmulatorRuntime.js:637:32)\n    at process.processTicksAndRejections (node:internal/process/task_queues:95:5)"}}
[warn] !  We were unable to load your functions code. (see above) {"metadata":{"emulator":{"name":"functions"},"function":{"name":"us-central1-api"},"extension":{}}}
[warn] !  functions: Failed to initialize and load triggers. This shouldn't happen: Invalid destructuring assignment target {"metadata":{"emulator":{"name":"functions"},"function":{"name":"us-central1-api"},"extension":{},"message":"Failed to initialize and load triggers. This shouldn't happen: Invalid destructuring assignment target"}}
[warn] !  Your function was killed because it raised an unhandled error. {"metadata":{"emulator":{"name":"functions"},"function":{"name":"us-central1-api"},"extension":{},"message":"Your function was killed because it raised an unhandled error."}}
[debug] [2024-07-19T11:39:18.994Z] [worker-us-central1-api-ce01095f-fdd1-43ad-b3d6-2b95fc0b2859]: exited {"metadata":{"emulator":{"name":"functions"},"function":{"name":"us-central1-api"},"extension":{},"message":"[worker-us-central1-api-ce01095f-fdd1-43ad-b3d6-2b95fc0b2859]: exited"}}
[debug] [2024-07-19T11:39:18.994Z] [worker-us-central1-api-ce01095f-fdd1-43ad-b3d6-2b95fc0b2859]: FINISHED {"metadata":{"emulator":{"name":"functions"},"function":{"name":"us-central1-api"},"extension":{},"message":"[worker-us-central1-api-ce01095f-fdd1-43ad-b3d6-2b95fc0b2859]: FINISHED"}}
[debug] [2024-07-19T11:39:26.453Z] [work-queue] {"queuedWork":["/challenge-db720/us-central1/api/payments/create-2024-07-19T11:39:26.453Z"],"queueLength":1,"runningWork":["/challenge-db720/us-central1/api/payments/create-2024-07-19T11:39:14.034Z","/challenge-db720/us-central1/api/payments/create-2024-07-19T11:39:15.744Z","/challenge-db720/us-central1/api/payments/create-2024-07-19T11:39:16.392Z"],"workRunningCount":3}
[debug] [2024-07-19T11:39:26.453Z] [work-queue] {"queuedWork":[],"queueLength":0,"runningWork":["/challenge-db720/us-central1/api/payments/create-2024-07-19T11:39:14.034Z","/challenge-db720/us-central1/api/payments/create-2024-07-19T11:39:15.744Z","/challenge-db720/us-central1/api/payments/create-2024-07-19T11:39:16.392Z","/challenge-db720/us-central1/api/payments/create-2024-07-19T11:39:26.453Z"],"workRunningCount":4}
[debug] [2024-07-19T11:39:26.454Z] Accepted request POST /challenge-db720/us-central1/api/payments/create?total=26899 --> us-central1-api
[debug] [2024-07-19T11:39:26.454Z] [functions] Runtime ready! Sending request! {"metadata":{"emulator":{"name":"functions"},"message":"[functions] Runtime ready! Sending request!"}}
[debug] [2024-07-19T11:39:26.454Z] [functions] Got req.url=/challenge-db720/us-central1/api/payments/create?total=26899, mapping to path=/payments/create?total=26899 {"metadata":{"emulator":{"name":"functions"},"message":"[functions] Got req.url=/challenge-db720/us-central1/api/payments/create?total=26899, mapping to path=/payments/create?total=26899"}}
[debug] [2024-07-19T11:39:26.455Z] [worker-pool] Cleaned up workers for us-central1-api: 2 --> 0 {"metadata":{"emulator":{"name":"functions"},"message":"[worker-pool] Cleaned up workers for us-central1-api: 2 --> 0"}}
[debug] [2024-07-19T11:39:26.475Z] [worker-pool] addWorker(us-central1-api) {"metadata":{"emulator":{"name":"functions"},"message":"[worker-pool] addWorker(us-central1-api)"}}
[debug] [2024-07-19T11:39:26.475Z] [worker-pool] Adding worker with key us-central1-api, total=1 {"metadata":{"emulator":{"name":"functions"},"message":"[worker-pool] Adding worker with key us-central1-api, total=1"}}
[debug] [2024-07-19T11:39:28.107Z] [runtime-status] [24004] Resolved module firebase-admin {"declared":true,"installed":true,"version":"12.2.0","resolution":"D:\\MyDownloads\\React\\demo24\\functions\\node_modules\\firebase-admin\\lib\\index.js"} {"metadata":{"emulator":{"name":"functions"},"function":{"name":"us-central1-api"},"extension":{},"message":"[runtime-status] [24004] Resolved module firebase-admin {\"declared\":true,\"installed\":true,\"version\":\"12.2.0\",\"resolution\":\"D:\\\\MyDownloads\\\\React\\\\demo24\\\\functions\\\\node_modules\\\\firebase-admin\\\\lib\\\\index.js\"}"}}
[debug] [2024-07-19T11:39:28.110Z] [runtime-status] [24004] Resolved module firebase-functions {"declared":true,"installed":true,"version":"5.0.1","resolution":"D:\\MyDownloads\\React\\demo24\\functions\\node_modules\\firebase-functions\\lib\\v1\\index.js"} {"metadata":{"emulator":{"name":"functions"},"function":{"name":"us-central1-api"},"extension":{},"message":"[runtime-status] [24004] Resolved module firebase-functions {\"declared\":true,\"installed\":true,\"version\":\"5.0.1\",\"resolution\":\"D:\\\\MyDownloads\\\\React\\\\demo24\\\\functions\\\\node_modules\\\\firebase-functions\\\\lib\\\\v1\\\\index.js\"}"}}
[debug] [2024-07-19T11:39:28.111Z] [runtime-status] [24004] Outgoing network have been stubbed. [{"name":"http","status":"mocked"},{"name":"http","status":"mocked"},{"name":"https","status":"mocked"},{"name":"https","status":"mocked"},{"name":"net","status":"mocked"}] {"metadata":{"emulator":{"name":"functions"},"function":{"name":"us-central1-api"},"extension":{},"message":"[runtime-status] [24004] Outgoing network have been stubbed. [{\"name\":\"http\",\"status\":\"mocked\"},{\"name\":\"http\",\"status\":\"mocked\"},{\"name\":\"https\",\"status\":\"mocked\"},{\"name\":\"https\",\"status\":\"mocked\"},{\"name\":\"net\",\"status\":\"mocked\"}]"}}
[debug] [2024-07-19T11:39:28.112Z] [runtime-status] [24004] Resolved module firebase-functions {"declared":true,"installed":true,"version":"5.0.1","resolution":"D:\\MyDownloads\\React\\demo24\\functions\\node_modules\\firebase-functions\\lib\\v1\\index.js"} {"metadata":{"emulator":{"name":"functions"},"function":{"name":"us-central1-api"},"extension":{},"message":"[runtime-status] [24004] Resolved module firebase-functions {\"declared\":true,\"installed\":true,\"version\":\"5.0.1\",\"resolution\":\"D:\\\\MyDownloads\\\\React\\\\demo24\\\\functions\\\\node_modules\\\\firebase-functions\\\\lib\\\\v1\\\\index.js\"}"}}
[debug] [2024-07-19T11:39:28.450Z] [runtime-status] [24004] Checked functions.config() {"config":{}} {"metadata":{"emulator":{"name":"functions"},"function":{"name":"us-central1-api"},"extension":{},"message":"[runtime-status] [24004] Checked functions.config() {\"config\":{}}"}}
[debug] [2024-07-19T11:39:28.450Z] [runtime-status] [24004] firebase-functions has been stubbed. {"functionsResolution":{"declared":true,"installed":true,"version":"5.0.1","resolution":"D:\\MyDownloads\\React\\demo24\\functions\\node_modules\\firebase-functions\\lib\\v1\\index.js"}} {"metadata":{"emulator":{"name":"functions"},"function":{"name":"us-central1-api"},"extension":{},"message":"[runtime-status] [24004] firebase-functions has been stubbed. {\"functionsResolution\":{\"declared\":true,\"installed\":true,\"version\":\"5.0.1\",\"resolution\":\"D:\\\\MyDownloads\\\\React\\\\demo24\\\\functions\\\\node_modules\\\\firebase-functions\\\\lib\\\\v1\\\\index.js\"}}"}}
[debug] [2024-07-19T11:39:28.451Z] [runtime-status] [24004] Resolved module firebase-functions {"declared":true,"installed":true,"version":"5.0.1","resolution":"D:\\MyDownloads\\React\\demo24\\functions\\node_modules\\firebase-functions\\lib\\v1\\index.js"} {"metadata":{"emulator":{"name":"functions"},"function":{"name":"us-central1-api"},"extension":{},"message":"[runtime-status] [24004] Resolved module firebase-functions {\"declared\":true,\"installed\":true,\"version\":\"5.0.1\",\"resolution\":\"D:\\\\MyDownloads\\\\React\\\\demo24\\\\functions\\\\node_modules\\\\firebase-functions\\\\lib\\\\v1\\\\index.js\"}"}}
[debug] [2024-07-19T11:39:28.453Z] [runtime-status] [24004] Resolved module firebase-admin {"declared":true,"installed":true,"version":"12.2.0","resolution":"D:\\MyDownloads\\React\\demo24\\functions\\node_modules\\firebase-admin\\lib\\index.js"} {"metadata":{"emulator":{"name":"functions"},"function":{"name":"us-central1-api"},"extension":{},"message":"[runtime-status] [24004] Resolved module firebase-admin {\"declared\":true,\"installed\":true,\"version\":\"12.2.0\",\"resolution\":\"D:\\\\MyDownloads\\\\React\\\\demo24\\\\functions\\\\node_modules\\\\firebase-admin\\\\lib\\\\index.js\"}"}}
[debug] [2024-07-19T11:39:28.457Z] [runtime-status] [24004] Resolved module firebase-functions {"declared":true,"installed":true,"version":"5.0.1","resolution":"D:\\MyDownloads\\React\\demo24\\functions\\node_modules\\firebase-functions\\lib\\v1\\index.js"} {"metadata":{"emulator":{"name":"functions"},"function":{"name":"us-central1-api"},"extension":{},"message":"[runtime-status] [24004] Resolved module firebase-functions {\"declared\":true,\"installed\":true,\"version\":\"5.0.1\",\"resolution\":\"D:\\\\MyDownloads\\\\React\\\\demo24\\\\functions\\\\node_modules\\\\firebase-functions\\\\lib\\\\v1\\\\index.js\"}"}}
[debug] [2024-07-19T11:39:28.457Z] [runtime-status] [24004] firebase-admin has been stubbed. {"adminResolution":{"declared":true,"installed":true,"version":"12.2.0","resolution":"D:\\MyDownloads\\React\\demo24\\functions\\node_modules\\firebase-admin\\lib\\index.js"}} {"metadata":{"emulator":{"name":"functions"},"function":{"name":"us-central1-api"},"extension":{},"message":"[runtime-status] [24004] firebase-admin has been stubbed. {\"adminResolution\":{\"declared\":true,\"installed\":true,\"version\":\"12.2.0\",\"resolution\":\"D:\\\\MyDownloads\\\\React\\\\demo24\\\\functions\\\\node_modules\\\\firebase-admin\\\\lib\\\\index.js\"}}"}}
[warn] !  D:\MyDownloads\React\demo24\functions\index.js:20
app.post("/payments/create", async (request, express.response) => {
                                             ^^^^^^^^^^^^^^^^

SyntaxError: Invalid destructuring assignment target
    at wrapSafe (node:internal/modules/cjs/loader:1281:20)
    at Module._compile (node:internal/modules/cjs/loader:1321:27)
    at Module._extensions..js (node:internal/modules/cjs/loader:1416:10)
    at Module.load (node:internal/modules/cjs/loader:1208:32)
    at Module._load (node:internal/modules/cjs/loader:1024:12)
    at Module.require (node:internal/modules/cjs/loader:1233:19)
    at require (node:internal/modules/helpers:179:18)
    at loadTriggers (C:\Users\wwwsh\AppData\Roaming\npm\node_modules\firebase-tools\lib\emulator\functionsEmulatorRuntime.js:584:25)
    at main (C:\Users\wwwsh\AppData\Roaming\npm\node_modules\firebase-tools\lib\emulator\functionsEmulatorRuntime.js:637:32)
    at process.processTicksAndRejections (node:internal/process/task_queues:95:5) {"metadata":{"emulator":{"name":"functions"},"function":{"name":"us-central1-api"},"extension":{},"message":"D:\\MyDownloads\\React\\demo24\\functions\\index.js:20\napp.post(\"/payments/create\", async (request, express.response) => {\n                                             ^^^^^^^^^^^^^^^^\n\nSyntaxError: Invalid destructuring assignment target\n    at wrapSafe (node:internal/modules/cjs/loader:1281:20)\n    at Module._compile (node:internal/modules/cjs/loader:1321:27)\n    at Module._extensions..js (node:internal/modules/cjs/loader:1416:10)\n    at Module.load (node:internal/modules/cjs/loader:1208:32)\n    at Module._load (node:internal/modules/cjs/loader:1024:12)\n    at Module.require (node:internal/modules/cjs/loader:1233:19)\n    at require (node:internal/modules/helpers:179:18)\n    at loadTriggers (C:\\Users\\wwwsh\\AppData\\Roaming\\npm\\node_modules\\firebase-tools\\lib\\emulator\\functionsEmulatorRuntime.js:584:25)\n    at main (C:\\Users\\wwwsh\\AppData\\Roaming\\npm\\node_modules\\firebase-tools\\lib\\emulator\\functionsEmulatorRuntime.js:637:32)\n    at process.processTicksAndRejections (node:internal/process/task_queues:95:5)"}}
[warn] !  We were unable to load your functions code. (see above) {"metadata":{"emulator":{"name":"functions"},"function":{"name":"us-central1-api"},"extension":{}}}
[warn] !  functions: Failed to initialize and load triggers. This shouldn't happen: Invalid destructuring assignment target {"metadata":{"emulator":{"name":"functions"},"function":{"name":"us-central1-api"},"extension":{},"message":"Failed to initialize and load triggers. This shouldn't happen: Invalid destructuring assignment target"}}
[warn] !  Your function was killed because it raised an unhandled error. {"metadata":{"emulator":{"name":"functions"},"function":{"name":"us-central1-api"},"extension":{},"message":"Your function was killed because it raised an unhandled error."}}
[debug] [2024-07-19T11:39:28.479Z] [worker-us-central1-api-1d2a7d66-8cd8-4c6a-9cc0-1382a69c522f]: exited {"metadata":{"emulator":{"name":"functions"},"function":{"name":"us-central1-api"},"extension":{},"message":"[worker-us-central1-api-1d2a7d66-8cd8-4c6a-9cc0-1382a69c522f]: exited"}}
[debug] [2024-07-19T11:39:28.479Z] [worker-us-central1-api-1d2a7d66-8cd8-4c6a-9cc0-1382a69c522f]: FINISHED {"metadata":{"emulator":{"name":"functions"},"function":{"name":"us-central1-api"},"extension":{},"message":"[worker-us-central1-api-1d2a7d66-8cd8-4c6a-9cc0-1382a69c522f]: FINISHED"}}
[error] !!  functions: Failed to handle request for function us-central1-api {"metadata":{"emulator":{"name":"functions"},"message":"Failed to handle request for function us-central1-api"}}
[error] !!  functions: Failed to start functions in D:\MyDownloads\React\demo24\functions: FirebaseError: Failed to load function. {"metadata":{"emulator":{"name":"functions"},"message":"Failed to start functions in D:\\MyDownloads\\React\\demo24\\functions: FirebaseError: Failed to load function."}}
[debug] [2024-07-19T11:39:44.109Z] [work-queue] {"queuedWork":[],"queueLength":0,"runningWork":["/challenge-db720/us-central1/api/payments/create-2024-07-19T11:39:15.744Z","/challenge-db720/us-central1/api/payments/create-2024-07-19T11:39:16.392Z","/challenge-db720/us-central1/api/payments/create-2024-07-19T11:39:26.453Z"],"workRunningCount":3}
[error] !!  functions: Failed to handle request for function us-central1-api {"metadata":{"emulator":{"name":"functions"},"message":"Failed to handle request for function us-central1-api"}}
[error] !!  functions: Failed to start functions in D:\MyDownloads\React\demo24\functions: FirebaseError: Failed to load function. {"metadata":{"emulator":{"name":"functions"},"message":"Failed to start functions in D:\\MyDownloads\\React\\demo24\\functions: FirebaseError: Failed to load function."}}
[debug] [2024-07-19T11:39:45.857Z] [work-queue] {"queuedWork":[],"queueLength":0,"runningWork":["/challenge-db720/us-central1/api/payments/create-2024-07-19T11:39:16.392Z","/challenge-db720/us-central1/api/payments/create-2024-07-19T11:39:26.453Z"],"workRunningCount":2}
[error] !!  functions: Failed to handle request for function us-central1-api {"metadata":{"emulator":{"name":"functions"},"message":"Failed to handle request for function us-central1-api"}}
[error] !!  functions: Failed to start functions in D:\MyDownloads\React\demo24\functions: FirebaseError: Failed to load function. {"metadata":{"emulator":{"name":"functions"},"message":"Failed to start functions in D:\\MyDownloads\\React\\demo24\\functions: FirebaseError: Failed to load function."}}
[debug] [2024-07-19T11:39:46.518Z] [work-queue] {"queuedWork":[],"queueLength":0,"runningWork":["/challenge-db720/us-central1/api/payments/create-2024-07-19T11:39:26.453Z"],"workRunningCount":1}
[error] !!  functions: Failed to handle request for function us-central1-api {"metadata":{"emulator":{"name":"functions"},"message":"Failed to handle request for function us-central1-api"}}
[error] !!  functions: Failed to start functions in D:\MyDownloads\React\demo24\functions: FirebaseError: Failed to load function. {"metadata":{"emulator":{"name":"functions"},"message":"Failed to start functions in D:\\MyDownloads\\React\\demo24\\functions: FirebaseError: Failed to load function."}}
[debug] [2024-07-19T11:39:56.554Z] [work-queue] {"queuedWork":[],"queueLength":0,"runningWork":[],"workRunningCount":0}
[debug] [2024-07-19T11:40:40.844Z] [work-queue] {"queuedWork":["/challenge-db720/us-central1/api/payments/create-2024-07-19T11:40:40.844Z"],"queueLength":1,"runningWork":[],"workRunningCount":0}
[debug] [2024-07-19T11:40:40.844Z] [work-queue] {"queuedWork":[],"queueLength":0,"runningWork":["/challenge-db720/us-central1/api/payments/create-2024-07-19T11:40:40.844Z"],"workRunningCount":1}
[debug] [2024-07-19T11:40:40.844Z] Accepted request POST /challenge-db720/us-central1/api/payments/create?total=0 --> us-central1-api
[debug] [2024-07-19T11:40:40.844Z] [functions] Runtime ready! Sending request! {"metadata":{"emulator":{"name":"functions"},"message":"[functions] Runtime ready! Sending request!"}}
[debug] [2024-07-19T11:40:40.845Z] [functions] Got req.url=/challenge-db720/us-central1/api/payments/create?total=0, mapping to path=/payments/create?total=0 {"metadata":{"emulator":{"name":"functions"},"message":"[functions] Got req.url=/challenge-db720/us-central1/api/payments/create?total=0, mapping to path=/payments/create?total=0"}}
[debug] [2024-07-19T11:40:40.845Z] [worker-pool] Cleaned up workers for us-central1-api: 1 --> 0 {"metadata":{"emulator":{"name":"functions"},"message":"[worker-pool] Cleaned up workers for us-central1-api: 1 --> 0"}}
[debug] [2024-07-19T11:40:40.861Z] [worker-pool] addWorker(us-central1-api) {"metadata":{"emulator":{"name":"functions"},"message":"[worker-pool] addWorker(us-central1-api)"}}
[debug] [2024-07-19T11:40:40.861Z] [worker-pool] Adding worker with key us-central1-api, total=1 {"metadata":{"emulator":{"name":"functions"},"message":"[worker-pool] Adding worker with key us-central1-api, total=1"}}
[debug] [2024-07-19T11:40:42.661Z] [runtime-status] [9496] Resolved module firebase-admin {"declared":true,"installed":true,"version":"12.2.0","resolution":"D:\\MyDownloads\\React\\demo24\\functions\\node_modules\\firebase-admin\\lib\\index.js"} {"metadata":{"emulator":{"name":"functions"},"function":{"name":"us-central1-api"},"extension":{},"message":"[runtime-status] [9496] Resolved module firebase-admin {\"declared\":true,\"installed\":true,\"version\":\"12.2.0\",\"resolution\":\"D:\\\\MyDownloads\\\\React\\\\demo24\\\\functions\\\\node_modules\\\\firebase-admin\\\\lib\\\\index.js\"}"}}
[debug] [2024-07-19T11:40:42.663Z] [runtime-status] [9496] Resolved module firebase-functions {"declared":true,"installed":true,"version":"5.0.1","resolution":"D:\\MyDownloads\\React\\demo24\\functions\\node_modules\\firebase-functions\\lib\\v1\\index.js"} {"metadata":{"emulator":{"name":"functions"},"function":{"name":"us-central1-api"},"extension":{},"message":"[runtime-status] [9496] Resolved module firebase-functions {\"declared\":true,\"installed\":true,\"version\":\"5.0.1\",\"resolution\":\"D:\\\\MyDownloads\\\\React\\\\demo24\\\\functions\\\\node_modules\\\\firebase-functions\\\\lib\\\\v1\\\\index.js\"}"}}
[debug] [2024-07-19T11:40:42.664Z] [runtime-status] [9496] Outgoing network have been stubbed. [{"name":"http","status":"mocked"},{"name":"http","status":"mocked"},{"name":"https","status":"mocked"},{"name":"https","status":"mocked"},{"name":"net","status":"mocked"}] {"metadata":{"emulator":{"name":"functions"},"function":{"name":"us-central1-api"},"extension":{},"message":"[runtime-status] [9496] Outgoing network have been stubbed. [{\"name\":\"http\",\"status\":\"mocked\"},{\"name\":\"http\",\"status\":\"mocked\"},{\"name\":\"https\",\"status\":\"mocked\"},{\"name\":\"https\",\"status\":\"mocked\"},{\"name\":\"net\",\"status\":\"mocked\"}]"}}
[debug] [2024-07-19T11:40:42.666Z] [runtime-status] [9496] Resolved module firebase-functions {"declared":true,"installed":true,"version":"5.0.1","resolution":"D:\\MyDownloads\\React\\demo24\\functions\\node_modules\\firebase-functions\\lib\\v1\\index.js"} {"metadata":{"emulator":{"name":"functions"},"function":{"name":"us-central1-api"},"extension":{},"message":"[runtime-status] [9496] Resolved module firebase-functions {\"declared\":true,\"installed\":true,\"version\":\"5.0.1\",\"resolution\":\"D:\\\\MyDownloads\\\\React\\\\demo24\\\\functions\\\\node_modules\\\\firebase-functions\\\\lib\\\\v1\\\\index.js\"}"}}
[debug] [2024-07-19T11:40:42.965Z] [runtime-status] [9496] Checked functions.config() {"config":{}} {"metadata":{"emulator":{"name":"functions"},"function":{"name":"us-central1-api"},"extension":{},"message":"[runtime-status] [9496] Checked functions.config() {\"config\":{}}"}}
[debug] [2024-07-19T11:40:42.965Z] [runtime-status] [9496] firebase-functions has been stubbed. {"functionsResolution":{"declared":true,"installed":true,"version":"5.0.1","resolution":"D:\\MyDownloads\\React\\demo24\\functions\\node_modules\\firebase-functions\\lib\\v1\\index.js"}} {"metadata":{"emulator":{"name":"functions"},"function":{"name":"us-central1-api"},"extension":{},"message":"[runtime-status] [9496] firebase-functions has been stubbed. {\"functionsResolution\":{\"declared\":true,\"installed\":true,\"version\":\"5.0.1\",\"resolution\":\"D:\\\\MyDownloads\\\\React\\\\demo24\\\\functions\\\\node_modules\\\\firebase-functions\\\\lib\\\\v1\\\\index.js\"}}"}}
[debug] [2024-07-19T11:40:42.966Z] [runtime-status] [9496] Resolved module firebase-functions {"declared":true,"installed":true,"version":"5.0.1","resolution":"D:\\MyDownloads\\React\\demo24\\functions\\node_modules\\firebase-functions\\lib\\v1\\index.js"} {"metadata":{"emulator":{"name":"functions"},"function":{"name":"us-central1-api"},"extension":{},"message":"[runtime-status] [9496] Resolved module firebase-functions {\"declared\":true,\"installed\":true,\"version\":\"5.0.1\",\"resolution\":\"D:\\\\MyDownloads\\\\React\\\\demo24\\\\functions\\\\node_modules\\\\firebase-functions\\\\lib\\\\v1\\\\index.js\"}"}}
[debug] [2024-07-19T11:40:42.967Z] [runtime-status] [9496] Resolved module firebase-admin {"declared":true,"installed":true,"version":"12.2.0","resolution":"D:\\MyDownloads\\React\\demo24\\functions\\node_modules\\firebase-admin\\lib\\index.js"} {"metadata":{"emulator":{"name":"functions"},"function":{"name":"us-central1-api"},"extension":{},"message":"[runtime-status] [9496] Resolved module firebase-admin {\"declared\":true,\"installed\":true,\"version\":\"12.2.0\",\"resolution\":\"D:\\\\MyDownloads\\\\React\\\\demo24\\\\functions\\\\node_modules\\\\firebase-admin\\\\lib\\\\index.js\"}"}}
[debug] [2024-07-19T11:40:42.969Z] [runtime-status] [9496] Resolved module firebase-functions {"declared":true,"installed":true,"version":"5.0.1","resolution":"D:\\MyDownloads\\React\\demo24\\functions\\node_modules\\firebase-functions\\lib\\v1\\index.js"} {"metadata":{"emulator":{"name":"functions"},"function":{"name":"us-central1-api"},"extension":{},"message":"[runtime-status] [9496] Resolved module firebase-functions {\"declared\":true,\"installed\":true,\"version\":\"5.0.1\",\"resolution\":\"D:\\\\MyDownloads\\\\React\\\\demo24\\\\functions\\\\node_modules\\\\firebase-functions\\\\lib\\\\v1\\\\index.js\"}"}}
[debug] [2024-07-19T11:40:42.969Z] [runtime-status] [9496] firebase-admin has been stubbed. {"adminResolution":{"declared":true,"installed":true,"version":"12.2.0","resolution":"D:\\MyDownloads\\React\\demo24\\functions\\node_modules\\firebase-admin\\lib\\index.js"}} {"metadata":{"emulator":{"name":"functions"},"function":{"name":"us-central1-api"},"extension":{},"message":"[runtime-status] [9496] firebase-admin has been stubbed. {\"adminResolution\":{\"declared\":true,\"installed\":true,\"version\":\"12.2.0\",\"resolution\":\"D:\\\\MyDownloads\\\\React\\\\demo24\\\\functions\\\\node_modules\\\\firebase-admin\\\\lib\\\\index.js\"}}"}}
[warn] !  D:\MyDownloads\React\demo24\functions\index.js:20
app.post("/payments/create", async (request, express.response) => {
                                             ^^^^^^^^^^^^^^^^

SyntaxError: Invalid destructuring assignment target
    at wrapSafe (node:internal/modules/cjs/loader:1281:20)
    at Module._compile (node:internal/modules/cjs/loader:1321:27)
    at Module._extensions..js (node:internal/modules/cjs/loader:1416:10)
    at Module.load (node:internal/modules/cjs/loader:1208:32)
    at Module._load (node:internal/modules/cjs/loader:1024:12)
    at Module.require (node:internal/modules/cjs/loader:1233:19)
    at require (node:internal/modules/helpers:179:18)
    at loadTriggers (C:\Users\wwwsh\AppData\Roaming\npm\node_modules\firebase-tools\lib\emulator\functionsEmulatorRuntime.js:584:25)
    at main (C:\Users\wwwsh\AppData\Roaming\npm\node_modules\firebase-tools\lib\emulator\functionsEmulatorRuntime.js:637:32)
    at process.processTicksAndRejections (node:internal/process/task_queues:95:5) {"metadata":{"emulator":{"name":"functions"},"function":{"name":"us-central1-api"},"extension":{},"message":"D:\\MyDownloads\\React\\demo24\\functions\\index.js:20\napp.post(\"/payments/create\", async (request, express.response) => {\n                                             ^^^^^^^^^^^^^^^^\n\nSyntaxError: Invalid destructuring assignment target\n    at wrapSafe (node:internal/modules/cjs/loader:1281:20)\n    at Module._compile (node:internal/modules/cjs/loader:1321:27)\n    at Module._extensions..js (node:internal/modules/cjs/loader:1416:10)\n    at Module.load (node:internal/modules/cjs/loader:1208:32)\n    at Module._load (node:internal/modules/cjs/loader:1024:12)\n    at Module.require (node:internal/modules/cjs/loader:1233:19)\n    at require (node:internal/modules/helpers:179:18)\n    at loadTriggers (C:\\Users\\wwwsh\\AppData\\Roaming\\npm\\node_modules\\firebase-tools\\lib\\emulator\\functionsEmulatorRuntime.js:584:25)\n    at main (C:\\Users\\wwwsh\\AppData\\Roaming\\npm\\node_modules\\firebase-tools\\lib\\emulator\\functionsEmulatorRuntime.js:637:32)\n    at process.processTicksAndRejections (node:internal/process/task_queues:95:5)"}}
[warn] !  We were unable to load your functions code. (see above) {"metadata":{"emulator":{"name":"functions"},"function":{"name":"us-central1-api"},"extension":{}}}
[warn] !  functions: Failed to initialize and load triggers. This shouldn't happen: Invalid destructuring assignment target {"metadata":{"emulator":{"name":"functions"},"function":{"name":"us-central1-api"},"extension":{},"message":"Failed to initialize and load triggers. This shouldn't happen: Invalid destructuring assignment target"}}
[warn] !  Your function was killed because it raised an unhandled error. {"metadata":{"emulator":{"name":"functions"},"function":{"name":"us-central1-api"},"extension":{},"message":"Your function was killed because it raised an unhandled error."}}
[debug] [2024-07-19T11:40:42.987Z] [worker-us-central1-api-9511c4e4-089f-4364-9551-ecb62ed0f4c8]: exited {"metadata":{"emulator":{"name":"functions"},"function":{"name":"us-central1-api"},"extension":{},"message":"[worker-us-central1-api-9511c4e4-089f-4364-9551-ecb62ed0f4c8]: exited"}}
[debug] [2024-07-19T11:40:42.988Z] [worker-us-central1-api-9511c4e4-089f-4364-9551-ecb62ed0f4c8]: FINISHED {"metadata":{"emulator":{"name":"functions"},"function":{"name":"us-central1-api"},"extension":{},"message":"[worker-us-central1-api-9511c4e4-089f-4364-9551-ecb62ed0f4c8]: FINISHED"}}
[error] !!  functions: Failed to handle request for function us-central1-api {"metadata":{"emulator":{"name":"functions"},"message":"Failed to handle request for function us-central1-api"}}
[error] !!  functions: Failed to start functions in D:\MyDownloads\React\demo24\functions: FirebaseError: Failed to load function. {"metadata":{"emulator":{"name":"functions"},"message":"Failed to start functions in D:\\MyDownloads\\React\\demo24\\functions: FirebaseError: Failed to load function."}}
[debug] [2024-07-19T11:41:10.873Z] [work-queue] {"queuedWork":[],"queueLength":0,"runningWork":[],"workRunningCount":0}
[debug] [2024-07-19T11:41:18.560Z] [work-queue] {"queuedWork":["/challenge-db720/us-central1/api/payments/create-2024-07-19T11:41:18.560Z"],"queueLength":1,"runningWork":[],"workRunningCount":0}
[debug] [2024-07-19T11:41:18.560Z] [work-queue] {"queuedWork":[],"queueLength":0,"runningWork":["/challenge-db720/us-central1/api/payments/create-2024-07-19T11:41:18.560Z"],"workRunningCount":1}
[debug] [2024-07-19T11:41:18.560Z] Accepted request POST /challenge-db720/us-central1/api/payments/create?total=26899 --> us-central1-api
[debug] [2024-07-19T11:41:18.561Z] [functions] Runtime ready! Sending request! {"metadata":{"emulator":{"name":"functions"},"message":"[functions] Runtime ready! Sending request!"}}
[debug] [2024-07-19T11:41:18.561Z] [functions] Got req.url=/challenge-db720/us-central1/api/payments/create?total=26899, mapping to path=/payments/create?total=26899 {"metadata":{"emulator":{"name":"functions"},"message":"[functions] Got req.url=/challenge-db720/us-central1/api/payments/create?total=26899, mapping to path=/payments/create?total=26899"}}
[debug] [2024-07-19T11:41:18.561Z] [worker-pool] Cleaned up workers for us-central1-api: 1 --> 0 {"metadata":{"emulator":{"name":"functions"},"message":"[worker-pool] Cleaned up workers for us-central1-api: 1 --> 0"}}
[debug] [2024-07-19T11:41:18.594Z] [worker-pool] addWorker(us-central1-api) {"metadata":{"emulator":{"name":"functions"},"message":"[worker-pool] addWorker(us-central1-api)"}}
[debug] [2024-07-19T11:41:18.594Z] [worker-pool] Adding worker with key us-central1-api, total=1 {"metadata":{"emulator":{"name":"functions"},"message":"[worker-pool] Adding worker with key us-central1-api, total=1"}}
[debug] [2024-07-19T11:41:20.190Z] [runtime-status] [22760] Resolved module firebase-admin {"declared":true,"installed":true,"version":"12.2.0","resolution":"D:\\MyDownloads\\React\\demo24\\functions\\node_modules\\firebase-admin\\lib\\index.js"} {"metadata":{"emulator":{"name":"functions"},"function":{"name":"us-central1-api"},"extension":{},"message":"[runtime-status] [22760] Resolved module firebase-admin {\"declared\":true,\"installed\":true,\"version\":\"12.2.0\",\"resolution\":\"D:\\\\MyDownloads\\\\React\\\\demo24\\\\functions\\\\node_modules\\\\firebase-admin\\\\lib\\\\index.js\"}"}}
[debug] [2024-07-19T11:41:20.193Z] [runtime-status] [22760] Resolved module firebase-functions {"declared":true,"installed":true,"version":"5.0.1","resolution":"D:\\MyDownloads\\React\\demo24\\functions\\node_modules\\firebase-functions\\lib\\v1\\index.js"} {"metadata":{"emulator":{"name":"functions"},"function":{"name":"us-central1-api"},"extension":{},"message":"[runtime-status] [22760] Resolved module firebase-functions {\"declared\":true,\"installed\":true,\"version\":\"5.0.1\",\"resolution\":\"D:\\\\MyDownloads\\\\React\\\\demo24\\\\functions\\\\node_modules\\\\firebase-functions\\\\lib\\\\v1\\\\index.js\"}"}}
[debug] [2024-07-19T11:41:20.193Z] [runtime-status] [22760] Outgoing network have been stubbed. [{"name":"http","status":"mocked"},{"name":"http","status":"mocked"},{"name":"https","status":"mocked"},{"name":"https","status":"mocked"},{"name":"net","status":"mocked"}] {"metadata":{"emulator":{"name":"functions"},"function":{"name":"us-central1-api"},"extension":{},"message":"[runtime-status] [22760] Outgoing network have been stubbed. [{\"name\":\"http\",\"status\":\"mocked\"},{\"name\":\"http\",\"status\":\"mocked\"},{\"name\":\"https\",\"status\":\"mocked\"},{\"name\":\"https\",\"status\":\"mocked\"},{\"name\":\"net\",\"status\":\"mocked\"}]"}}
[debug] [2024-07-19T11:41:20.195Z] [runtime-status] [22760] Resolved module firebase-functions {"declared":true,"installed":true,"version":"5.0.1","resolution":"D:\\MyDownloads\\React\\demo24\\functions\\node_modules\\firebase-functions\\lib\\v1\\index.js"} {"metadata":{"emulator":{"name":"functions"},"function":{"name":"us-central1-api"},"extension":{},"message":"[runtime-status] [22760] Resolved module firebase-functions {\"declared\":true,\"installed\":true,\"version\":\"5.0.1\",\"resolution\":\"D:\\\\MyDownloads\\\\React\\\\demo24\\\\functions\\\\node_modules\\\\firebase-functions\\\\lib\\\\v1\\\\index.js\"}"}}
[debug] [2024-07-19T11:41:20.554Z] [runtime-status] [22760] Checked functions.config() {"config":{}} {"metadata":{"emulator":{"name":"functions"},"function":{"name":"us-central1-api"},"extension":{},"message":"[runtime-status] [22760] Checked functions.config() {\"config\":{}}"}}
[debug] [2024-07-19T11:41:20.554Z] [runtime-status] [22760] firebase-functions has been stubbed. {"functionsResolution":{"declared":true,"installed":true,"version":"5.0.1","resolution":"D:\\MyDownloads\\React\\demo24\\functions\\node_modules\\firebase-functions\\lib\\v1\\index.js"}} {"metadata":{"emulator":{"name":"functions"},"function":{"name":"us-central1-api"},"extension":{},"message":"[runtime-status] [22760] firebase-functions has been stubbed. {\"functionsResolution\":{\"declared\":true,\"installed\":true,\"version\":\"5.0.1\",\"resolution\":\"D:\\\\MyDownloads\\\\React\\\\demo24\\\\functions\\\\node_modules\\\\firebase-functions\\\\lib\\\\v1\\\\index.js\"}}"}}
[debug] [2024-07-19T11:41:20.555Z] [runtime-status] [22760] Resolved module firebase-functions {"declared":true,"installed":true,"version":"5.0.1","resolution":"D:\\MyDownloads\\React\\demo24\\functions\\node_modules\\firebase-functions\\lib\\v1\\index.js"} {"metadata":{"emulator":{"name":"functions"},"function":{"name":"us-central1-api"},"extension":{},"message":"[runtime-status] [22760] Resolved module firebase-functions {\"declared\":true,\"installed\":true,\"version\":\"5.0.1\",\"resolution\":\"D:\\\\MyDownloads\\\\React\\\\demo24\\\\functions\\\\node_modules\\\\firebase-functions\\\\lib\\\\v1\\\\index.js\"}"}}
[debug] [2024-07-19T11:41:20.556Z] [runtime-status] [22760] Resolved module firebase-admin {"declared":true,"installed":true,"version":"12.2.0","resolution":"D:\\MyDownloads\\React\\demo24\\functions\\node_modules\\firebase-admin\\lib\\index.js"} {"metadata":{"emulator":{"name":"functions"},"function":{"name":"us-central1-api"},"extension":{},"message":"[runtime-status] [22760] Resolved module firebase-admin {\"declared\":true,\"installed\":true,\"version\":\"12.2.0\",\"resolution\":\"D:\\\\MyDownloads\\\\React\\\\demo24\\\\functions\\\\node_modules\\\\firebase-admin\\\\lib\\\\index.js\"}"}}
[debug] [2024-07-19T11:41:20.558Z] [runtime-status] [22760] Resolved module firebase-functions {"declared":true,"installed":true,"version":"5.0.1","resolution":"D:\\MyDownloads\\React\\demo24\\functions\\node_modules\\firebase-functions\\lib\\v1\\index.js"} {"metadata":{"emulator":{"name":"functions"},"function":{"name":"us-central1-api"},"extension":{},"message":"[runtime-status] [22760] Resolved module firebase-functions {\"declared\":true,\"installed\":true,\"version\":\"5.0.1\",\"resolution\":\"D:\\\\MyDownloads\\\\React\\\\demo24\\\\functions\\\\node_modules\\\\firebase-functions\\\\lib\\\\v1\\\\index.js\"}"}}
[debug] [2024-07-19T11:41:20.558Z] [runtime-status] [22760] firebase-admin has been stubbed. {"adminResolution":{"declared":true,"installed":true,"version":"12.2.0","resolution":"D:\\MyDownloads\\React\\demo24\\functions\\node_modules\\firebase-admin\\lib\\index.js"}} {"metadata":{"emulator":{"name":"functions"},"function":{"name":"us-central1-api"},"extension":{},"message":"[runtime-status] [22760] firebase-admin has been stubbed. {\"adminResolution\":{\"declared\":true,\"installed\":true,\"version\":\"12.2.0\",\"resolution\":\"D:\\\\MyDownloads\\\\React\\\\demo24\\\\functions\\\\node_modules\\\\firebase-admin\\\\lib\\\\index.js\"}}"}}
[warn] !  D:\MyDownloads\React\demo24\functions\index.js:20
app.post("/payments/create", async (request, express.response) => {
                                             ^^^^^^^^^^^^^^^^

SyntaxError: Invalid destructuring assignment target
    at wrapSafe (node:internal/modules/cjs/loader:1281:20)
    at Module._compile (node:internal/modules/cjs/loader:1321:27)
    at Module._extensions..js (node:internal/modules/cjs/loader:1416:10)
    at Module.load (node:internal/modules/cjs/loader:1208:32)
    at Module._load (node:internal/modules/cjs/loader:1024:12)
    at Module.require (node:internal/modules/cjs/loader:1233:19)
    at require (node:internal/modules/helpers:179:18)
    at loadTriggers (C:\Users\wwwsh\AppData\Roaming\npm\node_modules\firebase-tools\lib\emulator\functionsEmulatorRuntime.js:584:25)
    at main (C:\Users\wwwsh\AppData\Roaming\npm\node_modules\firebase-tools\lib\emulator\functionsEmulatorRuntime.js:637:32)
    at process.processTicksAndRejections (node:internal/process/task_queues:95:5) {"metadata":{"emulator":{"name":"functions"},"function":{"name":"us-central1-api"},"extension":{},"message":"D:\\MyDownloads\\React\\demo24\\functions\\index.js:20\napp.post(\"/payments/create\", async (request, express.response) => {\n                                             ^^^^^^^^^^^^^^^^\n\nSyntaxError: Invalid destructuring assignment target\n    at wrapSafe (node:internal/modules/cjs/loader:1281:20)\n    at Module._compile (node:internal/modules/cjs/loader:1321:27)\n    at Module._extensions..js (node:internal/modules/cjs/loader:1416:10)\n    at Module.load (node:internal/modules/cjs/loader:1208:32)\n    at Module._load (node:internal/modules/cjs/loader:1024:12)\n    at Module.require (node:internal/modules/cjs/loader:1233:19)\n    at require (node:internal/modules/helpers:179:18)\n    at loadTriggers (C:\\Users\\wwwsh\\AppData\\Roaming\\npm\\node_modules\\firebase-tools\\lib\\emulator\\functionsEmulatorRuntime.js:584:25)\n    at main (C:\\Users\\wwwsh\\AppData\\Roaming\\npm\\node_modules\\firebase-tools\\lib\\emulator\\functionsEmulatorRuntime.js:637:32)\n    at process.processTicksAndRejections (node:internal/process/task_queues:95:5)"}}
[warn] !  We were unable to load your functions code. (see above) {"metadata":{"emulator":{"name":"functions"},"function":{"name":"us-central1-api"},"extension":{}}}
[warn] !  functions: Failed to initialize and load triggers. This shouldn't happen: Invalid destructuring assignment target {"metadata":{"emulator":{"name":"functions"},"function":{"name":"us-central1-api"},"extension":{},"message":"Failed to initialize and load triggers. This shouldn't happen: Invalid destructuring assignment target"}}
[warn] !  Your function was killed because it raised an unhandled error. {"metadata":{"emulator":{"name":"functions"},"function":{"name":"us-central1-api"},"extension":{},"message":"Your function was killed because it raised an unhandled error."}}
[debug] [2024-07-19T11:41:20.583Z] [worker-us-central1-api-566c7528-0a39-4559-8f00-2a665256cd6e]: exited {"metadata":{"emulator":{"name":"functions"},"function":{"name":"us-central1-api"},"extension":{},"message":"[worker-us-central1-api-566c7528-0a39-4559-8f00-2a665256cd6e]: exited"}}
[debug] [2024-07-19T11:41:20.583Z] [worker-us-central1-api-566c7528-0a39-4559-8f00-2a665256cd6e]: FINISHED {"metadata":{"emulator":{"name":"functions"},"function":{"name":"us-central1-api"},"extension":{},"message":"[worker-us-central1-api-566c7528-0a39-4559-8f00-2a665256cd6e]: FINISHED"}}
[error] !!  functions: Failed to handle request for function us-central1-api {"metadata":{"emulator":{"name":"functions"},"message":"Failed to handle request for function us-central1-api"}}
[error] !!  functions: Failed to start functions in D:\MyDownloads\React\demo24\functions: FirebaseError: Failed to load function. {"metadata":{"emulator":{"name":"functions"},"message":"Failed to start functions in D:\\MyDownloads\\React\\demo24\\functions: FirebaseError: Failed to load function."}}
[debug] [2024-07-19T11:41:48.609Z] [work-queue] {"queuedWork":[],"queueLength":0,"runningWork":[],"workRunningCount":0}
[debug] [2024-07-19T11:43:31.281Z] [work-queue] {"queuedWork":["/challenge-db720/us-central1/api/payments/create-2024-07-19T11:43:31.281Z"],"queueLength":1,"runningWork":[],"workRunningCount":0}
[debug] [2024-07-19T11:43:31.281Z] [work-queue] {"queuedWork":[],"queueLength":0,"runningWork":["/challenge-db720/us-central1/api/payments/create-2024-07-19T11:43:31.281Z"],"workRunningCount":1}
[debug] [2024-07-19T11:43:31.281Z] Accepted request POST /challenge-db720/us-central1/api/payments/create?total=0 --> us-central1-api
[debug] [2024-07-19T11:43:31.282Z] [functions] Runtime ready! Sending request! {"metadata":{"emulator":{"name":"functions"},"message":"[functions] Runtime ready! Sending request!"}}
[debug] [2024-07-19T11:43:31.282Z] [functions] Got req.url=/challenge-db720/us-central1/api/payments/create?total=0, mapping to path=/payments/create?total=0 {"metadata":{"emulator":{"name":"functions"},"message":"[functions] Got req.url=/challenge-db720/us-central1/api/payments/create?total=0, mapping to path=/payments/create?total=0"}}
[debug] [2024-07-19T11:43:31.282Z] [worker-pool] Cleaned up workers for us-central1-api: 1 --> 0 {"metadata":{"emulator":{"name":"functions"},"message":"[worker-pool] Cleaned up workers for us-central1-api: 1 --> 0"}}
[debug] [2024-07-19T11:43:31.301Z] [worker-pool] addWorker(us-central1-api) {"metadata":{"emulator":{"name":"functions"},"message":"[worker-pool] addWorker(us-central1-api)"}}
[debug] [2024-07-19T11:43:31.301Z] [worker-pool] Adding worker with key us-central1-api, total=1 {"metadata":{"emulator":{"name":"functions"},"message":"[worker-pool] Adding worker with key us-central1-api, total=1"}}
[debug] [2024-07-19T11:43:33.251Z] [runtime-status] [15472] Resolved module firebase-admin {"declared":true,"installed":true,"version":"12.2.0","resolution":"D:\\MyDownloads\\React\\demo24\\functions\\node_modules\\firebase-admin\\lib\\index.js"} {"metadata":{"emulator":{"name":"functions"},"function":{"name":"us-central1-api"},"extension":{},"message":"[runtime-status] [15472] Resolved module firebase-admin {\"declared\":true,\"installed\":true,\"version\":\"12.2.0\",\"resolution\":\"D:\\\\MyDownloads\\\\React\\\\demo24\\\\functions\\\\node_modules\\\\firebase-admin\\\\lib\\\\index.js\"}"}}
[debug] [2024-07-19T11:43:33.254Z] [runtime-status] [15472] Resolved module firebase-functions {"declared":true,"installed":true,"version":"5.0.1","resolution":"D:\\MyDownloads\\React\\demo24\\functions\\node_modules\\firebase-functions\\lib\\v1\\index.js"} {"metadata":{"emulator":{"name":"functions"},"function":{"name":"us-central1-api"},"extension":{},"message":"[runtime-status] [15472] Resolved module firebase-functions {\"declared\":true,\"installed\":true,\"version\":\"5.0.1\",\"resolution\":\"D:\\\\MyDownloads\\\\React\\\\demo24\\\\functions\\\\node_modules\\\\firebase-functions\\\\lib\\\\v1\\\\index.js\"}"}}
[debug] [2024-07-19T11:43:33.254Z] [runtime-status] [15472] Outgoing network have been stubbed. [{"name":"http","status":"mocked"},{"name":"http","status":"mocked"},{"name":"https","status":"mocked"},{"name":"https","status":"mocked"},{"name":"net","status":"mocked"}] {"metadata":{"emulator":{"name":"functions"},"function":{"name":"us-central1-api"},"extension":{},"message":"[runtime-status] [15472] Outgoing network have been stubbed. [{\"name\":\"http\",\"status\":\"mocked\"},{\"name\":\"http\",\"status\":\"mocked\"},{\"name\":\"https\",\"status\":\"mocked\"},{\"name\":\"https\",\"status\":\"mocked\"},{\"name\":\"net\",\"status\":\"mocked\"}]"}}
[debug] [2024-07-19T11:43:33.256Z] [runtime-status] [15472] Resolved module firebase-functions {"declared":true,"installed":true,"version":"5.0.1","resolution":"D:\\MyDownloads\\React\\demo24\\functions\\node_modules\\firebase-functions\\lib\\v1\\index.js"} {"metadata":{"emulator":{"name":"functions"},"function":{"name":"us-central1-api"},"extension":{},"message":"[runtime-status] [15472] Resolved module firebase-functions {\"declared\":true,\"installed\":true,\"version\":\"5.0.1\",\"resolution\":\"D:\\\\MyDownloads\\\\React\\\\demo24\\\\functions\\\\node_modules\\\\firebase-functions\\\\lib\\\\v1\\\\index.js\"}"}}
[debug] [2024-07-19T11:43:33.528Z] [runtime-status] [15472] Checked functions.config() {"config":{}} {"metadata":{"emulator":{"name":"functions"},"function":{"name":"us-central1-api"},"extension":{},"message":"[runtime-status] [15472] Checked functions.config() {\"config\":{}}"}}
[debug] [2024-07-19T11:43:33.528Z] [runtime-status] [15472] firebase-functions has been stubbed. {"functionsResolution":{"declared":true,"installed":true,"version":"5.0.1","resolution":"D:\\MyDownloads\\React\\demo24\\functions\\node_modules\\firebase-functions\\lib\\v1\\index.js"}} {"metadata":{"emulator":{"name":"functions"},"function":{"name":"us-central1-api"},"extension":{},"message":"[runtime-status] [15472] firebase-functions has been stubbed. {\"functionsResolution\":{\"declared\":true,\"installed\":true,\"version\":\"5.0.1\",\"resolution\":\"D:\\\\MyDownloads\\\\React\\\\demo24\\\\functions\\\\node_modules\\\\firebase-functions\\\\lib\\\\v1\\\\index.js\"}}"}}
[debug] [2024-07-19T11:43:33.529Z] [runtime-status] [15472] Resolved module firebase-functions {"declared":true,"installed":true,"version":"5.0.1","resolution":"D:\\MyDownloads\\React\\demo24\\functions\\node_modules\\firebase-functions\\lib\\v1\\index.js"} {"metadata":{"emulator":{"name":"functions"},"function":{"name":"us-central1-api"},"extension":{},"message":"[runtime-status] [15472] Resolved module firebase-functions {\"declared\":true,\"installed\":true,\"version\":\"5.0.1\",\"resolution\":\"D:\\\\MyDownloads\\\\React\\\\demo24\\\\functions\\\\node_modules\\\\firebase-functions\\\\lib\\\\v1\\\\index.js\"}"}}
[debug] [2024-07-19T11:43:33.530Z] [runtime-status] [15472] Resolved module firebase-admin {"declared":true,"installed":true,"version":"12.2.0","resolution":"D:\\MyDownloads\\React\\demo24\\functions\\node_modules\\firebase-admin\\lib\\index.js"} {"metadata":{"emulator":{"name":"functions"},"function":{"name":"us-central1-api"},"extension":{},"message":"[runtime-status] [15472] Resolved module firebase-admin {\"declared\":true,\"installed\":true,\"version\":\"12.2.0\",\"resolution\":\"D:\\\\MyDownloads\\\\React\\\\demo24\\\\functions\\\\node_modules\\\\firebase-admin\\\\lib\\\\index.js\"}"}}
[debug] [2024-07-19T11:43:33.532Z] [runtime-status] [15472] Resolved module firebase-functions {"declared":true,"installed":true,"version":"5.0.1","resolution":"D:\\MyDownloads\\React\\demo24\\functions\\node_modules\\firebase-functions\\lib\\v1\\index.js"} {"metadata":{"emulator":{"name":"functions"},"function":{"name":"us-central1-api"},"extension":{},"message":"[runtime-status] [15472] Resolved module firebase-functions {\"declared\":true,\"installed\":true,\"version\":\"5.0.1\",\"resolution\":\"D:\\\\MyDownloads\\\\React\\\\demo24\\\\functions\\\\node_modules\\\\firebase-functions\\\\lib\\\\v1\\\\index.js\"}"}}
[debug] [2024-07-19T11:43:33.532Z] [runtime-status] [15472] firebase-admin has been stubbed. {"adminResolution":{"declared":true,"installed":true,"version":"12.2.0","resolution":"D:\\MyDownloads\\React\\demo24\\functions\\node_modules\\firebase-admin\\lib\\index.js"}} {"metadata":{"emulator":{"name":"functions"},"function":{"name":"us-central1-api"},"extension":{},"message":"[runtime-status] [15472] firebase-admin has been stubbed. {\"adminResolution\":{\"declared\":true,\"installed\":true,\"version\":\"12.2.0\",\"resolution\":\"D:\\\\MyDownloads\\\\React\\\\demo24\\\\functions\\\\node_modules\\\\firebase-admin\\\\lib\\\\index.js\"}}"}}
[warn] !  D:\MyDownloads\React\demo24\functions\index.js:20
app.post("/payments/create", async (request, express.response) => {
                                             ^^^^^^^^^^^^^^^^

SyntaxError: Invalid destructuring assignment target
    at wrapSafe (node:internal/modules/cjs/loader:1281:20)
    at Module._compile (node:internal/modules/cjs/loader:1321:27)
    at Module._extensions..js (node:internal/modules/cjs/loader:1416:10)
    at Module.load (node:internal/modules/cjs/loader:1208:32)
    at Module._load (node:internal/modules/cjs/loader:1024:12)
    at Module.require (node:internal/modules/cjs/loader:1233:19)
    at require (node:internal/modules/helpers:179:18)
    at loadTriggers (C:\Users\wwwsh\AppData\Roaming\npm\node_modules\firebase-tools\lib\emulator\functionsEmulatorRuntime.js:584:25)
    at main (C:\Users\wwwsh\AppData\Roaming\npm\node_modules\firebase-tools\lib\emulator\functionsEmulatorRuntime.js:637:32)
    at process.processTicksAndRejections (node:internal/process/task_queues:95:5) {"metadata":{"emulator":{"name":"functions"},"function":{"name":"us-central1-api"},"extension":{},"message":"D:\\MyDownloads\\React\\demo24\\functions\\index.js:20\napp.post(\"/payments/create\", async (request, express.response) => {\n                                             ^^^^^^^^^^^^^^^^\n\nSyntaxError: Invalid destructuring assignment target\n    at wrapSafe (node:internal/modules/cjs/loader:1281:20)\n    at Module._compile (node:internal/modules/cjs/loader:1321:27)\n    at Module._extensions..js (node:internal/modules/cjs/loader:1416:10)\n    at Module.load (node:internal/modules/cjs/loader:1208:32)\n    at Module._load (node:internal/modules/cjs/loader:1024:12)\n    at Module.require (node:internal/modules/cjs/loader:1233:19)\n    at require (node:internal/modules/helpers:179:18)\n    at loadTriggers (C:\\Users\\wwwsh\\AppData\\Roaming\\npm\\node_modules\\firebase-tools\\lib\\emulator\\functionsEmulatorRuntime.js:584:25)\n    at main (C:\\Users\\wwwsh\\AppData\\Roaming\\npm\\node_modules\\firebase-tools\\lib\\emulator\\functionsEmulatorRuntime.js:637:32)\n    at process.processTicksAndRejections (node:internal/process/task_queues:95:5)"}}
[warn] !  We were unable to load your functions code. (see above) {"metadata":{"emulator":{"name":"functions"},"function":{"name":"us-central1-api"},"extension":{}}}
[warn] !  functions: Failed to initialize and load triggers. This shouldn't happen: Invalid destructuring assignment target {"metadata":{"emulator":{"name":"functions"},"function":{"name":"us-central1-api"},"extension":{},"message":"Failed to initialize and load triggers. This shouldn't happen: Invalid destructuring assignment target"}}
[warn] !  Your function was killed because it raised an unhandled error. {"metadata":{"emulator":{"name":"functions"},"function":{"name":"us-central1-api"},"extension":{},"message":"Your function was killed because it raised an unhandled error."}}
[debug] [2024-07-19T11:43:33.555Z] [worker-us-central1-api-1a1518ec-c453-4c08-8498-3ab3b1c7dcbd]: exited {"metadata":{"emulator":{"name":"functions"},"function":{"name":"us-central1-api"},"extension":{},"message":"[worker-us-central1-api-1a1518ec-c453-4c08-8498-3ab3b1c7dcbd]: exited"}}
[debug] [2024-07-19T11:43:33.555Z] [worker-us-central1-api-1a1518ec-c453-4c08-8498-3ab3b1c7dcbd]: FINISHED {"metadata":{"emulator":{"name":"functions"},"function":{"name":"us-central1-api"},"extension":{},"message":"[worker-us-central1-api-1a1518ec-c453-4c08-8498-3ab3b1c7dcbd]: FINISHED"}}
[error] !!  functions: Failed to handle request for function us-central1-api {"metadata":{"emulator":{"name":"functions"},"message":"Failed to handle request for function us-central1-api"}}
[error] !!  functions: Failed to start functions in D:\MyDownloads\React\demo24\functions: FirebaseError: Failed to load function. {"metadata":{"emulator":{"name":"functions"},"message":"Failed to start functions in D:\\MyDownloads\\React\\demo24\\functions: FirebaseError: Failed to load function."}}
[debug] [2024-07-19T11:44:01.397Z] [work-queue] {"queuedWork":[],"queueLength":0,"runningWork":[],"workRunningCount":0}
[debug] [2024-07-19T11:46:12.526Z] [work-queue] {"queuedWork":["/challenge-db720/us-central1/api/payments/create-2024-07-19T11:46:12.526Z"],"queueLength":1,"runningWork":[],"workRunningCount":0}
[debug] [2024-07-19T11:46:12.527Z] [work-queue] {"queuedWork":[],"queueLength":0,"runningWork":["/challenge-db720/us-central1/api/payments/create-2024-07-19T11:46:12.526Z"],"workRunningCount":1}
[debug] [2024-07-19T11:46:12.527Z] Accepted request POST /challenge-db720/us-central1/api/payments/create?total=26899 --> us-central1-api
[debug] [2024-07-19T11:46:12.527Z] [functions] Runtime ready! Sending request! {"metadata":{"emulator":{"name":"functions"},"message":"[functions] Runtime ready! Sending request!"}}
[debug] [2024-07-19T11:46:12.527Z] [functions] Got req.url=/challenge-db720/us-central1/api/payments/create?total=26899, mapping to path=/payments/create?total=26899 {"metadata":{"emulator":{"name":"functions"},"message":"[functions] Got req.url=/challenge-db720/us-central1/api/payments/create?total=26899, mapping to path=/payments/create?total=26899"}}
[debug] [2024-07-19T11:46:12.527Z] [worker-pool] Cleaned up workers for us-central1-api: 1 --> 0 {"metadata":{"emulator":{"name":"functions"},"message":"[worker-pool] Cleaned up workers for us-central1-api: 1 --> 0"}}
[debug] [2024-07-19T11:46:12.547Z] [worker-pool] addWorker(us-central1-api) {"metadata":{"emulator":{"name":"functions"},"message":"[worker-pool] addWorker(us-central1-api)"}}
[debug] [2024-07-19T11:46:12.548Z] [worker-pool] Adding worker with key us-central1-api, total=1 {"metadata":{"emulator":{"name":"functions"},"message":"[worker-pool] Adding worker with key us-central1-api, total=1"}}
[debug] [2024-07-19T11:46:14.154Z] [runtime-status] [7404] Resolved module firebase-admin {"declared":true,"installed":true,"version":"12.2.0","resolution":"D:\\MyDownloads\\React\\demo24\\functions\\node_modules\\firebase-admin\\lib\\index.js"} {"metadata":{"emulator":{"name":"functions"},"function":{"name":"us-central1-api"},"extension":{},"message":"[runtime-status] [7404] Resolved module firebase-admin {\"declared\":true,\"installed\":true,\"version\":\"12.2.0\",\"resolution\":\"D:\\\\MyDownloads\\\\React\\\\demo24\\\\functions\\\\node_modules\\\\firebase-admin\\\\lib\\\\index.js\"}"}}
[debug] [2024-07-19T11:46:14.156Z] [runtime-status] [7404] Resolved module firebase-functions {"declared":true,"installed":true,"version":"5.0.1","resolution":"D:\\MyDownloads\\React\\demo24\\functions\\node_modules\\firebase-functions\\lib\\v1\\index.js"} {"metadata":{"emulator":{"name":"functions"},"function":{"name":"us-central1-api"},"extension":{},"message":"[runtime-status] [7404] Resolved module firebase-functions {\"declared\":true,\"installed\":true,\"version\":\"5.0.1\",\"resolution\":\"D:\\\\MyDownloads\\\\React\\\\demo24\\\\functions\\\\node_modules\\\\firebase-functions\\\\lib\\\\v1\\\\index.js\"}"}}
[debug] [2024-07-19T11:46:14.157Z] [runtime-status] [7404] Outgoing network have been stubbed. [{"name":"http","status":"mocked"},{"name":"http","status":"mocked"},{"name":"https","status":"mocked"},{"name":"https","status":"mocked"},{"name":"net","status":"mocked"}] {"metadata":{"emulator":{"name":"functions"},"function":{"name":"us-central1-api"},"extension":{},"message":"[runtime-status] [7404] Outgoing network have been stubbed. [{\"name\":\"http\",\"status\":\"mocked\"},{\"name\":\"http\",\"status\":\"mocked\"},{\"name\":\"https\",\"status\":\"mocked\"},{\"name\":\"https\",\"status\":\"mocked\"},{\"name\":\"net\",\"status\":\"mocked\"}]"}}
[debug] [2024-07-19T11:46:14.157Z] [runtime-status] [7404] Resolved module firebase-functions {"declared":true,"installed":true,"version":"5.0.1","resolution":"D:\\MyDownloads\\React\\demo24\\functions\\node_modules\\firebase-functions\\lib\\v1\\index.js"} {"metadata":{"emulator":{"name":"functions"},"function":{"name":"us-central1-api"},"extension":{},"message":"[runtime-status] [7404] Resolved module firebase-functions {\"declared\":true,\"installed\":true,\"version\":\"5.0.1\",\"resolution\":\"D:\\\\MyDownloads\\\\React\\\\demo24\\\\functions\\\\node_modules\\\\firebase-functions\\\\lib\\\\v1\\\\index.js\"}"}}
[debug] [2024-07-19T11:46:14.493Z] [runtime-status] [7404] Checked functions.config() {"config":{}} {"metadata":{"emulator":{"name":"functions"},"function":{"name":"us-central1-api"},"extension":{},"message":"[runtime-status] [7404] Checked functions.config() {\"config\":{}}"}}
[debug] [2024-07-19T11:46:14.493Z] [runtime-status] [7404] firebase-functions has been stubbed. {"functionsResolution":{"declared":true,"installed":true,"version":"5.0.1","resolution":"D:\\MyDownloads\\React\\demo24\\functions\\node_modules\\firebase-functions\\lib\\v1\\index.js"}} {"metadata":{"emulator":{"name":"functions"},"function":{"name":"us-central1-api"},"extension":{},"message":"[runtime-status] [7404] firebase-functions has been stubbed. {\"functionsResolution\":{\"declared\":true,\"installed\":true,\"version\":\"5.0.1\",\"resolution\":\"D:\\\\MyDownloads\\\\React\\\\demo24\\\\functions\\\\node_modules\\\\firebase-functions\\\\lib\\\\v1\\\\index.js\"}}"}}
[debug] [2024-07-19T11:46:14.494Z] [runtime-status] [7404] Resolved module firebase-functions {"declared":true,"installed":true,"version":"5.0.1","resolution":"D:\\MyDownloads\\React\\demo24\\functions\\node_modules\\firebase-functions\\lib\\v1\\index.js"} {"metadata":{"emulator":{"name":"functions"},"function":{"name":"us-central1-api"},"extension":{},"message":"[runtime-status] [7404] Resolved module firebase-functions {\"declared\":true,\"installed\":true,\"version\":\"5.0.1\",\"resolution\":\"D:\\\\MyDownloads\\\\React\\\\demo24\\\\functions\\\\node_modules\\\\firebase-functions\\\\lib\\\\v1\\\\index.js\"}"}}
[debug] [2024-07-19T11:46:14.495Z] [runtime-status] [7404] Resolved module firebase-admin {"declared":true,"installed":true,"version":"12.2.0","resolution":"D:\\MyDownloads\\React\\demo24\\functions\\node_modules\\firebase-admin\\lib\\index.js"} {"metadata":{"emulator":{"name":"functions"},"function":{"name":"us-central1-api"},"extension":{},"message":"[runtime-status] [7404] Resolved module firebase-admin {\"declared\":true,\"installed\":true,\"version\":\"12.2.0\",\"resolution\":\"D:\\\\MyDownloads\\\\React\\\\demo24\\\\functions\\\\node_modules\\\\firebase-admin\\\\lib\\\\index.js\"}"}}
[debug] [2024-07-19T11:46:14.498Z] [runtime-status] [7404] Resolved module firebase-functions {"declared":true,"installed":true,"version":"5.0.1","resolution":"D:\\MyDownloads\\React\\demo24\\functions\\node_modules\\firebase-functions\\lib\\v1\\index.js"} {"metadata":{"emulator":{"name":"functions"},"function":{"name":"us-central1-api"},"extension":{},"message":"[runtime-status] [7404] Resolved module firebase-functions {\"declared\":true,\"installed\":true,\"version\":\"5.0.1\",\"resolution\":\"D:\\\\MyDownloads\\\\React\\\\demo24\\\\functions\\\\node_modules\\\\firebase-functions\\\\lib\\\\v1\\\\index.js\"}"}}
[debug] [2024-07-19T11:46:14.499Z] [runtime-status] [7404] firebase-admin has been stubbed. {"adminResolution":{"declared":true,"installed":true,"version":"12.2.0","resolution":"D:\\MyDownloads\\React\\demo24\\functions\\node_modules\\firebase-admin\\lib\\index.js"}} {"metadata":{"emulator":{"name":"functions"},"function":{"name":"us-central1-api"},"extension":{},"message":"[runtime-status] [7404] firebase-admin has been stubbed. {\"adminResolution\":{\"declared\":true,\"installed\":true,\"version\":\"12.2.0\",\"resolution\":\"D:\\\\MyDownloads\\\\React\\\\demo24\\\\functions\\\\node_modules\\\\firebase-admin\\\\lib\\\\index.js\"}}"}}
[warn] !  D:\MyDownloads\React\demo24\functions\index.js:20
app.post("/payments/create", async (request, express.response) => {
                                             ^^^^^^^^^^^^^^^^

SyntaxError: Invalid destructuring assignment target
    at wrapSafe (node:internal/modules/cjs/loader:1281:20)
    at Module._compile (node:internal/modules/cjs/loader:1321:27)
    at Module._extensions..js (node:internal/modules/cjs/loader:1416:10)
    at Module.load (node:internal/modules/cjs/loader:1208:32)
    at Module._load (node:internal/modules/cjs/loader:1024:12)
    at Module.require (node:internal/modules/cjs/loader:1233:19)
    at require (node:internal/modules/helpers:179:18)
    at loadTriggers (C:\Users\wwwsh\AppData\Roaming\npm\node_modules\firebase-tools\lib\emulator\functionsEmulatorRuntime.js:584:25)
    at main (C:\Users\wwwsh\AppData\Roaming\npm\node_modules\firebase-tools\lib\emulator\functionsEmulatorRuntime.js:637:32)
    at process.processTicksAndRejections (node:internal/process/task_queues:95:5) {"metadata":{"emulator":{"name":"functions"},"function":{"name":"us-central1-api"},"extension":{},"message":"D:\\MyDownloads\\React\\demo24\\functions\\index.js:20\napp.post(\"/payments/create\", async (request, express.response) => {\n                                             ^^^^^^^^^^^^^^^^\n\nSyntaxError: Invalid destructuring assignment target\n    at wrapSafe (node:internal/modules/cjs/loader:1281:20)\n    at Module._compile (node:internal/modules/cjs/loader:1321:27)\n    at Module._extensions..js (node:internal/modules/cjs/loader:1416:10)\n    at Module.load (node:internal/modules/cjs/loader:1208:32)\n    at Module._load (node:internal/modules/cjs/loader:1024:12)\n    at Module.require (node:internal/modules/cjs/loader:1233:19)\n    at require (node:internal/modules/helpers:179:18)\n    at loadTriggers (C:\\Users\\wwwsh\\AppData\\Roaming\\npm\\node_modules\\firebase-tools\\lib\\emulator\\functionsEmulatorRuntime.js:584:25)\n    at main (C:\\Users\\wwwsh\\AppData\\Roaming\\npm\\node_modules\\firebase-tools\\lib\\emulator\\functionsEmulatorRuntime.js:637:32)\n    at process.processTicksAndRejections (node:internal/process/task_queues:95:5)"}}
[warn] !  We were unable to load your functions code. (see above) {"metadata":{"emulator":{"name":"functions"},"function":{"name":"us-central1-api"},"extension":{}}}
[warn] !  functions: Failed to initialize and load triggers. This shouldn't happen: Invalid destructuring assignment target {"metadata":{"emulator":{"name":"functions"},"function":{"name":"us-central1-api"},"extension":{},"message":"Failed to initialize and load triggers. This shouldn't happen: Invalid destructuring assignment target"}}
[warn] !  Your function was killed because it raised an unhandled error. {"metadata":{"emulator":{"name":"functions"},"function":{"name":"us-central1-api"},"extension":{},"message":"Your function was killed because it raised an unhandled error."}}
[debug] [2024-07-19T11:46:14.520Z] [worker-us-central1-api-0589fb3f-b88c-40f5-b44b-da4c395c353a]: exited {"metadata":{"emulator":{"name":"functions"},"function":{"name":"us-central1-api"},"extension":{},"message":"[worker-us-central1-api-0589fb3f-b88c-40f5-b44b-da4c395c353a]: exited"}}
[debug] [2024-07-19T11:46:14.520Z] [worker-us-central1-api-0589fb3f-b88c-40f5-b44b-da4c395c353a]: FINISHED {"metadata":{"emulator":{"name":"functions"},"function":{"name":"us-central1-api"},"extension":{},"message":"[worker-us-central1-api-0589fb3f-b88c-40f5-b44b-da4c395c353a]: FINISHED"}}
[error] !!  functions: Failed to handle request for function us-central1-api {"metadata":{"emulator":{"name":"functions"},"message":"Failed to handle request for function us-central1-api"}}
[error] !!  functions: Failed to start functions in D:\MyDownloads\React\demo24\functions: FirebaseError: Failed to load function. {"metadata":{"emulator":{"name":"functions"},"message":"Failed to start functions in D:\\MyDownloads\\React\\demo24\\functions: FirebaseError: Failed to load function."}}
[debug] [2024-07-19T11:46:42.630Z] [work-queue] {"queuedWork":[],"queueLength":0,"runningWork":[],"workRunningCount":0}
[debug] [2024-07-19T11:50:44.377Z] File D:\MyDownloads\React\demo24\functions\index.js changed, reloading triggers {"metadata":{"emulator":{"name":"functions"},"message":"File D:\\MyDownloads\\React\\demo24\\functions\\index.js changed, reloading triggers"}}
[debug] [2024-07-19T11:50:45.381Z] Validating nodejs source
[debug] [2024-07-19T11:50:47.093Z] > [functions] package.json contents: {
  "name": "functions",
  "description": "Cloud Functions for Firebase",
  "scripts": {
    "lint": "eslint .",
    "serve": "firebase emulators:start --only functions",
    "shell": "firebase functions:shell",
    "start": "npm run shell",
    "deploy": "firebase deploy --only functions",
    "logs": "firebase functions:log"
  },
  "engines": {
    "node": "20"
  },
  "main": "index.js",
  "dependencies": {
    "cors": "^2.8.5",
    "express": "^4.19.2",
    "firebase-admin": "^12.1.0",
    "firebase-functions": "^5.0.0",
    "stripe": "^16.2.0"
  },
  "devDependencies": {
    "eslint": "^8.15.0",
    "eslint-config-google": "^0.14.0",
    "firebase-functions-test": "^3.1.0"
  },
  "private": true
}
[debug] [2024-07-19T11:50:47.093Z] Building nodejs source
[debug] [2024-07-19T11:50:47.093Z] Failed to find version of module node: reached end of search path D:\MyDownloads\React\demo24\functions\node_modules
[warn] !  functions: Your requested "node" version "18" doesn't match your global version "20". Using node@20 from host. 
[debug] [2024-07-19T11:50:47.094Z] Could not find functions.yaml. Must use http discovery
[debug] [2024-07-19T11:50:47.102Z] Found firebase-functions binary at 'D:\MyDownloads\React\demo24\functions\node_modules\.bin\firebase-functions'
[info] Serving at port 8379

[debug] [2024-07-19T11:50:47.861Z] Got response from /__/functions.yaml {"endpoints":{"api":{"platform":"gcfv1","availableMemoryMb":null,"timeoutSeconds":null,"minInstances":null,"maxInstances":null,"ingressSettings":null,"serviceAccountEmail":null,"vpc":null,"httpsTrigger":{},"entryPoint":"api"}},"specVersion":"v1alpha1","requiredAPIs":[]}
[debug] [2024-07-19T11:50:49.510Z] [work-queue] {"queuedWork":["/challenge-db720/us-central1/api/payments/create-2024-07-19T11:50:49.510Z"],"queueLength":1,"runningWork":[],"workRunningCount":0}
[debug] [2024-07-19T11:50:49.510Z] [work-queue] {"queuedWork":[],"queueLength":0,"runningWork":["/challenge-db720/us-central1/api/payments/create-2024-07-19T11:50:49.510Z"],"workRunningCount":1}
[debug] [2024-07-19T11:50:49.510Z] Accepted request POST /challenge-db720/us-central1/api/payments/create?total=0 --> us-central1-api
[debug] [2024-07-19T11:50:49.511Z] [functions] Runtime ready! Sending request! {"metadata":{"emulator":{"name":"functions"},"message":"[functions] Runtime ready! Sending request!"}}
[debug] [2024-07-19T11:50:49.511Z] [functions] Got req.url=/challenge-db720/us-central1/api/payments/create?total=0, mapping to path=/payments/create?total=0 {"metadata":{"emulator":{"name":"functions"},"message":"[functions] Got req.url=/challenge-db720/us-central1/api/payments/create?total=0, mapping to path=/payments/create?total=0"}}
[debug] [2024-07-19T11:50:49.511Z] [worker-pool] Cleaned up workers for us-central1-api: 1 --> 0 {"metadata":{"emulator":{"name":"functions"},"message":"[worker-pool] Cleaned up workers for us-central1-api: 1 --> 0"}}
[debug] [2024-07-19T11:50:49.527Z] [worker-pool] addWorker(us-central1-api) {"metadata":{"emulator":{"name":"functions"},"message":"[worker-pool] addWorker(us-central1-api)"}}
[debug] [2024-07-19T11:50:49.527Z] [worker-pool] Adding worker with key us-central1-api, total=1 {"metadata":{"emulator":{"name":"functions"},"message":"[worker-pool] Adding worker with key us-central1-api, total=1"}}
[debug] [2024-07-19T11:50:51.366Z] [runtime-status] [18112] Resolved module firebase-admin {"declared":true,"installed":true,"version":"12.2.0","resolution":"D:\\MyDownloads\\React\\demo24\\functions\\node_modules\\firebase-admin\\lib\\index.js"} {"metadata":{"emulator":{"name":"functions"},"function":{"name":"us-central1-api"},"extension":{},"message":"[runtime-status] [18112] Resolved module firebase-admin {\"declared\":true,\"installed\":true,\"version\":\"12.2.0\",\"resolution\":\"D:\\\\MyDownloads\\\\React\\\\demo24\\\\functions\\\\node_modules\\\\firebase-admin\\\\lib\\\\index.js\"}"}}
[debug] [2024-07-19T11:50:51.368Z] [runtime-status] [18112] Resolved module firebase-functions {"declared":true,"installed":true,"version":"5.0.1","resolution":"D:\\MyDownloads\\React\\demo24\\functions\\node_modules\\firebase-functions\\lib\\v1\\index.js"} {"metadata":{"emulator":{"name":"functions"},"function":{"name":"us-central1-api"},"extension":{},"message":"[runtime-status] [18112] Resolved module firebase-functions {\"declared\":true,\"installed\":true,\"version\":\"5.0.1\",\"resolution\":\"D:\\\\MyDownloads\\\\React\\\\demo24\\\\functions\\\\node_modules\\\\firebase-functions\\\\lib\\\\v1\\\\index.js\"}"}}
[debug] [2024-07-19T11:50:51.369Z] [runtime-status] [18112] Outgoing network have been stubbed. [{"name":"http","status":"mocked"},{"name":"http","status":"mocked"},{"name":"https","status":"mocked"},{"name":"https","status":"mocked"},{"name":"net","status":"mocked"}] {"metadata":{"emulator":{"name":"functions"},"function":{"name":"us-central1-api"},"extension":{},"message":"[runtime-status] [18112] Outgoing network have been stubbed. [{\"name\":\"http\",\"status\":\"mocked\"},{\"name\":\"http\",\"status\":\"mocked\"},{\"name\":\"https\",\"status\":\"mocked\"},{\"name\":\"https\",\"status\":\"mocked\"},{\"name\":\"net\",\"status\":\"mocked\"}]"}}
[debug] [2024-07-19T11:50:51.370Z] [runtime-status] [18112] Resolved module firebase-functions {"declared":true,"installed":true,"version":"5.0.1","resolution":"D:\\MyDownloads\\React\\demo24\\functions\\node_modules\\firebase-functions\\lib\\v1\\index.js"} {"metadata":{"emulator":{"name":"functions"},"function":{"name":"us-central1-api"},"extension":{},"message":"[runtime-status] [18112] Resolved module firebase-functions {\"declared\":true,\"installed\":true,\"version\":\"5.0.1\",\"resolution\":\"D:\\\\MyDownloads\\\\React\\\\demo24\\\\functions\\\\node_modules\\\\firebase-functions\\\\lib\\\\v1\\\\index.js\"}"}}
[debug] [2024-07-19T11:50:51.661Z] [runtime-status] [18112] Checked functions.config() {"config":{}} {"metadata":{"emulator":{"name":"functions"},"function":{"name":"us-central1-api"},"extension":{},"message":"[runtime-status] [18112] Checked functions.config() {\"config\":{}}"}}
[debug] [2024-07-19T11:50:51.662Z] [runtime-status] [18112] firebase-functions has been stubbed. {"functionsResolution":{"declared":true,"installed":true,"version":"5.0.1","resolution":"D:\\MyDownloads\\React\\demo24\\functions\\node_modules\\firebase-functions\\lib\\v1\\index.js"}} {"metadata":{"emulator":{"name":"functions"},"function":{"name":"us-central1-api"},"extension":{},"message":"[runtime-status] [18112] firebase-functions has been stubbed. {\"functionsResolution\":{\"declared\":true,\"installed\":true,\"version\":\"5.0.1\",\"resolution\":\"D:\\\\MyDownloads\\\\React\\\\demo24\\\\functions\\\\node_modules\\\\firebase-functions\\\\lib\\\\v1\\\\index.js\"}}"}}
[debug] [2024-07-19T11:50:51.663Z] [runtime-status] [18112] Resolved module firebase-functions {"declared":true,"installed":true,"version":"5.0.1","resolution":"D:\\MyDownloads\\React\\demo24\\functions\\node_modules\\firebase-functions\\lib\\v1\\index.js"} {"metadata":{"emulator":{"name":"functions"},"function":{"name":"us-central1-api"},"extension":{},"message":"[runtime-status] [18112] Resolved module firebase-functions {\"declared\":true,\"installed\":true,\"version\":\"5.0.1\",\"resolution\":\"D:\\\\MyDownloads\\\\React\\\\demo24\\\\functions\\\\node_modules\\\\firebase-functions\\\\lib\\\\v1\\\\index.js\"}"}}
[debug] [2024-07-19T11:50:51.665Z] [runtime-status] [18112] Resolved module firebase-admin {"declared":true,"installed":true,"version":"12.2.0","resolution":"D:\\MyDownloads\\React\\demo24\\functions\\node_modules\\firebase-admin\\lib\\index.js"} {"metadata":{"emulator":{"name":"functions"},"function":{"name":"us-central1-api"},"extension":{},"message":"[runtime-status] [18112] Resolved module firebase-admin {\"declared\":true,\"installed\":true,\"version\":\"12.2.0\",\"resolution\":\"D:\\\\MyDownloads\\\\React\\\\demo24\\\\functions\\\\node_modules\\\\firebase-admin\\\\lib\\\\index.js\"}"}}
[debug] [2024-07-19T11:50:51.668Z] [runtime-status] [18112] Resolved module firebase-functions {"declared":true,"installed":true,"version":"5.0.1","resolution":"D:\\MyDownloads\\React\\demo24\\functions\\node_modules\\firebase-functions\\lib\\v1\\index.js"} {"metadata":{"emulator":{"name":"functions"},"function":{"name":"us-central1-api"},"extension":{},"message":"[runtime-status] [18112] Resolved module firebase-functions {\"declared\":true,\"installed\":true,\"version\":\"5.0.1\",\"resolution\":\"D:\\\\MyDownloads\\\\React\\\\demo24\\\\functions\\\\node_modules\\\\firebase-functions\\\\lib\\\\v1\\\\index.js\"}"}}
[debug] [2024-07-19T11:50:51.668Z] [runtime-status] [18112] firebase-admin has been stubbed. {"adminResolution":{"declared":true,"installed":true,"version":"12.2.0","resolution":"D:\\MyDownloads\\React\\demo24\\functions\\node_modules\\firebase-admin\\lib\\index.js"}} {"metadata":{"emulator":{"name":"functions"},"function":{"name":"us-central1-api"},"extension":{},"message":"[runtime-status] [18112] firebase-admin has been stubbed. {\"adminResolution\":{\"declared\":true,\"installed\":true,\"version\":\"12.2.0\",\"resolution\":\"D:\\\\MyDownloads\\\\React\\\\demo24\\\\functions\\\\node_modules\\\\firebase-admin\\\\lib\\\\index.js\"}}"}}
[debug] [2024-07-19T11:50:51.904Z] [runtime-status] [18112] Functions runtime initialized. {"cwd":"D:\\MyDownloads\\React\\demo24\\functions","node_version":"20.13.1"} {"metadata":{"emulator":{"name":"functions"},"function":{"name":"us-central1-api"},"extension":{},"message":"[runtime-status] [18112] Functions runtime initialized. {\"cwd\":\"D:\\\\MyDownloads\\\\React\\\\demo24\\\\functions\",\"node_version\":\"20.13.1\"}"}}
[debug] [2024-07-19T11:50:51.904Z] [runtime-status] [18112] Listening to port: \\?\pipe\fire_emu_316c68cae1ab3f6b {"metadata":{"emulator":{"name":"functions"},"function":{"name":"us-central1-api"},"extension":{},"message":"[runtime-status] [18112] Listening to port: \\\\?\\pipe\\fire_emu_316c68cae1ab3f6b"}}
[debug] [2024-07-19T11:50:51.933Z] [worker-us-central1-api-f7b91838-a307-41e1-a081-bf12be7c31dc]: IDLE {"metadata":{"emulator":{"name":"functions"},"function":{"name":"us-central1-api"},"extension":{},"message":"[worker-us-central1-api-f7b91838-a307-41e1-a081-bf12be7c31dc]: IDLE"}}
[debug] [2024-07-19T11:50:51.933Z] [worker-pool] submitRequest(triggerId=us-central1-api) {"metadata":{"emulator":{"name":"functions"},"message":"[worker-pool] submitRequest(triggerId=us-central1-api)"}}
[info] i  functions: Beginning execution of "us-central1-api" {"metadata":{"emulator":{"name":"functions"},"function":{"name":"us-central1-api"},"extension":{},"message":"Beginning execution of \"us-central1-api\""}}
[debug] [2024-07-19T11:50:51.935Z] [worker-us-central1-api-f7b91838-a307-41e1-a081-bf12be7c31dc]: BUSY {"metadata":{"emulator":{"name":"functions"},"function":{"name":"us-central1-api"},"extension":{},"message":"[worker-us-central1-api-f7b91838-a307-41e1-a081-bf12be7c31dc]: BUSY"}}
[info] >  Payment Request Received BOOM! ! ! for this amount >>>  0 {"user":"Payment Request Received BOOM! ! ! for this amount >>>  0","metadata":{"emulator":{"name":"functions"},"function":{"name":"us-central1-api"},"extension":{},"message":"\u001b[90m> \u001b[39m Payment Request Received BOOM! ! ! for this amount >>>  0"}}
[info] >  D:\MyDownloads\React\demo24\functions\node_modules\stripe\cjs\Error.js:10 {"user":"D:\\MyDownloads\\React\\demo24\\functions\\node_modules\\stripe\\cjs\\Error.js:10\r","metadata":{"emulator":{"name":"functions"},"function":{"name":"us-central1-api"},"extension":{},"message":"\u001b[90m> \u001b[39m D:\\MyDownloads\\React\\demo24\\functions\\node_modules\\stripe\\cjs\\Error.js:10\r"}}
[info] >              return new StripeInvalidRequestError(rawStripeError); {"user":"            return new StripeInvalidRequestError(rawStripeError);\r","metadata":{"emulator":{"name":"functions"},"function":{"name":"us-central1-api"},"extension":{},"message":"\u001b[90m> \u001b[39m             return new StripeInvalidRequestError(rawStripeError);\r"}}
[info] >                     ^ {"user":"                   ^\r","metadata":{"emulator":{"name":"functions"},"function":{"name":"us-central1-api"},"extension":{},"message":"\u001b[90m> \u001b[39m                    ^\r"}}
[info] >   {"user":"\r","metadata":{"emulator":{"name":"functions"},"function":{"name":"us-central1-api"},"extension":{},"message":"\u001b[90m> \u001b[39m \r"}}
[info] >  StripeInvalidRequestError: The amount must be greater than or equal to the minimum charge amount allowed for your account and the currency set (https://docs.stripe.com/currencies#minimum-and-maximum-charge-amounts).  If you want to save a Payment Method for future use without an immediate payment, use a Setup Intent instead: https://docs.stripe.com/payments/setup-intents {"user":"StripeInvalidRequestError: The amount must be greater than or equal to the minimum charge amount allowed for your account and the currency set (https://docs.stripe.com/currencies#minimum-and-maximum-charge-amounts).  If you want to save a Payment Method for future use without an immediate payment, use a Setup Intent instead: https://docs.stripe.com/payments/setup-intents\r","metadata":{"emulator":{"name":"functions"},"function":{"name":"us-central1-api"},"extension":{},"message":"\u001b[90m> \u001b[39m StripeInvalidRequestError: The amount must be greater than or equal to the minimum charge amount allowed for your account and the currency set (https://docs.stripe.com/currencies#minimum-and-maximum-charge-amounts).  If you want to save a Payment Method for future use without an immediate payment, use a Setup Intent instead: https://docs.stripe.com/payments/setup-intents\r"}}
[info] >      at StripeError.generate (D:\MyDownloads\React\demo24\functions\node_modules\stripe\cjs\Error.js:10:20) {"user":"    at StripeError.generate (D:\\MyDownloads\\React\\demo24\\functions\\node_modules\\stripe\\cjs\\Error.js:10:20)\r","metadata":{"emulator":{"name":"functions"},"function":{"name":"us-central1-api"},"extension":{},"message":"\u001b[90m> \u001b[39m     at StripeError.generate (D:\\MyDownloads\\React\\demo24\\functions\\node_modules\\stripe\\cjs\\Error.js:10:20)\r"}}
[info] >      at res.toJSON.then.Error_js_1.StripeAPIError.message (D:\MyDownloads\React\demo24\functions\node_modules\stripe\cjs\RequestSender.js:105:54) {"user":"    at res.toJSON.then.Error_js_1.StripeAPIError.message (D:\\MyDownloads\\React\\demo24\\functions\\node_modules\\stripe\\cjs\\RequestSender.js:105:54)\r","metadata":{"emulator":{"name":"functions"},"function":{"name":"us-central1-api"},"extension":{},"message":"\u001b[90m> \u001b[39m     at res.toJSON.then.Error_js_1.StripeAPIError.message (D:\\MyDownloads\\React\\demo24\\functions\\node_modules\\stripe\\cjs\\RequestSender.js:105:54)\r"}}
[info] >      at process.processTicksAndRejections (node:internal/process/task_queues:95:5) { {"user":"    at process.processTicksAndRejections (node:internal/process/task_queues:95:5) {\r","metadata":{"emulator":{"name":"functions"},"function":{"name":"us-central1-api"},"extension":{},"message":"\u001b[90m> \u001b[39m     at process.processTicksAndRejections (node:internal/process/task_queues:95:5) {\r"}}
[info] >    type: 'StripeInvalidRequestError', {"user":"  type: 'StripeInvalidRequestError',\r","metadata":{"emulator":{"name":"functions"},"function":{"name":"us-central1-api"},"extension":{},"message":"\u001b[90m> \u001b[39m   type: 'StripeInvalidRequestError',\r"}}
[info] >    raw: { {"user":"  raw: {\r","metadata":{"emulator":{"name":"functions"},"function":{"name":"us-central1-api"},"extension":{},"message":"\u001b[90m> \u001b[39m   raw: {\r"}}
[info] >      code: 'parameter_invalid_integer', {"user":"    code: 'parameter_invalid_integer',\r","metadata":{"emulator":{"name":"functions"},"function":{"name":"us-central1-api"},"extension":{},"message":"\u001b[90m> \u001b[39m     code: 'parameter_invalid_integer',\r"}}
[info] >      doc_url: 'https://stripe.com/docs/error-codes/parameter-invalid-integer', {"user":"    doc_url: 'https://stripe.com/docs/error-codes/parameter-invalid-integer',\r","metadata":{"emulator":{"name":"functions"},"function":{"name":"us-central1-api"},"extension":{},"message":"\u001b[90m> \u001b[39m     doc_url: 'https://stripe.com/docs/error-codes/parameter-invalid-integer',\r"}}
[info] >      message: 'The amount must be greater than or equal to the minimum charge amount allowed for your account and the currency set (https://docs.stripe.com/currencies#minimum-and-maximum-charge-amounts).  If you want to save a Payment Method for future use without an immediate payment, use a Setup Intent instead: https://docs.stripe.com/payments/setup-intents', {"user":"    message: 'The amount must be greater than or equal to the minimum charge amount allowed for your account and the currency set (https://docs.stripe.com/currencies#minimum-and-maximum-charge-amounts).  If you want to save a Payment Method for future use without an immediate payment, use a Setup Intent instead: https://docs.stripe.com/payments/setup-intents',\r","metadata":{"emulator":{"name":"functions"},"function":{"name":"us-central1-api"},"extension":{},"message":"\u001b[90m> \u001b[39m     message: 'The amount must be greater than or equal to the minimum charge amount allowed for your account and the currency set (https://docs.stripe.com/currencies#minimum-and-maximum-charge-amounts).  If you want to save a Payment Method for future use without an immediate payment, use a Setup Intent instead: https://docs.stripe.com/payments/setup-intents',\r"}}
[info] >      param: 'amount', {"user":"    param: 'amount',\r","metadata":{"emulator":{"name":"functions"},"function":{"name":"us-central1-api"},"extension":{},"message":"\u001b[90m> \u001b[39m     param: 'amount',\r"}}
[info] >      request_log_url: 'https://dashboard.stripe.com/test/logs/req_kBzvH8gwcRc7Ev?t=1721389852', {"user":"    request_log_url: 'https://dashboard.stripe.com/test/logs/req_kBzvH8gwcRc7Ev?t=1721389852',\r","metadata":{"emulator":{"name":"functions"},"function":{"name":"us-central1-api"},"extension":{},"message":"\u001b[90m> \u001b[39m     request_log_url: 'https://dashboard.stripe.com/test/logs/req_kBzvH8gwcRc7Ev?t=1721389852',\r"}}
[info] >      type: 'invalid_request_error', {"user":"    type: 'invalid_request_error',\r","metadata":{"emulator":{"name":"functions"},"function":{"name":"us-central1-api"},"extension":{},"message":"\u001b[90m> \u001b[39m     type: 'invalid_request_error',\r"}}
[info] >      headers: { {"user":"    headers: {\r","metadata":{"emulator":{"name":"functions"},"function":{"name":"us-central1-api"},"extension":{},"message":"\u001b[90m> \u001b[39m     headers: {\r"}}
[info] >        server: 'nginx', {"user":"      server: 'nginx',\r","metadata":{"emulator":{"name":"functions"},"function":{"name":"us-central1-api"},"extension":{},"message":"\u001b[90m> \u001b[39m       server: 'nginx',\r"}}
[info] >        date: 'Fri, 19 Jul 2024 11:50:52 GMT', {"user":"      date: 'Fri, 19 Jul 2024 11:50:52 GMT',\r","metadata":{"emulator":{"name":"functions"},"function":{"name":"us-central1-api"},"extension":{},"message":"\u001b[90m> \u001b[39m       date: 'Fri, 19 Jul 2024 11:50:52 GMT',\r"}}
[info] >        'content-type': 'application/json', {"user":"      'content-type': 'application/json',\r","metadata":{"emulator":{"name":"functions"},"function":{"name":"us-central1-api"},"extension":{},"message":"\u001b[90m> \u001b[39m       'content-type': 'application/json',\r"}}
[info] >        'content-length': '663', {"user":"      'content-length': '663',\r","metadata":{"emulator":{"name":"functions"},"function":{"name":"us-central1-api"},"extension":{},"message":"\u001b[90m> \u001b[39m       'content-length': '663',\r"}}
[info] >        connection: 'keep-alive', {"user":"      connection: 'keep-alive',\r","metadata":{"emulator":{"name":"functions"},"function":{"name":"us-central1-api"},"extension":{},"message":"\u001b[90m> \u001b[39m       connection: 'keep-alive',\r"}}
[info] >        'access-control-allow-credentials': 'true', {"user":"      'access-control-allow-credentials': 'true',\r","metadata":{"emulator":{"name":"functions"},"function":{"name":"us-central1-api"},"extension":{},"message":"\u001b[90m> \u001b[39m       'access-control-allow-credentials': 'true',\r"}}
[info] >        'access-control-allow-methods': 'GET,HEAD,PUT,PATCH,POST,DELETE', {"user":"      'access-control-allow-methods': 'GET,HEAD,PUT,PATCH,POST,DELETE',\r","metadata":{"emulator":{"name":"functions"},"function":{"name":"us-central1-api"},"extension":{},"message":"\u001b[90m> \u001b[39m       'access-control-allow-methods': 'GET,HEAD,PUT,PATCH,POST,DELETE',\r"}}
[info] >        'access-control-allow-origin': '*', {"user":"      'access-control-allow-origin': '*',\r","metadata":{"emulator":{"name":"functions"},"function":{"name":"us-central1-api"},"extension":{},"message":"\u001b[90m> \u001b[39m       'access-control-allow-origin': '*',\r"}}
[info] >        'access-control-expose-headers': 'Request-Id, Stripe-Manage-Version, Stripe-Should-Retry, X-Stripe-External-Auth-Required, X-Stripe-Privileged-Session-Required', {"user":"      'access-control-expose-headers': 'Request-Id, Stripe-Manage-Version, Stripe-Should-Retry, X-Stripe-External-Auth-Required, X-Stripe-Privileged-Session-Required',\r","metadata":{"emulator":{"name":"functions"},"function":{"name":"us-central1-api"},"extension":{},"message":"\u001b[90m> \u001b[39m       'access-control-expose-headers': 'Request-Id, Stripe-Manage-Version, Stripe-Should-Retry, X-Stripe-External-Auth-Required, X-Stripe-Privileged-Session-Required',\r"}}
[info] >        'access-control-max-age': '300', {"user":"      'access-control-max-age': '300',\r","metadata":{"emulator":{"name":"functions"},"function":{"name":"us-central1-api"},"extension":{},"message":"\u001b[90m> \u001b[39m       'access-control-max-age': '300',\r"}}
[info] >        'cache-control': 'no-cache, no-store', {"user":"      'cache-control': 'no-cache, no-store',\r","metadata":{"emulator":{"name":"functions"},"function":{"name":"us-central1-api"},"extension":{},"message":"\u001b[90m> \u001b[39m       'cache-control': 'no-cache, no-store',\r"}}
[info] >        'content-security-policy': "report-uri https://q.stripe.com/csp-report?p=v1%2Fpayment_intents; block-all-mixed-content; default-src 'none'; base-uri 'none'; form-action 'none'; frame-ancestors 'none'; img-src 'self'; script-src 'self' 'report-sample'; style-src 'self'", {"user":"      'content-security-policy': \"report-uri https://q.stripe.com/csp-report?p=v1%2Fpayment_intents; block-all-mixed-content; default-src 'none'; base-uri 'none'; form-action 'none'; frame-ancestors 'none'; img-src 'self'; script-src 'self' 'report-sample'; style-src 'self'\",\r","metadata":{"emulator":{"name":"functions"},"function":{"name":"us-central1-api"},"extension":{},"message":"\u001b[90m> \u001b[39m       'content-security-policy': \"report-uri https://q.stripe.com/csp-report?p=v1%2Fpayment_intents; block-all-mixed-content; default-src 'none'; base-uri 'none'; form-action 'none'; frame-ancestors 'none'; img-src 'self'; script-src 'self' 'report-sample'; style-src 'self'\",\r"}}
[info] >        'cross-origin-opener-policy-report-only': 'same-origin; report-to="coop"', {"user":"      'cross-origin-opener-policy-report-only': 'same-origin; report-to=\"coop\"',\r","metadata":{"emulator":{"name":"functions"},"function":{"name":"us-central1-api"},"extension":{},"message":"\u001b[90m> \u001b[39m       'cross-origin-opener-policy-report-only': 'same-origin; report-to=\"coop\"',\r"}}
[info] >        'idempotency-key': 'stripe-node-retry-5fb7d938-2e6c-498b-924f-5fd030b1b89e', {"user":"      'idempotency-key': 'stripe-node-retry-5fb7d938-2e6c-498b-924f-5fd030b1b89e',\r","metadata":{"emulator":{"name":"functions"},"function":{"name":"us-central1-api"},"extension":{},"message":"\u001b[90m> \u001b[39m       'idempotency-key': 'stripe-node-retry-5fb7d938-2e6c-498b-924f-5fd030b1b89e',\r"}}
[info] >        'original-request': 'req_kBzvH8gwcRc7Ev', {"user":"      'original-request': 'req_kBzvH8gwcRc7Ev',\r","metadata":{"emulator":{"name":"functions"},"function":{"name":"us-central1-api"},"extension":{},"message":"\u001b[90m> \u001b[39m       'original-request': 'req_kBzvH8gwcRc7Ev',\r"}}
[info] >        'report-to': '{"group":"coop","max_age":8640,"endpoints":[{"url":"https://q.stripe.com/coop-report?s=payins-bapi-srv"}],"include_subdomains":true}', {"user":"      'report-to': '{\"group\":\"coop\",\"max_age\":8640,\"endpoints\":[{\"url\":\"https://q.stripe.com/coop-report?s=payins-bapi-srv\"}],\"include_subdomains\":true}',\r","metadata":{"emulator":{"name":"functions"},"function":{"name":"us-central1-api"},"extension":{},"message":"\u001b[90m> \u001b[39m       'report-to': '{\"group\":\"coop\",\"max_age\":8640,\"endpoints\":[{\"url\":\"https://q.stripe.com/coop-report?s=payins-bapi-srv\"}],\"include_subdomains\":true}',\r"}}
[info] >        'reporting-endpoints': 'coop="https://q.stripe.com/coop-report?s=payins-bapi-srv"', {"user":"      'reporting-endpoints': 'coop=\"https://q.stripe.com/coop-report?s=payins-bapi-srv\"',\r","metadata":{"emulator":{"name":"functions"},"function":{"name":"us-central1-api"},"extension":{},"message":"\u001b[90m> \u001b[39m       'reporting-endpoints': 'coop=\"https://q.stripe.com/coop-report?s=payins-bapi-srv\"',\r"}}
[info] >        'request-id': 'req_kBzvH8gwcRc7Ev', {"user":"      'request-id': 'req_kBzvH8gwcRc7Ev',\r","metadata":{"emulator":{"name":"functions"},"function":{"name":"us-central1-api"},"extension":{},"message":"\u001b[90m> \u001b[39m       'request-id': 'req_kBzvH8gwcRc7Ev',\r"}}
[info] >        'stripe-version': '2024-06-20', {"user":"      'stripe-version': '2024-06-20',\r","metadata":{"emulator":{"name":"functions"},"function":{"name":"us-central1-api"},"extension":{},"message":"\u001b[90m> \u001b[39m       'stripe-version': '2024-06-20',\r"}}
[info] >        vary: 'Origin', {"user":"      vary: 'Origin',\r","metadata":{"emulator":{"name":"functions"},"function":{"name":"us-central1-api"},"extension":{},"message":"\u001b[90m> \u001b[39m       vary: 'Origin',\r"}}
[info] >        'x-content-type-options': 'nosniff', {"user":"      'x-content-type-options': 'nosniff',\r","metadata":{"emulator":{"name":"functions"},"function":{"name":"us-central1-api"},"extension":{},"message":"\u001b[90m> \u001b[39m       'x-content-type-options': 'nosniff',\r"}}
[info] >        'x-stripe-priority-routing-enabled': 'true', {"user":"      'x-stripe-priority-routing-enabled': 'true',\r","metadata":{"emulator":{"name":"functions"},"function":{"name":"us-central1-api"},"extension":{},"message":"\u001b[90m> \u001b[39m       'x-stripe-priority-routing-enabled': 'true',\r"}}
[info] >        'x-stripe-routing-context-priority-tier': 'api-testmode', {"user":"      'x-stripe-routing-context-priority-tier': 'api-testmode',\r","metadata":{"emulator":{"name":"functions"},"function":{"name":"us-central1-api"},"extension":{},"message":"\u001b[90m> \u001b[39m       'x-stripe-routing-context-priority-tier': 'api-testmode',\r"}}
[info] >        'strict-transport-security': 'max-age=63072000; includeSubDomains; preload' {"user":"      'strict-transport-security': 'max-age=63072000; includeSubDomains; preload'\r","metadata":{"emulator":{"name":"functions"},"function":{"name":"us-central1-api"},"extension":{},"message":"\u001b[90m> \u001b[39m       'strict-transport-security': 'max-age=63072000; includeSubDomains; preload'\r"}}
[info] >      }, {"user":"    },\r","metadata":{"emulator":{"name":"functions"},"function":{"name":"us-central1-api"},"extension":{},"message":"\u001b[90m> \u001b[39m     },\r"}}
[info] >      statusCode: 400, {"user":"    statusCode: 400,\r","metadata":{"emulator":{"name":"functions"},"function":{"name":"us-central1-api"},"extension":{},"message":"\u001b[90m> \u001b[39m     statusCode: 400,\r"}}
[info] >      requestId: 'req_kBzvH8gwcRc7Ev' {"user":"    requestId: 'req_kBzvH8gwcRc7Ev'\r","metadata":{"emulator":{"name":"functions"},"function":{"name":"us-central1-api"},"extension":{},"message":"\u001b[90m> \u001b[39m     requestId: 'req_kBzvH8gwcRc7Ev'\r"}}
[info] >    }, {"user":"  },\r","metadata":{"emulator":{"name":"functions"},"function":{"name":"us-central1-api"},"extension":{},"message":"\u001b[90m> \u001b[39m   },\r"}}
[info] >    rawType: 'invalid_request_error', {"user":"  rawType: 'invalid_request_error',\r","metadata":{"emulator":{"name":"functions"},"function":{"name":"us-central1-api"},"extension":{},"message":"\u001b[90m> \u001b[39m   rawType: 'invalid_request_error',\r"}}
[info] >    code: 'parameter_invalid_integer', {"user":"  code: 'parameter_invalid_integer',\r","metadata":{"emulator":{"name":"functions"},"function":{"name":"us-central1-api"},"extension":{},"message":"\u001b[90m> \u001b[39m   code: 'parameter_invalid_integer',\r"}}
[info] >    doc_url: 'https://stripe.com/docs/error-codes/parameter-invalid-integer', {"user":"  doc_url: 'https://stripe.com/docs/error-codes/parameter-invalid-integer',\r","metadata":{"emulator":{"name":"functions"},"function":{"name":"us-central1-api"},"extension":{},"message":"\u001b[90m> \u001b[39m   doc_url: 'https://stripe.com/docs/error-codes/parameter-invalid-integer',\r"}}
[info] >    param: 'amount', {"user":"  param: 'amount',\r","metadata":{"emulator":{"name":"functions"},"function":{"name":"us-central1-api"},"extension":{},"message":"\u001b[90m> \u001b[39m   param: 'amount',\r"}}
[info] >    detail: undefined, {"user":"  detail: undefined,\r","metadata":{"emulator":{"name":"functions"},"function":{"name":"us-central1-api"},"extension":{},"message":"\u001b[90m> \u001b[39m   detail: undefined,\r"}}
[info] >    headers: { {"user":"  headers: {\r","metadata":{"emulator":{"name":"functions"},"function":{"name":"us-central1-api"},"extension":{},"message":"\u001b[90m> \u001b[39m   headers: {\r"}}
[info] >      server: 'nginx', {"user":"    server: 'nginx',\r","metadata":{"emulator":{"name":"functions"},"function":{"name":"us-central1-api"},"extension":{},"message":"\u001b[90m> \u001b[39m     server: 'nginx',\r"}}
[info] >      date: 'Fri, 19 Jul 2024 11:50:52 GMT', {"user":"    date: 'Fri, 19 Jul 2024 11:50:52 GMT',\r","metadata":{"emulator":{"name":"functions"},"function":{"name":"us-central1-api"},"extension":{},"message":"\u001b[90m> \u001b[39m     date: 'Fri, 19 Jul 2024 11:50:52 GMT',\r"}}
[info] >      'content-type': 'application/json', {"user":"    'content-type': 'application/json',\r","metadata":{"emulator":{"name":"functions"},"function":{"name":"us-central1-api"},"extension":{},"message":"\u001b[90m> \u001b[39m     'content-type': 'application/json',\r"}}
[info] >      'content-length': '663', {"user":"    'content-length': '663',\r","metadata":{"emulator":{"name":"functions"},"function":{"name":"us-central1-api"},"extension":{},"message":"\u001b[90m> \u001b[39m     'content-length': '663',\r"}}
[info] >      connection: 'keep-alive', {"user":"    connection: 'keep-alive',\r","metadata":{"emulator":{"name":"functions"},"function":{"name":"us-central1-api"},"extension":{},"message":"\u001b[90m> \u001b[39m     connection: 'keep-alive',\r"}}
[info] >      'access-control-allow-credentials': 'true', {"user":"    'access-control-allow-credentials': 'true',\r","metadata":{"emulator":{"name":"functions"},"function":{"name":"us-central1-api"},"extension":{},"message":"\u001b[90m> \u001b[39m     'access-control-allow-credentials': 'true',\r"}}
[info] >      'access-control-allow-methods': 'GET,HEAD,PUT,PATCH,POST,DELETE', {"user":"    'access-control-allow-methods': 'GET,HEAD,PUT,PATCH,POST,DELETE',\r","metadata":{"emulator":{"name":"functions"},"function":{"name":"us-central1-api"},"extension":{},"message":"\u001b[90m> \u001b[39m     'access-control-allow-methods': 'GET,HEAD,PUT,PATCH,POST,DELETE',\r"}}
[info] >      'access-control-allow-origin': '*', {"user":"    'access-control-allow-origin': '*',\r","metadata":{"emulator":{"name":"functions"},"function":{"name":"us-central1-api"},"extension":{},"message":"\u001b[90m> \u001b[39m     'access-control-allow-origin': '*',\r"}}
[info] >      'access-control-expose-headers': 'Request-Id, Stripe-Manage-Version, Stripe-Should-Retry, X-Stripe-External-Auth-Required, X-Stripe-Privileged-Session-Required', {"user":"    'access-control-expose-headers': 'Request-Id, Stripe-Manage-Version, Stripe-Should-Retry, X-Stripe-External-Auth-Required, X-Stripe-Privileged-Session-Required',\r","metadata":{"emulator":{"name":"functions"},"function":{"name":"us-central1-api"},"extension":{},"message":"\u001b[90m> \u001b[39m     'access-control-expose-headers': 'Request-Id, Stripe-Manage-Version, Stripe-Should-Retry, X-Stripe-External-Auth-Required, X-Stripe-Privileged-Session-Required',\r"}}
[info] >      'access-control-max-age': '300', {"user":"    'access-control-max-age': '300',\r","metadata":{"emulator":{"name":"functions"},"function":{"name":"us-central1-api"},"extension":{},"message":"\u001b[90m> \u001b[39m     'access-control-max-age': '300',\r"}}
[info] >      'cache-control': 'no-cache, no-store', {"user":"    'cache-control': 'no-cache, no-store',\r","metadata":{"emulator":{"name":"functions"},"function":{"name":"us-central1-api"},"extension":{},"message":"\u001b[90m> \u001b[39m     'cache-control': 'no-cache, no-store',\r"}}
[info] >      'content-security-policy': "report-uri https://q.stripe.com/csp-report?p=v1%2Fpayment_intents; block-all-mixed-content; default-src 'none'; base-uri 'none'; form-action 'none'; frame-ancestors 'none'; img-src 'self'; script-src 'self' 'report-sample'; style-src 'self'", {"user":"    'content-security-policy': \"report-uri https://q.stripe.com/csp-report?p=v1%2Fpayment_intents; block-all-mixed-content; default-src 'none'; base-uri 'none'; form-action 'none'; frame-ancestors 'none'; img-src 'self'; script-src 'self' 'report-sample'; style-src 'self'\",\r","metadata":{"emulator":{"name":"functions"},"function":{"name":"us-central1-api"},"extension":{},"message":"\u001b[90m> \u001b[39m     'content-security-policy': \"report-uri https://q.stripe.com/csp-report?p=v1%2Fpayment_intents; block-all-mixed-content; default-src 'none'; base-uri 'none'; form-action 'none'; frame-ancestors 'none'; img-src 'self'; script-src 'self' 'report-sample'; style-src 'self'\",\r"}}
[info] >      'cross-origin-opener-policy-report-only': 'same-origin; report-to="coop"', {"user":"    'cross-origin-opener-policy-report-only': 'same-origin; report-to=\"coop\"',\r","metadata":{"emulator":{"name":"functions"},"function":{"name":"us-central1-api"},"extension":{},"message":"\u001b[90m> \u001b[39m     'cross-origin-opener-policy-report-only': 'same-origin; report-to=\"coop\"',\r"}}
[info] >      'idempotency-key': 'stripe-node-retry-5fb7d938-2e6c-498b-924f-5fd030b1b89e', {"user":"    'idempotency-key': 'stripe-node-retry-5fb7d938-2e6c-498b-924f-5fd030b1b89e',\r","metadata":{"emulator":{"name":"functions"},"function":{"name":"us-central1-api"},"extension":{},"message":"\u001b[90m> \u001b[39m     'idempotency-key': 'stripe-node-retry-5fb7d938-2e6c-498b-924f-5fd030b1b89e',\r"}}
[info] >      'original-request': 'req_kBzvH8gwcRc7Ev', {"user":"    'original-request': 'req_kBzvH8gwcRc7Ev',\r","metadata":{"emulator":{"name":"functions"},"function":{"name":"us-central1-api"},"extension":{},"message":"\u001b[90m> \u001b[39m     'original-request': 'req_kBzvH8gwcRc7Ev',\r"}}
[info] >      'report-to': '{"group":"coop","max_age":8640,"endpoints":[{"url":"https://q.stripe.com/coop-report?s=payins-bapi-srv"}],"include_subdomains":true}', {"user":"    'report-to': '{\"group\":\"coop\",\"max_age\":8640,\"endpoints\":[{\"url\":\"https://q.stripe.com/coop-report?s=payins-bapi-srv\"}],\"include_subdomains\":true}',\r","metadata":{"emulator":{"name":"functions"},"function":{"name":"us-central1-api"},"extension":{},"message":"\u001b[90m> \u001b[39m     'report-to': '{\"group\":\"coop\",\"max_age\":8640,\"endpoints\":[{\"url\":\"https://q.stripe.com/coop-report?s=payins-bapi-srv\"}],\"include_subdomains\":true}',\r"}}
[info] >      'reporting-endpoints': 'coop="https://q.stripe.com/coop-report?s=payins-bapi-srv"', {"user":"    'reporting-endpoints': 'coop=\"https://q.stripe.com/coop-report?s=payins-bapi-srv\"',\r","metadata":{"emulator":{"name":"functions"},"function":{"name":"us-central1-api"},"extension":{},"message":"\u001b[90m> \u001b[39m     'reporting-endpoints': 'coop=\"https://q.stripe.com/coop-report?s=payins-bapi-srv\"',\r"}}
[info] >      'request-id': 'req_kBzvH8gwcRc7Ev', {"user":"    'request-id': 'req_kBzvH8gwcRc7Ev',\r","metadata":{"emulator":{"name":"functions"},"function":{"name":"us-central1-api"},"extension":{},"message":"\u001b[90m> \u001b[39m     'request-id': 'req_kBzvH8gwcRc7Ev',\r"}}
[info] >      'stripe-version': '2024-06-20', {"user":"    'stripe-version': '2024-06-20',\r","metadata":{"emulator":{"name":"functions"},"function":{"name":"us-central1-api"},"extension":{},"message":"\u001b[90m> \u001b[39m     'stripe-version': '2024-06-20',\r"}}
[info] >      vary: 'Origin', {"user":"    vary: 'Origin',\r","metadata":{"emulator":{"name":"functions"},"function":{"name":"us-central1-api"},"extension":{},"message":"\u001b[90m> \u001b[39m     vary: 'Origin',\r"}}
[info] >      'x-content-type-options': 'nosniff', {"user":"    'x-content-type-options': 'nosniff',\r","metadata":{"emulator":{"name":"functions"},"function":{"name":"us-central1-api"},"extension":{},"message":"\u001b[90m> \u001b[39m     'x-content-type-options': 'nosniff',\r"}}
[info] >      'x-stripe-priority-routing-enabled': 'true', {"user":"    'x-stripe-priority-routing-enabled': 'true',\r","metadata":{"emulator":{"name":"functions"},"function":{"name":"us-central1-api"},"extension":{},"message":"\u001b[90m> \u001b[39m     'x-stripe-priority-routing-enabled': 'true',\r"}}
[info] >      'x-stripe-routing-context-priority-tier': 'api-testmode', {"user":"    'x-stripe-routing-context-priority-tier': 'api-testmode',\r","metadata":{"emulator":{"name":"functions"},"function":{"name":"us-central1-api"},"extension":{},"message":"\u001b[90m> \u001b[39m     'x-stripe-routing-context-priority-tier': 'api-testmode',\r"}}
[info] >      'strict-transport-security': 'max-age=63072000; includeSubDomains; preload' {"user":"    'strict-transport-security': 'max-age=63072000; includeSubDomains; preload'\r","metadata":{"emulator":{"name":"functions"},"function":{"name":"us-central1-api"},"extension":{},"message":"\u001b[90m> \u001b[39m     'strict-transport-security': 'max-age=63072000; includeSubDomains; preload'\r"}}
[info] >    }, {"user":"  },\r","metadata":{"emulator":{"name":"functions"},"function":{"name":"us-central1-api"},"extension":{},"message":"\u001b[90m> \u001b[39m   },\r"}}
[info] >    requestId: 'req_kBzvH8gwcRc7Ev', {"user":"  requestId: 'req_kBzvH8gwcRc7Ev',\r","metadata":{"emulator":{"name":"functions"},"function":{"name":"us-central1-api"},"extension":{},"message":"\u001b[90m> \u001b[39m   requestId: 'req_kBzvH8gwcRc7Ev',\r"}}
[info] >    statusCode: 400, {"user":"  statusCode: 400,\r","metadata":{"emulator":{"name":"functions"},"function":{"name":"us-central1-api"},"extension":{},"message":"\u001b[90m> \u001b[39m   statusCode: 400,\r"}}
[info] >    charge: undefined, {"user":"  charge: undefined,\r","metadata":{"emulator":{"name":"functions"},"function":{"name":"us-central1-api"},"extension":{},"message":"\u001b[90m> \u001b[39m   charge: undefined,\r"}}
[info] >    decline_code: undefined, {"user":"  decline_code: undefined,\r","metadata":{"emulator":{"name":"functions"},"function":{"name":"us-central1-api"},"extension":{},"message":"\u001b[90m> \u001b[39m   decline_code: undefined,\r"}}
[info] >    payment_intent: undefined, {"user":"  payment_intent: undefined,\r","metadata":{"emulator":{"name":"functions"},"function":{"name":"us-central1-api"},"extension":{},"message":"\u001b[90m> \u001b[39m   payment_intent: undefined,\r"}}
[info] >    payment_method: undefined, {"user":"  payment_method: undefined,\r","metadata":{"emulator":{"name":"functions"},"function":{"name":"us-central1-api"},"extension":{},"message":"\u001b[90m> \u001b[39m   payment_method: undefined,\r"}}
[info] >    payment_method_type: undefined, {"user":"  payment_method_type: undefined,\r","metadata":{"emulator":{"name":"functions"},"function":{"name":"us-central1-api"},"extension":{},"message":"\u001b[90m> \u001b[39m   payment_method_type: undefined,\r"}}
[info] >    setup_intent: undefined, {"user":"  setup_intent: undefined,\r","metadata":{"emulator":{"name":"functions"},"function":{"name":"us-central1-api"},"extension":{},"message":"\u001b[90m> \u001b[39m   setup_intent: undefined,\r"}}
[info] >    source: undefined {"user":"  source: undefined\r","metadata":{"emulator":{"name":"functions"},"function":{"name":"us-central1-api"},"extension":{},"message":"\u001b[90m> \u001b[39m   source: undefined\r"}}
[info] >  } {"user":"}\r","metadata":{"emulator":{"name":"functions"},"function":{"name":"us-central1-api"},"extension":{},"message":"\u001b[90m> \u001b[39m }\r"}}
[info] >   {"user":"\r","metadata":{"emulator":{"name":"functions"},"function":{"name":"us-central1-api"},"extension":{},"message":"\u001b[90m> \u001b[39m \r"}}
[info] >  Node.js v20.13.1 {"user":"Node.js v20.13.1\r","metadata":{"emulator":{"name":"functions"},"function":{"name":"us-central1-api"},"extension":{},"message":"\u001b[90m> \u001b[39m Node.js v20.13.1\r"}}
[error] i  Request to function failed: Error: socket hang up {"metadata":{"emulator":{"name":"functions"},"function":{"name":"us-central1-api"},"extension":{},"message":"Request to function failed: Error: socket hang up"}}
[debug] [2024-07-19T11:50:52.637Z] [work-queue] {"queuedWork":[],"queueLength":0,"runningWork":[],"workRunningCount":0}
[debug] [2024-07-19T11:50:52.638Z] [worker-us-central1-api-f7b91838-a307-41e1-a081-bf12be7c31dc]: exited {"metadata":{"emulator":{"name":"functions"},"function":{"name":"us-central1-api"},"extension":{},"message":"[worker-us-central1-api-f7b91838-a307-41e1-a081-bf12be7c31dc]: exited"}}
[debug] [2024-07-19T11:50:52.638Z] [worker-us-central1-api-f7b91838-a307-41e1-a081-bf12be7c31dc]: FINISHED {"metadata":{"emulator":{"name":"functions"},"function":{"name":"us-central1-api"},"extension":{},"message":"[worker-us-central1-api-f7b91838-a307-41e1-a081-bf12be7c31dc]: FINISHED"}}
[info] +  functions: Loaded functions definitions from source: api. {"metadata":{"emulator":{"name":"functions"},"message":"Loaded functions definitions from source: api."}}
[debug] [2024-07-19T11:50:56.318Z] [work-queue] {"queuedWork":["/challenge-db720/us-central1/api/payments/create-2024-07-19T11:50:56.318Z"],"queueLength":1,"runningWork":[],"workRunningCount":0}
[debug] [2024-07-19T11:50:56.318Z] [work-queue] {"queuedWork":[],"queueLength":0,"runningWork":["/challenge-db720/us-central1/api/payments/create-2024-07-19T11:50:56.318Z"],"workRunningCount":1}
[debug] [2024-07-19T11:50:56.318Z] Accepted request POST /challenge-db720/us-central1/api/payments/create?total=2999 --> us-central1-api
[debug] [2024-07-19T11:50:56.319Z] [functions] Runtime ready! Sending request! {"metadata":{"emulator":{"name":"functions"},"message":"[functions] Runtime ready! Sending request!"}}
[debug] [2024-07-19T11:50:56.319Z] [functions] Got req.url=/challenge-db720/us-central1/api/payments/create?total=2999, mapping to path=/payments/create?total=2999 {"metadata":{"emulator":{"name":"functions"},"message":"[functions] Got req.url=/challenge-db720/us-central1/api/payments/create?total=2999, mapping to path=/payments/create?total=2999"}}
[debug] [2024-07-19T11:50:56.319Z] [worker-pool] Cleaned up workers for us-central1-api: 1 --> 0 {"metadata":{"emulator":{"name":"functions"},"message":"[worker-pool] Cleaned up workers for us-central1-api: 1 --> 0"}}
[debug] [2024-07-19T11:50:56.335Z] [worker-pool] addWorker(us-central1-api) {"metadata":{"emulator":{"name":"functions"},"message":"[worker-pool] addWorker(us-central1-api)"}}
[debug] [2024-07-19T11:50:56.336Z] [worker-pool] Adding worker with key us-central1-api, total=1 {"metadata":{"emulator":{"name":"functions"},"message":"[worker-pool] Adding worker with key us-central1-api, total=1"}}
[debug] [2024-07-19T11:50:57.970Z] [runtime-status] [22316] Resolved module firebase-admin {"declared":true,"installed":true,"version":"12.2.0","resolution":"D:\\MyDownloads\\React\\demo24\\functions\\node_modules\\firebase-admin\\lib\\index.js"} {"metadata":{"emulator":{"name":"functions"},"function":{"name":"us-central1-api"},"extension":{},"message":"[runtime-status] [22316] Resolved module firebase-admin {\"declared\":true,\"installed\":true,\"version\":\"12.2.0\",\"resolution\":\"D:\\\\MyDownloads\\\\React\\\\demo24\\\\functions\\\\node_modules\\\\firebase-admin\\\\lib\\\\index.js\"}"}}
[debug] [2024-07-19T11:50:57.972Z] [runtime-status] [22316] Resolved module firebase-functions {"declared":true,"installed":true,"version":"5.0.1","resolution":"D:\\MyDownloads\\React\\demo24\\functions\\node_modules\\firebase-functions\\lib\\v1\\index.js"} {"metadata":{"emulator":{"name":"functions"},"function":{"name":"us-central1-api"},"extension":{},"message":"[runtime-status] [22316] Resolved module firebase-functions {\"declared\":true,\"installed\":true,\"version\":\"5.0.1\",\"resolution\":\"D:\\\\MyDownloads\\\\React\\\\demo24\\\\functions\\\\node_modules\\\\firebase-functions\\\\lib\\\\v1\\\\index.js\"}"}}
[debug] [2024-07-19T11:50:57.972Z] [runtime-status] [22316] Outgoing network have been stubbed. [{"name":"http","status":"mocked"},{"name":"http","status":"mocked"},{"name":"https","status":"mocked"},{"name":"https","status":"mocked"},{"name":"net","status":"mocked"}] {"metadata":{"emulator":{"name":"functions"},"function":{"name":"us-central1-api"},"extension":{},"message":"[runtime-status] [22316] Outgoing network have been stubbed. [{\"name\":\"http\",\"status\":\"mocked\"},{\"name\":\"http\",\"status\":\"mocked\"},{\"name\":\"https\",\"status\":\"mocked\"},{\"name\":\"https\",\"status\":\"mocked\"},{\"name\":\"net\",\"status\":\"mocked\"}]"}}
[debug] [2024-07-19T11:50:57.973Z] [runtime-status] [22316] Resolved module firebase-functions {"declared":true,"installed":true,"version":"5.0.1","resolution":"D:\\MyDownloads\\React\\demo24\\functions\\node_modules\\firebase-functions\\lib\\v1\\index.js"} {"metadata":{"emulator":{"name":"functions"},"function":{"name":"us-central1-api"},"extension":{},"message":"[runtime-status] [22316] Resolved module firebase-functions {\"declared\":true,\"installed\":true,\"version\":\"5.0.1\",\"resolution\":\"D:\\\\MyDownloads\\\\React\\\\demo24\\\\functions\\\\node_modules\\\\firebase-functions\\\\lib\\\\v1\\\\index.js\"}"}}
[debug] [2024-07-19T11:50:58.239Z] [runtime-status] [22316] Checked functions.config() {"config":{}} {"metadata":{"emulator":{"name":"functions"},"function":{"name":"us-central1-api"},"extension":{},"message":"[runtime-status] [22316] Checked functions.config() {\"config\":{}}"}}
[debug] [2024-07-19T11:50:58.239Z] [runtime-status] [22316] firebase-functions has been stubbed. {"functionsResolution":{"declared":true,"installed":true,"version":"5.0.1","resolution":"D:\\MyDownloads\\React\\demo24\\functions\\node_modules\\firebase-functions\\lib\\v1\\index.js"}} {"metadata":{"emulator":{"name":"functions"},"function":{"name":"us-central1-api"},"extension":{},"message":"[runtime-status] [22316] firebase-functions has been stubbed. {\"functionsResolution\":{\"declared\":true,\"installed\":true,\"version\":\"5.0.1\",\"resolution\":\"D:\\\\MyDownloads\\\\React\\\\demo24\\\\functions\\\\node_modules\\\\firebase-functions\\\\lib\\\\v1\\\\index.js\"}}"}}
[debug] [2024-07-19T11:50:58.239Z] [runtime-status] [22316] Resolved module firebase-functions {"declared":true,"installed":true,"version":"5.0.1","resolution":"D:\\MyDownloads\\React\\demo24\\functions\\node_modules\\firebase-functions\\lib\\v1\\index.js"} {"metadata":{"emulator":{"name":"functions"},"function":{"name":"us-central1-api"},"extension":{},"message":"[runtime-status] [22316] Resolved module firebase-functions {\"declared\":true,\"installed\":true,\"version\":\"5.0.1\",\"resolution\":\"D:\\\\MyDownloads\\\\React\\\\demo24\\\\functions\\\\node_modules\\\\firebase-functions\\\\lib\\\\v1\\\\index.js\"}"}}
[debug] [2024-07-19T11:50:58.240Z] [runtime-status] [22316] Resolved module firebase-admin {"declared":true,"installed":true,"version":"12.2.0","resolution":"D:\\MyDownloads\\React\\demo24\\functions\\node_modules\\firebase-admin\\lib\\index.js"} {"metadata":{"emulator":{"name":"functions"},"function":{"name":"us-central1-api"},"extension":{},"message":"[runtime-status] [22316] Resolved module firebase-admin {\"declared\":true,\"installed\":true,\"version\":\"12.2.0\",\"resolution\":\"D:\\\\MyDownloads\\\\React\\\\demo24\\\\functions\\\\node_modules\\\\firebase-admin\\\\lib\\\\index.js\"}"}}
[debug] [2024-07-19T11:50:58.244Z] [runtime-status] [22316] Resolved module firebase-functions {"declared":true,"installed":true,"version":"5.0.1","resolution":"D:\\MyDownloads\\React\\demo24\\functions\\node_modules\\firebase-functions\\lib\\v1\\index.js"} {"metadata":{"emulator":{"name":"functions"},"function":{"name":"us-central1-api"},"extension":{},"message":"[runtime-status] [22316] Resolved module firebase-functions {\"declared\":true,\"installed\":true,\"version\":\"5.0.1\",\"resolution\":\"D:\\\\MyDownloads\\\\React\\\\demo24\\\\functions\\\\node_modules\\\\firebase-functions\\\\lib\\\\v1\\\\index.js\"}"}}
[debug] [2024-07-19T11:50:58.244Z] [runtime-status] [22316] firebase-admin has been stubbed. {"adminResolution":{"declared":true,"installed":true,"version":"12.2.0","resolution":"D:\\MyDownloads\\React\\demo24\\functions\\node_modules\\firebase-admin\\lib\\index.js"}} {"metadata":{"emulator":{"name":"functions"},"function":{"name":"us-central1-api"},"extension":{},"message":"[runtime-status] [22316] firebase-admin has been stubbed. {\"adminResolution\":{\"declared\":true,\"installed\":true,\"version\":\"12.2.0\",\"resolution\":\"D:\\\\MyDownloads\\\\React\\\\demo24\\\\functions\\\\node_modules\\\\firebase-admin\\\\lib\\\\index.js\"}}"}}
[debug] [2024-07-19T11:50:58.445Z] [runtime-status] [22316] Functions runtime initialized. {"cwd":"D:\\MyDownloads\\React\\demo24\\functions","node_version":"20.13.1"} {"metadata":{"emulator":{"name":"functions"},"function":{"name":"us-central1-api"},"extension":{},"message":"[runtime-status] [22316] Functions runtime initialized. {\"cwd\":\"D:\\\\MyDownloads\\\\React\\\\demo24\\\\functions\",\"node_version\":\"20.13.1\"}"}}
[debug] [2024-07-19T11:50:58.445Z] [runtime-status] [22316] Listening to port: \\?\pipe\fire_emu_5f7f5c50ff79c1d5 {"metadata":{"emulator":{"name":"functions"},"function":{"name":"us-central1-api"},"extension":{},"message":"[runtime-status] [22316] Listening to port: \\\\?\\pipe\\fire_emu_5f7f5c50ff79c1d5"}}
[debug] [2024-07-19T11:50:58.532Z] [worker-us-central1-api-395a83f6-2450-4fa3-9dbc-7ab5f307209f]: IDLE {"metadata":{"emulator":{"name":"functions"},"function":{"name":"us-central1-api"},"extension":{},"message":"[worker-us-central1-api-395a83f6-2450-4fa3-9dbc-7ab5f307209f]: IDLE"}}
[debug] [2024-07-19T11:50:58.533Z] [worker-pool] submitRequest(triggerId=us-central1-api) {"metadata":{"emulator":{"name":"functions"},"message":"[worker-pool] submitRequest(triggerId=us-central1-api)"}}
[info] i  functions: Beginning execution of "us-central1-api" {"metadata":{"emulator":{"name":"functions"},"function":{"name":"us-central1-api"},"extension":{},"message":"Beginning execution of \"us-central1-api\""}}
[debug] [2024-07-19T11:50:58.534Z] [worker-us-central1-api-395a83f6-2450-4fa3-9dbc-7ab5f307209f]: BUSY {"metadata":{"emulator":{"name":"functions"},"function":{"name":"us-central1-api"},"extension":{},"message":"[worker-us-central1-api-395a83f6-2450-4fa3-9dbc-7ab5f307209f]: BUSY"}}
[info] >  Payment Request Received BOOM! ! ! for this amount >>>  2999 {"user":"Payment Request Received BOOM! ! ! for this amount >>>  2999","metadata":{"emulator":{"name":"functions"},"function":{"name":"us-central1-api"},"extension":{},"message":"\u001b[90m> \u001b[39m Payment Request Received BOOM! ! ! for this amount >>>  2999"}}
[debug] [2024-07-19T11:50:59.259Z] Finishing up request with event=pause {"metadata":{"emulator":{"name":"functions"},"function":{"name":"us-central1-api"},"extension":{},"message":"Finishing up request with event=pause"}}
[info] i  functions: Finished "us-central1-api" in 725.1829ms {"metadata":{"emulator":{"name":"functions"},"function":{"name":"us-central1-api"},"extension":{},"message":"Finished \"us-central1-api\" in 725.1829ms"}}
[debug] [2024-07-19T11:50:59.260Z] [worker-us-central1-api-395a83f6-2450-4fa3-9dbc-7ab5f307209f]: IDLE {"metadata":{"emulator":{"name":"functions"},"function":{"name":"us-central1-api"},"extension":{},"message":"[worker-us-central1-api-395a83f6-2450-4fa3-9dbc-7ab5f307209f]: IDLE"}}
[debug] [2024-07-19T11:50:59.260Z] Finishing up request with event=finish {"metadata":{"emulator":{"name":"functions"},"function":{"name":"us-central1-api"},"extension":{},"message":"Finishing up request with event=finish"}}
[debug] [2024-07-19T11:50:59.260Z] Finishing up request with event=close {"metadata":{"emulator":{"name":"functions"},"function":{"name":"us-central1-api"},"extension":{},"message":"Finishing up request with event=close"}}
[debug] [2024-07-19T11:50:59.260Z] [work-queue] {"queuedWork":[],"queueLength":0,"runningWork":[],"workRunningCount":0}
[debug] [2024-07-19T11:53:36.216Z] File D:\MyDownloads\React\demo24\functions\index.js changed, reloading triggers {"metadata":{"emulator":{"name":"functions"},"message":"File D:\\MyDownloads\\React\\demo24\\functions\\index.js changed, reloading triggers"}}
[debug] [2024-07-19T11:53:37.231Z] Validating nodejs source
[debug] [2024-07-19T11:53:40.125Z] > [functions] package.json contents: {
  "name": "functions",
  "description": "Cloud Functions for Firebase",
  "scripts": {
    "lint": "eslint .",
    "serve": "firebase emulators:start --only functions",
    "shell": "firebase functions:shell",
    "start": "npm run shell",
    "deploy": "firebase deploy --only functions",
    "logs": "firebase functions:log"
  },
  "engines": {
    "node": "20"
  },
  "main": "index.js",
  "dependencies": {
    "cors": "^2.8.5",
    "express": "^4.19.2",
    "firebase-admin": "^12.1.0",
    "firebase-functions": "^5.0.0",
    "stripe": "^16.2.0"
  },
  "devDependencies": {
    "eslint": "^8.15.0",
    "eslint-config-google": "^0.14.0",
    "firebase-functions-test": "^3.1.0"
  },
  "private": true
}
[debug] [2024-07-19T11:53:40.125Z] Building nodejs source
[debug] [2024-07-19T11:53:40.125Z] Failed to find version of module node: reached end of search path D:\MyDownloads\React\demo24\functions\node_modules
[warn] !  functions: Your requested "node" version "18" doesn't match your global version "20". Using node@20 from host. 
[debug] [2024-07-19T11:53:40.127Z] Could not find functions.yaml. Must use http discovery
[debug] [2024-07-19T11:53:40.134Z] Found firebase-functions binary at 'D:\MyDownloads\React\demo24\functions\node_modules\.bin\firebase-functions'
[info] Serving at port 8067

[debug] [2024-07-19T11:53:40.869Z] Got response from /__/functions.yaml {"endpoints":{"api":{"platform":"gcfv1","availableMemoryMb":null,"timeoutSeconds":null,"minInstances":null,"maxInstances":null,"ingressSettings":null,"serviceAccountEmail":null,"vpc":null,"httpsTrigger":{},"entryPoint":"api"}},"specVersion":"v1alpha1","requiredAPIs":[]}
[info] +  functions: Loaded functions definitions from source: api. {"metadata":{"emulator":{"name":"functions"},"message":"Loaded functions definitions from source: api."}}
[debug] [2024-07-19T11:53:45.943Z] [worker-pool] Shutting down IDLE worker (us-central1-api) {"metadata":{"emulator":{"name":"functions"},"message":"[worker-pool] Shutting down IDLE worker (us-central1-api)"}}
[debug] [2024-07-19T11:53:45.943Z] [worker-us-central1-api-395a83f6-2450-4fa3-9dbc-7ab5f307209f]: FINISHING {"metadata":{"emulator":{"name":"functions"},"function":{"name":"us-central1-api"},"extension":{},"message":"[worker-us-central1-api-395a83f6-2450-4fa3-9dbc-7ab5f307209f]: FINISHING"}}
[debug] [2024-07-19T11:53:45.958Z] [worker-us-central1-api-395a83f6-2450-4fa3-9dbc-7ab5f307209f]: exited {"metadata":{"emulator":{"name":"functions"},"function":{"name":"us-central1-api"},"extension":{},"message":"[worker-us-central1-api-395a83f6-2450-4fa3-9dbc-7ab5f307209f]: exited"}}
[debug] [2024-07-19T11:53:45.959Z] [worker-us-central1-api-395a83f6-2450-4fa3-9dbc-7ab5f307209f]: FINISHED {"metadata":{"emulator":{"name":"functions"},"function":{"name":"us-central1-api"},"extension":{},"message":"[worker-us-central1-api-395a83f6-2450-4fa3-9dbc-7ab5f307209f]: FINISHED"}}
[debug] [2024-07-19T11:54:01.703Z] File D:\MyDownloads\React\demo24\functions\index.js changed, reloading triggers {"metadata":{"emulator":{"name":"functions"},"message":"File D:\\MyDownloads\\React\\demo24\\functions\\index.js changed, reloading triggers"}}
[debug] [2024-07-19T11:54:02.705Z] Validating nodejs source
[debug] [2024-07-19T11:54:05.187Z] > [functions] package.json contents: {
  "name": "functions",
  "description": "Cloud Functions for Firebase",
  "scripts": {
    "lint": "eslint .",
    "serve": "firebase emulators:start --only functions",
    "shell": "firebase functions:shell",
    "start": "npm run shell",
    "deploy": "firebase deploy --only functions",
    "logs": "firebase functions:log"
  },
  "engines": {
    "node": "20"
  },
  "main": "index.js",
  "dependencies": {
    "cors": "^2.8.5",
    "express": "^4.19.2",
    "firebase-admin": "^12.1.0",
    "firebase-functions": "^5.0.0",
    "stripe": "^16.2.0"
  },
  "devDependencies": {
    "eslint": "^8.15.0",
    "eslint-config-google": "^0.14.0",
    "firebase-functions-test": "^3.1.0"
  },
  "private": true
}
[debug] [2024-07-19T11:54:05.187Z] Building nodejs source
[debug] [2024-07-19T11:54:05.187Z] Failed to find version of module node: reached end of search path D:\MyDownloads\React\demo24\functions\node_modules
[warn] !  functions: Your requested "node" version "18" doesn't match your global version "20". Using node@20 from host. 
[debug] [2024-07-19T11:54:05.189Z] Could not find functions.yaml. Must use http discovery
[debug] [2024-07-19T11:54:05.195Z] Found firebase-functions binary at 'D:\MyDownloads\React\demo24\functions\node_modules\.bin\firebase-functions'
[info] Serving at port 8718

[debug] [2024-07-19T11:54:05.992Z] Got response from /__/functions.yaml {"endpoints":{"api":{"platform":"gcfv1","availableMemoryMb":null,"timeoutSeconds":null,"minInstances":null,"maxInstances":null,"ingressSettings":null,"serviceAccountEmail":null,"vpc":null,"httpsTrigger":{},"entryPoint":"api"}},"specVersion":"v1alpha1","requiredAPIs":[]}
[info] +  functions: Loaded functions definitions from source: api. {"metadata":{"emulator":{"name":"functions"},"message":"Loaded functions definitions from source: api."}}
[debug] [2024-07-19T11:54:24.117Z] File D:\MyDownloads\React\demo24\functions\index.js changed, reloading triggers {"metadata":{"emulator":{"name":"functions"},"message":"File D:\\MyDownloads\\React\\demo24\\functions\\index.js changed, reloading triggers"}}
[debug] [2024-07-19T11:54:25.126Z] Validating nodejs source
[debug] [2024-07-19T11:54:27.042Z] > [functions] package.json contents: {
  "name": "functions",
  "description": "Cloud Functions for Firebase",
  "scripts": {
    "lint": "eslint .",
    "serve": "firebase emulators:start --only functions",
    "shell": "firebase functions:shell",
    "start": "npm run shell",
    "deploy": "firebase deploy --only functions",
    "logs": "firebase functions:log"
  },
  "engines": {
    "node": "20"
  },
  "main": "index.js",
  "dependencies": {
    "cors": "^2.8.5",
    "express": "^4.19.2",
    "firebase-admin": "^12.1.0",
    "firebase-functions": "^5.0.0",
    "stripe": "^16.2.0"
  },
  "devDependencies": {
    "eslint": "^8.15.0",
    "eslint-config-google": "^0.14.0",
    "firebase-functions-test": "^3.1.0"
  },
  "private": true
}
[debug] [2024-07-19T11:54:27.042Z] Building nodejs source
[debug] [2024-07-19T11:54:27.043Z] Failed to find version of module node: reached end of search path D:\MyDownloads\React\demo24\functions\node_modules
[warn] !  functions: Your requested "node" version "18" doesn't match your global version "20". Using node@20 from host. 
[debug] [2024-07-19T11:54:27.044Z] Could not find functions.yaml. Must use http discovery
[debug] [2024-07-19T11:54:27.051Z] Found firebase-functions binary at 'D:\MyDownloads\React\demo24\functions\node_modules\.bin\firebase-functions'
[info] Serving at port 8631

[debug] [2024-07-19T11:54:27.798Z] Got response from /__/functions.yaml {"endpoints":{"api":{"platform":"gcfv1","availableMemoryMb":null,"timeoutSeconds":null,"minInstances":null,"maxInstances":null,"ingressSettings":null,"serviceAccountEmail":null,"vpc":null,"httpsTrigger":{},"entryPoint":"api"}},"specVersion":"v1alpha1","requiredAPIs":[]}
[info] +  functions: Loaded functions definitions from source: api. {"metadata":{"emulator":{"name":"functions"},"message":"Loaded functions definitions from source: api."}}
[debug] [2024-07-19T11:55:14.009Z] File D:\MyDownloads\React\demo24\functions\index.js changed, reloading triggers {"metadata":{"emulator":{"name":"functions"},"message":"File D:\\MyDownloads\\React\\demo24\\functions\\index.js changed, reloading triggers"}}
[debug] [2024-07-19T11:55:15.024Z] Validating nodejs source
[debug] [2024-07-19T11:55:16.972Z] > [functions] package.json contents: {
  "name": "functions",
  "description": "Cloud Functions for Firebase",
  "scripts": {
    "lint": "eslint .",
    "serve": "firebase emulators:start --only functions",
    "shell": "firebase functions:shell",
    "start": "npm run shell",
    "deploy": "firebase deploy --only functions",
    "logs": "firebase functions:log"
  },
  "engines": {
    "node": "20"
  },
  "main": "index.js",
  "dependencies": {
    "cors": "^2.8.5",
    "express": "^4.19.2",
    "firebase-admin": "^12.1.0",
    "firebase-functions": "^5.0.0",
    "stripe": "^16.2.0"
  },
  "devDependencies": {
    "eslint": "^8.15.0",
    "eslint-config-google": "^0.14.0",
    "firebase-functions-test": "^3.1.0"
  },
  "private": true
}
[debug] [2024-07-19T11:55:16.972Z] Building nodejs source
[debug] [2024-07-19T11:55:16.972Z] Failed to find version of module node: reached end of search path D:\MyDownloads\React\demo24\functions\node_modules
[warn] !  functions: Your requested "node" version "18" doesn't match your global version "20". Using node@20 from host. 
[debug] [2024-07-19T11:55:16.974Z] Could not find functions.yaml. Must use http discovery
[debug] [2024-07-19T11:55:16.981Z] Found firebase-functions binary at 'D:\MyDownloads\React\demo24\functions\node_modules\.bin\firebase-functions'
[info] Serving at port 8316

[debug] [2024-07-19T11:55:17.737Z] Got response from /__/functions.yaml {"endpoints":{},"specVersion":"v1alpha1","requiredAPIs":[]}
[debug] [2024-07-19T11:55:22.356Z] [work-queue] {"queuedWork":["/challenge-db720/us-central1/api/payments/create-2024-07-19T11:55:22.356Z"],"queueLength":1,"runningWork":[],"workRunningCount":0}
[debug] [2024-07-19T11:55:22.357Z] [work-queue] {"queuedWork":[],"queueLength":0,"runningWork":["/challenge-db720/us-central1/api/payments/create-2024-07-19T11:55:22.356Z"],"workRunningCount":1}
[debug] [2024-07-19T11:55:22.357Z] Accepted request POST /challenge-db720/us-central1/api/payments/create?total=0 --> us-central1-api
[debug] [2024-07-19T11:55:22.357Z] [functions] Runtime ready! Sending request! {"metadata":{"emulator":{"name":"functions"},"message":"[functions] Runtime ready! Sending request!"}}
[debug] [2024-07-19T11:55:22.357Z] [functions] Got req.url=/challenge-db720/us-central1/api/payments/create?total=0, mapping to path=/payments/create?total=0 {"metadata":{"emulator":{"name":"functions"},"message":"[functions] Got req.url=/challenge-db720/us-central1/api/payments/create?total=0, mapping to path=/payments/create?total=0"}}
[debug] [2024-07-19T11:55:22.357Z] [worker-pool] Cleaned up workers for us-central1-api: 1 --> 0 {"metadata":{"emulator":{"name":"functions"},"message":"[worker-pool] Cleaned up workers for us-central1-api: 1 --> 0"}}
[debug] [2024-07-19T11:55:22.374Z] [worker-pool] addWorker(us-central1-api) {"metadata":{"emulator":{"name":"functions"},"message":"[worker-pool] addWorker(us-central1-api)"}}
[debug] [2024-07-19T11:55:22.374Z] [worker-pool] Adding worker with key us-central1-api, total=1 {"metadata":{"emulator":{"name":"functions"},"message":"[worker-pool] Adding worker with key us-central1-api, total=1"}}
[debug] [2024-07-19T11:55:24.142Z] [runtime-status] [3852] Resolved module firebase-admin {"declared":true,"installed":true,"version":"12.2.0","resolution":"D:\\MyDownloads\\React\\demo24\\functions\\node_modules\\firebase-admin\\lib\\index.js"} {"metadata":{"emulator":{"name":"functions"},"function":{"name":"us-central1-api"},"extension":{},"message":"[runtime-status] [3852] Resolved module firebase-admin {\"declared\":true,\"installed\":true,\"version\":\"12.2.0\",\"resolution\":\"D:\\\\MyDownloads\\\\React\\\\demo24\\\\functions\\\\node_modules\\\\firebase-admin\\\\lib\\\\index.js\"}"}}
[debug] [2024-07-19T11:55:24.144Z] [runtime-status] [3852] Resolved module firebase-functions {"declared":true,"installed":true,"version":"5.0.1","resolution":"D:\\MyDownloads\\React\\demo24\\functions\\node_modules\\firebase-functions\\lib\\v1\\index.js"} {"metadata":{"emulator":{"name":"functions"},"function":{"name":"us-central1-api"},"extension":{},"message":"[runtime-status] [3852] Resolved module firebase-functions {\"declared\":true,\"installed\":true,\"version\":\"5.0.1\",\"resolution\":\"D:\\\\MyDownloads\\\\React\\\\demo24\\\\functions\\\\node_modules\\\\firebase-functions\\\\lib\\\\v1\\\\index.js\"}"}}
[debug] [2024-07-19T11:55:24.144Z] [runtime-status] [3852] Outgoing network have been stubbed. [{"name":"http","status":"mocked"},{"name":"http","status":"mocked"},{"name":"https","status":"mocked"},{"name":"https","status":"mocked"},{"name":"net","status":"mocked"}] {"metadata":{"emulator":{"name":"functions"},"function":{"name":"us-central1-api"},"extension":{},"message":"[runtime-status] [3852] Outgoing network have been stubbed. [{\"name\":\"http\",\"status\":\"mocked\"},{\"name\":\"http\",\"status\":\"mocked\"},{\"name\":\"https\",\"status\":\"mocked\"},{\"name\":\"https\",\"status\":\"mocked\"},{\"name\":\"net\",\"status\":\"mocked\"}]"}}
[debug] [2024-07-19T11:55:24.145Z] [runtime-status] [3852] Resolved module firebase-functions {"declared":true,"installed":true,"version":"5.0.1","resolution":"D:\\MyDownloads\\React\\demo24\\functions\\node_modules\\firebase-functions\\lib\\v1\\index.js"} {"metadata":{"emulator":{"name":"functions"},"function":{"name":"us-central1-api"},"extension":{},"message":"[runtime-status] [3852] Resolved module firebase-functions {\"declared\":true,\"installed\":true,\"version\":\"5.0.1\",\"resolution\":\"D:\\\\MyDownloads\\\\React\\\\demo24\\\\functions\\\\node_modules\\\\firebase-functions\\\\lib\\\\v1\\\\index.js\"}"}}
[debug] [2024-07-19T11:55:24.411Z] [runtime-status] [3852] Checked functions.config() {"config":{}} {"metadata":{"emulator":{"name":"functions"},"function":{"name":"us-central1-api"},"extension":{},"message":"[runtime-status] [3852] Checked functions.config() {\"config\":{}}"}}
[debug] [2024-07-19T11:55:24.412Z] [runtime-status] [3852] firebase-functions has been stubbed. {"functionsResolution":{"declared":true,"installed":true,"version":"5.0.1","resolution":"D:\\MyDownloads\\React\\demo24\\functions\\node_modules\\firebase-functions\\lib\\v1\\index.js"}} {"metadata":{"emulator":{"name":"functions"},"function":{"name":"us-central1-api"},"extension":{},"message":"[runtime-status] [3852] firebase-functions has been stubbed. {\"functionsResolution\":{\"declared\":true,\"installed\":true,\"version\":\"5.0.1\",\"resolution\":\"D:\\\\MyDownloads\\\\React\\\\demo24\\\\functions\\\\node_modules\\\\firebase-functions\\\\lib\\\\v1\\\\index.js\"}}"}}
[debug] [2024-07-19T11:55:24.412Z] [runtime-status] [3852] Resolved module firebase-functions {"declared":true,"installed":true,"version":"5.0.1","resolution":"D:\\MyDownloads\\React\\demo24\\functions\\node_modules\\firebase-functions\\lib\\v1\\index.js"} {"metadata":{"emulator":{"name":"functions"},"function":{"name":"us-central1-api"},"extension":{},"message":"[runtime-status] [3852] Resolved module firebase-functions {\"declared\":true,\"installed\":true,\"version\":\"5.0.1\",\"resolution\":\"D:\\\\MyDownloads\\\\React\\\\demo24\\\\functions\\\\node_modules\\\\firebase-functions\\\\lib\\\\v1\\\\index.js\"}"}}
[debug] [2024-07-19T11:55:24.413Z] [runtime-status] [3852] Resolved module firebase-admin {"declared":true,"installed":true,"version":"12.2.0","resolution":"D:\\MyDownloads\\React\\demo24\\functions\\node_modules\\firebase-admin\\lib\\index.js"} {"metadata":{"emulator":{"name":"functions"},"function":{"name":"us-central1-api"},"extension":{},"message":"[runtime-status] [3852] Resolved module firebase-admin {\"declared\":true,\"installed\":true,\"version\":\"12.2.0\",\"resolution\":\"D:\\\\MyDownloads\\\\React\\\\demo24\\\\functions\\\\node_modules\\\\firebase-admin\\\\lib\\\\index.js\"}"}}
[debug] [2024-07-19T11:55:24.415Z] [runtime-status] [3852] Resolved module firebase-functions {"declared":true,"installed":true,"version":"5.0.1","resolution":"D:\\MyDownloads\\React\\demo24\\functions\\node_modules\\firebase-functions\\lib\\v1\\index.js"} {"metadata":{"emulator":{"name":"functions"},"function":{"name":"us-central1-api"},"extension":{},"message":"[runtime-status] [3852] Resolved module firebase-functions {\"declared\":true,\"installed\":true,\"version\":\"5.0.1\",\"resolution\":\"D:\\\\MyDownloads\\\\React\\\\demo24\\\\functions\\\\node_modules\\\\firebase-functions\\\\lib\\\\v1\\\\index.js\"}"}}
[debug] [2024-07-19T11:55:24.415Z] [runtime-status] [3852] firebase-admin has been stubbed. {"adminResolution":{"declared":true,"installed":true,"version":"12.2.0","resolution":"D:\\MyDownloads\\React\\demo24\\functions\\node_modules\\firebase-admin\\lib\\index.js"}} {"metadata":{"emulator":{"name":"functions"},"function":{"name":"us-central1-api"},"extension":{},"message":"[runtime-status] [3852] firebase-admin has been stubbed. {\"adminResolution\":{\"declared\":true,\"installed\":true,\"version\":\"12.2.0\",\"resolution\":\"D:\\\\MyDownloads\\\\React\\\\demo24\\\\functions\\\\node_modules\\\\firebase-admin\\\\lib\\\\index.js\"}}"}}
[debug] [2024-07-19T11:55:24.625Z] [runtime-status] [3852] Functions runtime initialized. {"cwd":"D:\\MyDownloads\\React\\demo24\\functions","node_version":"20.13.1"} {"metadata":{"emulator":{"name":"functions"},"function":{"name":"us-central1-api"},"extension":{},"message":"[runtime-status] [3852] Functions runtime initialized. {\"cwd\":\"D:\\\\MyDownloads\\\\React\\\\demo24\\\\functions\",\"node_version\":\"20.13.1\"}"}}
[info] >  node:events:497 {"user":"node:events:497\r","metadata":{"emulator":{"name":"functions"},"function":{"name":"us-central1-api"},"extension":{},"message":"\u001b[90m> \u001b[39m node:events:497\r"}}
[info] >        throw er; // Unhandled 'error' event {"user":"      throw er; // Unhandled 'error' event\r","metadata":{"emulator":{"name":"functions"},"function":{"name":"us-central1-api"},"extension":{},"message":"\u001b[90m> \u001b[39m       throw er; // Unhandled 'error' event\r"}}
[info] >        ^ {"user":"      ^\r","metadata":{"emulator":{"name":"functions"},"function":{"name":"us-central1-api"},"extension":{},"message":"\u001b[90m> \u001b[39m       ^\r"}}
[info] >   {"user":"\r","metadata":{"emulator":{"name":"functions"},"function":{"name":"us-central1-api"},"extension":{},"message":"\u001b[90m> \u001b[39m \r"}}
[info] >  Error: listen EADDRINUSE: address already in use :::5000 {"user":"Error: listen EADDRINUSE: address already in use :::5000\r","metadata":{"emulator":{"name":"functions"},"function":{"name":"us-central1-api"},"extension":{},"message":"\u001b[90m> \u001b[39m Error: listen EADDRINUSE: address already in use :::5000\r"}}
[info] >      at Server.setupListenHandle [as _listen2] (node:net:1898:16) {"user":"    at Server.setupListenHandle [as _listen2] (node:net:1898:16)\r","metadata":{"emulator":{"name":"functions"},"function":{"name":"us-central1-api"},"extension":{},"message":"\u001b[90m> \u001b[39m     at Server.setupListenHandle [as _listen2] (node:net:1898:16)\r"}}
[info] >      at listenInCluster (node:net:1946:12) {"user":"    at listenInCluster (node:net:1946:12)\r","metadata":{"emulator":{"name":"functions"},"function":{"name":"us-central1-api"},"extension":{},"message":"\u001b[90m> \u001b[39m     at listenInCluster (node:net:1946:12)\r"}}
[info] >      at Server.listen (node:net:2044:7) {"user":"    at Server.listen (node:net:2044:7)\r","metadata":{"emulator":{"name":"functions"},"function":{"name":"us-central1-api"},"extension":{},"message":"\u001b[90m> \u001b[39m     at Server.listen (node:net:2044:7)\r"}}
[info] >      at Function.listen (D:\MyDownloads\React\demo24\functions\node_modules\express\lib\application.js:635:24) {"user":"    at Function.listen (D:\\MyDownloads\\React\\demo24\\functions\\node_modules\\express\\lib\\application.js:635:24)\r","metadata":{"emulator":{"name":"functions"},"function":{"name":"us-central1-api"},"extension":{},"message":"\u001b[90m> \u001b[39m     at Function.listen (D:\\MyDownloads\\React\\demo24\\functions\\node_modules\\express\\lib\\application.js:635:24)\r"}}
[info] >      at Object.<anonymous> (D:\MyDownloads\React\demo24\functions\index.js:37:5) {"user":"    at Object.<anonymous> (D:\\MyDownloads\\React\\demo24\\functions\\index.js:37:5)\r","metadata":{"emulator":{"name":"functions"},"function":{"name":"us-central1-api"},"extension":{},"message":"\u001b[90m> \u001b[39m     at Object.<anonymous> (D:\\MyDownloads\\React\\demo24\\functions\\index.js:37:5)\r"}}
[info] >      at Module._compile (node:internal/modules/cjs/loader:1358:14) {"user":"    at Module._compile (node:internal/modules/cjs/loader:1358:14)\r","metadata":{"emulator":{"name":"functions"},"function":{"name":"us-central1-api"},"extension":{},"message":"\u001b[90m> \u001b[39m     at Module._compile (node:internal/modules/cjs/loader:1358:14)\r"}}
[info] >      at Module._extensions..js (node:internal/modules/cjs/loader:1416:10) {"user":"    at Module._extensions..js (node:internal/modules/cjs/loader:1416:10)\r","metadata":{"emulator":{"name":"functions"},"function":{"name":"us-central1-api"},"extension":{},"message":"\u001b[90m> \u001b[39m     at Module._extensions..js (node:internal/modules/cjs/loader:1416:10)\r"}}
[info] >      at Module.load (node:internal/modules/cjs/loader:1208:32) {"user":"    at Module.load (node:internal/modules/cjs/loader:1208:32)\r","metadata":{"emulator":{"name":"functions"},"function":{"name":"us-central1-api"},"extension":{},"message":"\u001b[90m> \u001b[39m     at Module.load (node:internal/modules/cjs/loader:1208:32)\r"}}
[info] >      at Module._load (node:internal/modules/cjs/loader:1024:12) {"user":"    at Module._load (node:internal/modules/cjs/loader:1024:12)\r","metadata":{"emulator":{"name":"functions"},"function":{"name":"us-central1-api"},"extension":{},"message":"\u001b[90m> \u001b[39m     at Module._load (node:internal/modules/cjs/loader:1024:12)\r"}}
[info] >      at Module.require (node:internal/modules/cjs/loader:1233:19) {"user":"    at Module.require (node:internal/modules/cjs/loader:1233:19)\r","metadata":{"emulator":{"name":"functions"},"function":{"name":"us-central1-api"},"extension":{},"message":"\u001b[90m> \u001b[39m     at Module.require (node:internal/modules/cjs/loader:1233:19)\r"}}
[info] >  Emitted 'error' event on Server instance at: {"user":"Emitted 'error' event on Server instance at:\r","metadata":{"emulator":{"name":"functions"},"function":{"name":"us-central1-api"},"extension":{},"message":"\u001b[90m> \u001b[39m Emitted 'error' event on Server instance at:\r"}}
[info] >      at emitErrorNT (node:net:1925:8) {"user":"    at emitErrorNT (node:net:1925:8)\r","metadata":{"emulator":{"name":"functions"},"function":{"name":"us-central1-api"},"extension":{},"message":"\u001b[90m> \u001b[39m     at emitErrorNT (node:net:1925:8)\r"}}
[info] >      at process.processTicksAndRejections (node:internal/process/task_queues:82:21) { {"user":"    at process.processTicksAndRejections (node:internal/process/task_queues:82:21) {\r","metadata":{"emulator":{"name":"functions"},"function":{"name":"us-central1-api"},"extension":{},"message":"\u001b[90m> \u001b[39m     at process.processTicksAndRejections (node:internal/process/task_queues:82:21) {\r"}}
[info] >    code: 'EADDRINUSE', {"user":"  code: 'EADDRINUSE',\r","metadata":{"emulator":{"name":"functions"},"function":{"name":"us-central1-api"},"extension":{},"message":"\u001b[90m> \u001b[39m   code: 'EADDRINUSE',\r"}}
[info] >    errno: -4091, {"user":"  errno: -4091,\r","metadata":{"emulator":{"name":"functions"},"function":{"name":"us-central1-api"},"extension":{},"message":"\u001b[90m> \u001b[39m   errno: -4091,\r"}}
[info] >    syscall: 'listen', {"user":"  syscall: 'listen',\r","metadata":{"emulator":{"name":"functions"},"function":{"name":"us-central1-api"},"extension":{},"message":"\u001b[90m> \u001b[39m   syscall: 'listen',\r"}}
[info] >    address: '::', {"user":"  address: '::',\r","metadata":{"emulator":{"name":"functions"},"function":{"name":"us-central1-api"},"extension":{},"message":"\u001b[90m> \u001b[39m   address: '::',\r"}}
[info] >    port: 5000 {"user":"  port: 5000\r","metadata":{"emulator":{"name":"functions"},"function":{"name":"us-central1-api"},"extension":{},"message":"\u001b[90m> \u001b[39m   port: 5000\r"}}
[info] >  } {"user":"}\r","metadata":{"emulator":{"name":"functions"},"function":{"name":"us-central1-api"},"extension":{},"message":"\u001b[90m> \u001b[39m }\r"}}
[info] >   {"user":"\r","metadata":{"emulator":{"name":"functions"},"function":{"name":"us-central1-api"},"extension":{},"message":"\u001b[90m> \u001b[39m \r"}}
[info] >  Node.js v20.13.1 {"user":"Node.js v20.13.1\r","metadata":{"emulator":{"name":"functions"},"function":{"name":"us-central1-api"},"extension":{},"message":"\u001b[90m> \u001b[39m Node.js v20.13.1\r"}}
[debug] [2024-07-19T11:55:24.650Z] [worker-us-central1-api-71d9fa09-39fe-4d26-9d24-31a6835dccee]: exited {"metadata":{"emulator":{"name":"functions"},"function":{"name":"us-central1-api"},"extension":{},"message":"[worker-us-central1-api-71d9fa09-39fe-4d26-9d24-31a6835dccee]: exited"}}
[debug] [2024-07-19T11:55:24.650Z] [worker-us-central1-api-71d9fa09-39fe-4d26-9d24-31a6835dccee]: FINISHED {"metadata":{"emulator":{"name":"functions"},"function":{"name":"us-central1-api"},"extension":{},"message":"[worker-us-central1-api-71d9fa09-39fe-4d26-9d24-31a6835dccee]: FINISHED"}}
[info] +  functions: Loaded functions definitions from source: . {"metadata":{"emulator":{"name":"functions"},"message":"Loaded functions definitions from source: ."}}
[debug] [2024-07-19T11:55:38.913Z] [work-queue] {"queuedWork":["/challenge-db720/us-central1/api/payments/create-2024-07-19T11:55:38.913Z"],"queueLength":1,"runningWork":["/challenge-db720/us-central1/api/payments/create-2024-07-19T11:55:22.356Z"],"workRunningCount":1}
[debug] [2024-07-19T11:55:38.913Z] [work-queue] {"queuedWork":[],"queueLength":0,"runningWork":["/challenge-db720/us-central1/api/payments/create-2024-07-19T11:55:22.356Z","/challenge-db720/us-central1/api/payments/create-2024-07-19T11:55:38.913Z"],"workRunningCount":2}
[debug] [2024-07-19T11:55:38.913Z] Accepted request POST /challenge-db720/us-central1/api/payments/create?total=26899 --> us-central1-api
[debug] [2024-07-19T11:55:38.914Z] [functions] Runtime ready! Sending request! {"metadata":{"emulator":{"name":"functions"},"message":"[functions] Runtime ready! Sending request!"}}
[debug] [2024-07-19T11:55:38.916Z] [functions] Got req.url=/challenge-db720/us-central1/api/payments/create?total=26899, mapping to path=/payments/create?total=26899 {"metadata":{"emulator":{"name":"functions"},"message":"[functions] Got req.url=/challenge-db720/us-central1/api/payments/create?total=26899, mapping to path=/payments/create?total=26899"}}
[debug] [2024-07-19T11:55:38.917Z] [worker-pool] Cleaned up workers for us-central1-api: 1 --> 0 {"metadata":{"emulator":{"name":"functions"},"message":"[worker-pool] Cleaned up workers for us-central1-api: 1 --> 0"}}
[debug] [2024-07-19T11:55:38.937Z] [worker-pool] addWorker(us-central1-api) {"metadata":{"emulator":{"name":"functions"},"message":"[worker-pool] addWorker(us-central1-api)"}}
[debug] [2024-07-19T11:55:38.937Z] [worker-pool] Adding worker with key us-central1-api, total=1 {"metadata":{"emulator":{"name":"functions"},"message":"[worker-pool] Adding worker with key us-central1-api, total=1"}}
[debug] [2024-07-19T11:55:40.431Z] [runtime-status] [20980] Resolved module firebase-admin {"declared":true,"installed":true,"version":"12.2.0","resolution":"D:\\MyDownloads\\React\\demo24\\functions\\node_modules\\firebase-admin\\lib\\index.js"} {"metadata":{"emulator":{"name":"functions"},"function":{"name":"us-central1-api"},"extension":{},"message":"[runtime-status] [20980] Resolved module firebase-admin {\"declared\":true,\"installed\":true,\"version\":\"12.2.0\",\"resolution\":\"D:\\\\MyDownloads\\\\React\\\\demo24\\\\functions\\\\node_modules\\\\firebase-admin\\\\lib\\\\index.js\"}"}}
[debug] [2024-07-19T11:55:40.433Z] [runtime-status] [20980] Resolved module firebase-functions {"declared":true,"installed":true,"version":"5.0.1","resolution":"D:\\MyDownloads\\React\\demo24\\functions\\node_modules\\firebase-functions\\lib\\v1\\index.js"} {"metadata":{"emulator":{"name":"functions"},"function":{"name":"us-central1-api"},"extension":{},"message":"[runtime-status] [20980] Resolved module firebase-functions {\"declared\":true,\"installed\":true,\"version\":\"5.0.1\",\"resolution\":\"D:\\\\MyDownloads\\\\React\\\\demo24\\\\functions\\\\node_modules\\\\firebase-functions\\\\lib\\\\v1\\\\index.js\"}"}}
[debug] [2024-07-19T11:55:40.434Z] [runtime-status] [20980] Outgoing network have been stubbed. [{"name":"http","status":"mocked"},{"name":"http","status":"mocked"},{"name":"https","status":"mocked"},{"name":"https","status":"mocked"},{"name":"net","status":"mocked"}] {"metadata":{"emulator":{"name":"functions"},"function":{"name":"us-central1-api"},"extension":{},"message":"[runtime-status] [20980] Outgoing network have been stubbed. [{\"name\":\"http\",\"status\":\"mocked\"},{\"name\":\"http\",\"status\":\"mocked\"},{\"name\":\"https\",\"status\":\"mocked\"},{\"name\":\"https\",\"status\":\"mocked\"},{\"name\":\"net\",\"status\":\"mocked\"}]"}}
[debug] [2024-07-19T11:55:40.436Z] [runtime-status] [20980] Resolved module firebase-functions {"declared":true,"installed":true,"version":"5.0.1","resolution":"D:\\MyDownloads\\React\\demo24\\functions\\node_modules\\firebase-functions\\lib\\v1\\index.js"} {"metadata":{"emulator":{"name":"functions"},"function":{"name":"us-central1-api"},"extension":{},"message":"[runtime-status] [20980] Resolved module firebase-functions {\"declared\":true,\"installed\":true,\"version\":\"5.0.1\",\"resolution\":\"D:\\\\MyDownloads\\\\React\\\\demo24\\\\functions\\\\node_modules\\\\firebase-functions\\\\lib\\\\v1\\\\index.js\"}"}}
[debug] [2024-07-19T11:55:40.760Z] [runtime-status] [20980] Checked functions.config() {"config":{}} {"metadata":{"emulator":{"name":"functions"},"function":{"name":"us-central1-api"},"extension":{},"message":"[runtime-status] [20980] Checked functions.config() {\"config\":{}}"}}
[debug] [2024-07-19T11:55:40.760Z] [runtime-status] [20980] firebase-functions has been stubbed. {"functionsResolution":{"declared":true,"installed":true,"version":"5.0.1","resolution":"D:\\MyDownloads\\React\\demo24\\functions\\node_modules\\firebase-functions\\lib\\v1\\index.js"}} {"metadata":{"emulator":{"name":"functions"},"function":{"name":"us-central1-api"},"extension":{},"message":"[runtime-status] [20980] firebase-functions has been stubbed. {\"functionsResolution\":{\"declared\":true,\"installed\":true,\"version\":\"5.0.1\",\"resolution\":\"D:\\\\MyDownloads\\\\React\\\\demo24\\\\functions\\\\node_modules\\\\firebase-functions\\\\lib\\\\v1\\\\index.js\"}}"}}
[debug] [2024-07-19T11:55:40.761Z] [runtime-status] [20980] Resolved module firebase-functions {"declared":true,"installed":true,"version":"5.0.1","resolution":"D:\\MyDownloads\\React\\demo24\\functions\\node_modules\\firebase-functions\\lib\\v1\\index.js"} {"metadata":{"emulator":{"name":"functions"},"function":{"name":"us-central1-api"},"extension":{},"message":"[runtime-status] [20980] Resolved module firebase-functions {\"declared\":true,\"installed\":true,\"version\":\"5.0.1\",\"resolution\":\"D:\\\\MyDownloads\\\\React\\\\demo24\\\\functions\\\\node_modules\\\\firebase-functions\\\\lib\\\\v1\\\\index.js\"}"}}
[debug] [2024-07-19T11:55:40.762Z] [runtime-status] [20980] Resolved module firebase-admin {"declared":true,"installed":true,"version":"12.2.0","resolution":"D:\\MyDownloads\\React\\demo24\\functions\\node_modules\\firebase-admin\\lib\\index.js"} {"metadata":{"emulator":{"name":"functions"},"function":{"name":"us-central1-api"},"extension":{},"message":"[runtime-status] [20980] Resolved module firebase-admin {\"declared\":true,\"installed\":true,\"version\":\"12.2.0\",\"resolution\":\"D:\\\\MyDownloads\\\\React\\\\demo24\\\\functions\\\\node_modules\\\\firebase-admin\\\\lib\\\\index.js\"}"}}
[debug] [2024-07-19T11:55:40.764Z] [runtime-status] [20980] Resolved module firebase-functions {"declared":true,"installed":true,"version":"5.0.1","resolution":"D:\\MyDownloads\\React\\demo24\\functions\\node_modules\\firebase-functions\\lib\\v1\\index.js"} {"metadata":{"emulator":{"name":"functions"},"function":{"name":"us-central1-api"},"extension":{},"message":"[runtime-status] [20980] Resolved module firebase-functions {\"declared\":true,\"installed\":true,\"version\":\"5.0.1\",\"resolution\":\"D:\\\\MyDownloads\\\\React\\\\demo24\\\\functions\\\\node_modules\\\\firebase-functions\\\\lib\\\\v1\\\\index.js\"}"}}
[debug] [2024-07-19T11:55:40.764Z] [runtime-status] [20980] firebase-admin has been stubbed. {"adminResolution":{"declared":true,"installed":true,"version":"12.2.0","resolution":"D:\\MyDownloads\\React\\demo24\\functions\\node_modules\\firebase-admin\\lib\\index.js"}} {"metadata":{"emulator":{"name":"functions"},"function":{"name":"us-central1-api"},"extension":{},"message":"[runtime-status] [20980] firebase-admin has been stubbed. {\"adminResolution\":{\"declared\":true,\"installed\":true,\"version\":\"12.2.0\",\"resolution\":\"D:\\\\MyDownloads\\\\React\\\\demo24\\\\functions\\\\node_modules\\\\firebase-admin\\\\lib\\\\index.js\"}}"}}
[debug] [2024-07-19T11:55:40.948Z] [runtime-status] [20980] Functions runtime initialized. {"cwd":"D:\\MyDownloads\\React\\demo24\\functions","node_version":"20.13.1"} {"metadata":{"emulator":{"name":"functions"},"function":{"name":"us-central1-api"},"extension":{},"message":"[runtime-status] [20980] Functions runtime initialized. {\"cwd\":\"D:\\\\MyDownloads\\\\React\\\\demo24\\\\functions\",\"node_version\":\"20.13.1\"}"}}
[info] >  node:events:497 {"user":"node:events:497\r","metadata":{"emulator":{"name":"functions"},"function":{"name":"us-central1-api"},"extension":{},"message":"\u001b[90m> \u001b[39m node:events:497\r"}}
[info] >        throw er; // Unhandled 'error' event {"user":"      throw er; // Unhandled 'error' event\r","metadata":{"emulator":{"name":"functions"},"function":{"name":"us-central1-api"},"extension":{},"message":"\u001b[90m> \u001b[39m       throw er; // Unhandled 'error' event\r"}}
[info] >        ^ {"user":"      ^\r","metadata":{"emulator":{"name":"functions"},"function":{"name":"us-central1-api"},"extension":{},"message":"\u001b[90m> \u001b[39m       ^\r"}}
[info] >   {"user":"\r","metadata":{"emulator":{"name":"functions"},"function":{"name":"us-central1-api"},"extension":{},"message":"\u001b[90m> \u001b[39m \r"}}
[info] >  Error: listen EADDRINUSE: address already in use :::5000 {"user":"Error: listen EADDRINUSE: address already in use :::5000\r","metadata":{"emulator":{"name":"functions"},"function":{"name":"us-central1-api"},"extension":{},"message":"\u001b[90m> \u001b[39m Error: listen EADDRINUSE: address already in use :::5000\r"}}
[info] >      at Server.setupListenHandle [as _listen2] (node:net:1898:16) {"user":"    at Server.setupListenHandle [as _listen2] (node:net:1898:16)\r","metadata":{"emulator":{"name":"functions"},"function":{"name":"us-central1-api"},"extension":{},"message":"\u001b[90m> \u001b[39m     at Server.setupListenHandle [as _listen2] (node:net:1898:16)\r"}}
[info] >      at listenInCluster (node:net:1946:12) {"user":"    at listenInCluster (node:net:1946:12)\r","metadata":{"emulator":{"name":"functions"},"function":{"name":"us-central1-api"},"extension":{},"message":"\u001b[90m> \u001b[39m     at listenInCluster (node:net:1946:12)\r"}}
[info] >      at Server.listen (node:net:2044:7) {"user":"    at Server.listen (node:net:2044:7)\r","metadata":{"emulator":{"name":"functions"},"function":{"name":"us-central1-api"},"extension":{},"message":"\u001b[90m> \u001b[39m     at Server.listen (node:net:2044:7)\r"}}
[info] >      at Function.listen (D:\MyDownloads\React\demo24\functions\node_modules\express\lib\application.js:635:24) {"user":"    at Function.listen (D:\\MyDownloads\\React\\demo24\\functions\\node_modules\\express\\lib\\application.js:635:24)\r","metadata":{"emulator":{"name":"functions"},"function":{"name":"us-central1-api"},"extension":{},"message":"\u001b[90m> \u001b[39m     at Function.listen (D:\\MyDownloads\\React\\demo24\\functions\\node_modules\\express\\lib\\application.js:635:24)\r"}}
[info] >      at Object.<anonymous> (D:\MyDownloads\React\demo24\functions\index.js:37:5) {"user":"    at Object.<anonymous> (D:\\MyDownloads\\React\\demo24\\functions\\index.js:37:5)\r","metadata":{"emulator":{"name":"functions"},"function":{"name":"us-central1-api"},"extension":{},"message":"\u001b[90m> \u001b[39m     at Object.<anonymous> (D:\\MyDownloads\\React\\demo24\\functions\\index.js:37:5)\r"}}
[info] >      at Module._compile (node:internal/modules/cjs/loader:1358:14) {"user":"    at Module._compile (node:internal/modules/cjs/loader:1358:14)\r","metadata":{"emulator":{"name":"functions"},"function":{"name":"us-central1-api"},"extension":{},"message":"\u001b[90m> \u001b[39m     at Module._compile (node:internal/modules/cjs/loader:1358:14)\r"}}
[info] >      at Module._extensions..js (node:internal/modules/cjs/loader:1416:10) {"user":"    at Module._extensions..js (node:internal/modules/cjs/loader:1416:10)\r","metadata":{"emulator":{"name":"functions"},"function":{"name":"us-central1-api"},"extension":{},"message":"\u001b[90m> \u001b[39m     at Module._extensions..js (node:internal/modules/cjs/loader:1416:10)\r"}}
[info] >      at Module.load (node:internal/modules/cjs/loader:1208:32) {"user":"    at Module.load (node:internal/modules/cjs/loader:1208:32)\r","metadata":{"emulator":{"name":"functions"},"function":{"name":"us-central1-api"},"extension":{},"message":"\u001b[90m> \u001b[39m     at Module.load (node:internal/modules/cjs/loader:1208:32)\r"}}
[info] >      at Module._load (node:internal/modules/cjs/loader:1024:12) {"user":"    at Module._load (node:internal/modules/cjs/loader:1024:12)\r","metadata":{"emulator":{"name":"functions"},"function":{"name":"us-central1-api"},"extension":{},"message":"\u001b[90m> \u001b[39m     at Module._load (node:internal/modules/cjs/loader:1024:12)\r"}}
[info] >      at Module.require (node:internal/modules/cjs/loader:1233:19) {"user":"    at Module.require (node:internal/modules/cjs/loader:1233:19)\r","metadata":{"emulator":{"name":"functions"},"function":{"name":"us-central1-api"},"extension":{},"message":"\u001b[90m> \u001b[39m     at Module.require (node:internal/modules/cjs/loader:1233:19)\r"}}
[info] >  Emitted 'error' event on Server instance at: {"user":"Emitted 'error' event on Server instance at:\r","metadata":{"emulator":{"name":"functions"},"function":{"name":"us-central1-api"},"extension":{},"message":"\u001b[90m> \u001b[39m Emitted 'error' event on Server instance at:\r"}}
[info] >      at emitErrorNT (node:net:1925:8) {"user":"    at emitErrorNT (node:net:1925:8)\r","metadata":{"emulator":{"name":"functions"},"function":{"name":"us-central1-api"},"extension":{},"message":"\u001b[90m> \u001b[39m     at emitErrorNT (node:net:1925:8)\r"}}
[info] >      at process.processTicksAndRejections (node:internal/process/task_queues:82:21) { {"user":"    at process.processTicksAndRejections (node:internal/process/task_queues:82:21) {\r","metadata":{"emulator":{"name":"functions"},"function":{"name":"us-central1-api"},"extension":{},"message":"\u001b[90m> \u001b[39m     at process.processTicksAndRejections (node:internal/process/task_queues:82:21) {\r"}}
[info] >    code: 'EADDRINUSE', {"user":"  code: 'EADDRINUSE',\r","metadata":{"emulator":{"name":"functions"},"function":{"name":"us-central1-api"},"extension":{},"message":"\u001b[90m> \u001b[39m   code: 'EADDRINUSE',\r"}}
[info] >    errno: -4091, {"user":"  errno: -4091,\r","metadata":{"emulator":{"name":"functions"},"function":{"name":"us-central1-api"},"extension":{},"message":"\u001b[90m> \u001b[39m   errno: -4091,\r"}}
[info] >    syscall: 'listen', {"user":"  syscall: 'listen',\r","metadata":{"emulator":{"name":"functions"},"function":{"name":"us-central1-api"},"extension":{},"message":"\u001b[90m> \u001b[39m   syscall: 'listen',\r"}}
[info] >    address: '::', {"user":"  address: '::',\r","metadata":{"emulator":{"name":"functions"},"function":{"name":"us-central1-api"},"extension":{},"message":"\u001b[90m> \u001b[39m   address: '::',\r"}}
[info] >    port: 5000 {"user":"  port: 5000\r","metadata":{"emulator":{"name":"functions"},"function":{"name":"us-central1-api"},"extension":{},"message":"\u001b[90m> \u001b[39m   port: 5000\r"}}
[info] >  } {"user":"}\r","metadata":{"emulator":{"name":"functions"},"function":{"name":"us-central1-api"},"extension":{},"message":"\u001b[90m> \u001b[39m }\r"}}
[info] >   {"user":"\r","metadata":{"emulator":{"name":"functions"},"function":{"name":"us-central1-api"},"extension":{},"message":"\u001b[90m> \u001b[39m \r"}}
[info] >  Node.js v20.13.1 {"user":"Node.js v20.13.1\r","metadata":{"emulator":{"name":"functions"},"function":{"name":"us-central1-api"},"extension":{},"message":"\u001b[90m> \u001b[39m Node.js v20.13.1\r"}}
[debug] [2024-07-19T11:55:40.967Z] [worker-us-central1-api-88d39a1a-726d-4870-871b-68e40de29c3e]: exited {"metadata":{"emulator":{"name":"functions"},"function":{"name":"us-central1-api"},"extension":{},"message":"[worker-us-central1-api-88d39a1a-726d-4870-871b-68e40de29c3e]: exited"}}
[debug] [2024-07-19T11:55:40.967Z] [worker-us-central1-api-88d39a1a-726d-4870-871b-68e40de29c3e]: FINISHED {"metadata":{"emulator":{"name":"functions"},"function":{"name":"us-central1-api"},"extension":{},"message":"[worker-us-central1-api-88d39a1a-726d-4870-871b-68e40de29c3e]: FINISHED"}}
[error] !!  functions: Failed to handle request for function us-central1-api {"metadata":{"emulator":{"name":"functions"},"message":"Failed to handle request for function us-central1-api"}}
[error] !!  functions: Failed to start functions in D:\MyDownloads\React\demo24\functions: FirebaseError: Failed to load function. {"metadata":{"emulator":{"name":"functions"},"message":"Failed to start functions in D:\\MyDownloads\\React\\demo24\\functions: FirebaseError: Failed to load function."}}
[debug] [2024-07-19T11:55:52.461Z] [work-queue] {"queuedWork":[],"queueLength":0,"runningWork":["/challenge-db720/us-central1/api/payments/create-2024-07-19T11:55:38.913Z"],"workRunningCount":1}
[error] !!  functions: Failed to handle request for function us-central1-api {"metadata":{"emulator":{"name":"functions"},"message":"Failed to handle request for function us-central1-api"}}
[error] !!  functions: Failed to start functions in D:\MyDownloads\React\demo24\functions: FirebaseError: Failed to load function. {"metadata":{"emulator":{"name":"functions"},"message":"Failed to start functions in D:\\MyDownloads\\React\\demo24\\functions: FirebaseError: Failed to load function."}}
[debug] [2024-07-19T11:56:08.961Z] [work-queue] {"queuedWork":[],"queueLength":0,"runningWork":[],"workRunningCount":0}
[debug] [2024-07-19T12:04:02.112Z] [work-queue] {"queuedWork":["/challenge-db720/us-central1/api/payments/create-2024-07-19T12:04:02.112Z"],"queueLength":1,"runningWork":[],"workRunningCount":0}
[debug] [2024-07-19T12:04:02.112Z] [work-queue] {"queuedWork":[],"queueLength":0,"runningWork":["/challenge-db720/us-central1/api/payments/create-2024-07-19T12:04:02.112Z"],"workRunningCount":1}
[debug] [2024-07-19T12:04:02.112Z] Accepted request POST /challenge-db720/us-central1/api/payments/create?total=0 --> us-central1-api
[debug] [2024-07-19T12:04:02.113Z] [functions] Runtime ready! Sending request! {"metadata":{"emulator":{"name":"functions"},"message":"[functions] Runtime ready! Sending request!"}}
[debug] [2024-07-19T12:04:02.113Z] [functions] Got req.url=/challenge-db720/us-central1/api/payments/create?total=0, mapping to path=/payments/create?total=0 {"metadata":{"emulator":{"name":"functions"},"message":"[functions] Got req.url=/challenge-db720/us-central1/api/payments/create?total=0, mapping to path=/payments/create?total=0"}}
[debug] [2024-07-19T12:04:02.113Z] [worker-pool] Cleaned up workers for us-central1-api: 1 --> 0 {"metadata":{"emulator":{"name":"functions"},"message":"[worker-pool] Cleaned up workers for us-central1-api: 1 --> 0"}}
[debug] [2024-07-19T12:04:02.142Z] [worker-pool] addWorker(us-central1-api) {"metadata":{"emulator":{"name":"functions"},"message":"[worker-pool] addWorker(us-central1-api)"}}
[debug] [2024-07-19T12:04:02.142Z] [worker-pool] Adding worker with key us-central1-api, total=1 {"metadata":{"emulator":{"name":"functions"},"message":"[worker-pool] Adding worker with key us-central1-api, total=1"}}
[debug] [2024-07-19T12:04:03.922Z] [runtime-status] [23012] Resolved module firebase-admin {"declared":true,"installed":true,"version":"12.2.0","resolution":"D:\\MyDownloads\\React\\demo24\\functions\\node_modules\\firebase-admin\\lib\\index.js"} {"metadata":{"emulator":{"name":"functions"},"function":{"name":"us-central1-api"},"extension":{},"message":"[runtime-status] [23012] Resolved module firebase-admin {\"declared\":true,\"installed\":true,\"version\":\"12.2.0\",\"resolution\":\"D:\\\\MyDownloads\\\\React\\\\demo24\\\\functions\\\\node_modules\\\\firebase-admin\\\\lib\\\\index.js\"}"}}
[debug] [2024-07-19T12:04:03.924Z] [runtime-status] [23012] Resolved module firebase-functions {"declared":true,"installed":true,"version":"5.0.1","resolution":"D:\\MyDownloads\\React\\demo24\\functions\\node_modules\\firebase-functions\\lib\\v1\\index.js"} {"metadata":{"emulator":{"name":"functions"},"function":{"name":"us-central1-api"},"extension":{},"message":"[runtime-status] [23012] Resolved module firebase-functions {\"declared\":true,\"installed\":true,\"version\":\"5.0.1\",\"resolution\":\"D:\\\\MyDownloads\\\\React\\\\demo24\\\\functions\\\\node_modules\\\\firebase-functions\\\\lib\\\\v1\\\\index.js\"}"}}
[debug] [2024-07-19T12:04:03.925Z] [runtime-status] [23012] Outgoing network have been stubbed. [{"name":"http","status":"mocked"},{"name":"http","status":"mocked"},{"name":"https","status":"mocked"},{"name":"https","status":"mocked"},{"name":"net","status":"mocked"}] {"metadata":{"emulator":{"name":"functions"},"function":{"name":"us-central1-api"},"extension":{},"message":"[runtime-status] [23012] Outgoing network have been stubbed. [{\"name\":\"http\",\"status\":\"mocked\"},{\"name\":\"http\",\"status\":\"mocked\"},{\"name\":\"https\",\"status\":\"mocked\"},{\"name\":\"https\",\"status\":\"mocked\"},{\"name\":\"net\",\"status\":\"mocked\"}]"}}
[debug] [2024-07-19T12:04:03.925Z] [runtime-status] [23012] Resolved module firebase-functions {"declared":true,"installed":true,"version":"5.0.1","resolution":"D:\\MyDownloads\\React\\demo24\\functions\\node_modules\\firebase-functions\\lib\\v1\\index.js"} {"metadata":{"emulator":{"name":"functions"},"function":{"name":"us-central1-api"},"extension":{},"message":"[runtime-status] [23012] Resolved module firebase-functions {\"declared\":true,\"installed\":true,\"version\":\"5.0.1\",\"resolution\":\"D:\\\\MyDownloads\\\\React\\\\demo24\\\\functions\\\\node_modules\\\\firebase-functions\\\\lib\\\\v1\\\\index.js\"}"}}
[debug] [2024-07-19T12:04:04.208Z] [runtime-status] [23012] Checked functions.config() {"config":{}} {"metadata":{"emulator":{"name":"functions"},"function":{"name":"us-central1-api"},"extension":{},"message":"[runtime-status] [23012] Checked functions.config() {\"config\":{}}"}}
[debug] [2024-07-19T12:04:04.209Z] [runtime-status] [23012] firebase-functions has been stubbed. {"functionsResolution":{"declared":true,"installed":true,"version":"5.0.1","resolution":"D:\\MyDownloads\\React\\demo24\\functions\\node_modules\\firebase-functions\\lib\\v1\\index.js"}} {"metadata":{"emulator":{"name":"functions"},"function":{"name":"us-central1-api"},"extension":{},"message":"[runtime-status] [23012] firebase-functions has been stubbed. {\"functionsResolution\":{\"declared\":true,\"installed\":true,\"version\":\"5.0.1\",\"resolution\":\"D:\\\\MyDownloads\\\\React\\\\demo24\\\\functions\\\\node_modules\\\\firebase-functions\\\\lib\\\\v1\\\\index.js\"}}"}}
[debug] [2024-07-19T12:04:04.210Z] [runtime-status] [23012] Resolved module firebase-functions {"declared":true,"installed":true,"version":"5.0.1","resolution":"D:\\MyDownloads\\React\\demo24\\functions\\node_modules\\firebase-functions\\lib\\v1\\index.js"} {"metadata":{"emulator":{"name":"functions"},"function":{"name":"us-central1-api"},"extension":{},"message":"[runtime-status] [23012] Resolved module firebase-functions {\"declared\":true,\"installed\":true,\"version\":\"5.0.1\",\"resolution\":\"D:\\\\MyDownloads\\\\React\\\\demo24\\\\functions\\\\node_modules\\\\firebase-functions\\\\lib\\\\v1\\\\index.js\"}"}}
[debug] [2024-07-19T12:04:04.212Z] [runtime-status] [23012] Resolved module firebase-admin {"declared":true,"installed":true,"version":"12.2.0","resolution":"D:\\MyDownloads\\React\\demo24\\functions\\node_modules\\firebase-admin\\lib\\index.js"} {"metadata":{"emulator":{"name":"functions"},"function":{"name":"us-central1-api"},"extension":{},"message":"[runtime-status] [23012] Resolved module firebase-admin {\"declared\":true,\"installed\":true,\"version\":\"12.2.0\",\"resolution\":\"D:\\\\MyDownloads\\\\React\\\\demo24\\\\functions\\\\node_modules\\\\firebase-admin\\\\lib\\\\index.js\"}"}}
[debug] [2024-07-19T12:04:04.215Z] [runtime-status] [23012] Resolved module firebase-functions {"declared":true,"installed":true,"version":"5.0.1","resolution":"D:\\MyDownloads\\React\\demo24\\functions\\node_modules\\firebase-functions\\lib\\v1\\index.js"} {"metadata":{"emulator":{"name":"functions"},"function":{"name":"us-central1-api"},"extension":{},"message":"[runtime-status] [23012] Resolved module firebase-functions {\"declared\":true,\"installed\":true,\"version\":\"5.0.1\",\"resolution\":\"D:\\\\MyDownloads\\\\React\\\\demo24\\\\functions\\\\node_modules\\\\firebase-functions\\\\lib\\\\v1\\\\index.js\"}"}}
[debug] [2024-07-19T12:04:04.215Z] [runtime-status] [23012] firebase-admin has been stubbed. {"adminResolution":{"declared":true,"installed":true,"version":"12.2.0","resolution":"D:\\MyDownloads\\React\\demo24\\functions\\node_modules\\firebase-admin\\lib\\index.js"}} {"metadata":{"emulator":{"name":"functions"},"function":{"name":"us-central1-api"},"extension":{},"message":"[runtime-status] [23012] firebase-admin has been stubbed. {\"adminResolution\":{\"declared\":true,\"installed\":true,\"version\":\"12.2.0\",\"resolution\":\"D:\\\\MyDownloads\\\\React\\\\demo24\\\\functions\\\\node_modules\\\\firebase-admin\\\\lib\\\\index.js\"}}"}}
[debug] [2024-07-19T12:04:04.424Z] [runtime-status] [23012] Functions runtime initialized. {"cwd":"D:\\MyDownloads\\React\\demo24\\functions","node_version":"20.13.1"} {"metadata":{"emulator":{"name":"functions"},"function":{"name":"us-central1-api"},"extension":{},"message":"[runtime-status] [23012] Functions runtime initialized. {\"cwd\":\"D:\\\\MyDownloads\\\\React\\\\demo24\\\\functions\",\"node_version\":\"20.13.1\"}"}}
[info] >  node:events:497 {"user":"node:events:497\r","metadata":{"emulator":{"name":"functions"},"function":{"name":"us-central1-api"},"extension":{},"message":"\u001b[90m> \u001b[39m node:events:497\r"}}
[info] >        throw er; // Unhandled 'error' event {"user":"      throw er; // Unhandled 'error' event\r","metadata":{"emulator":{"name":"functions"},"function":{"name":"us-central1-api"},"extension":{},"message":"\u001b[90m> \u001b[39m       throw er; // Unhandled 'error' event\r"}}
[info] >        ^ {"user":"      ^\r","metadata":{"emulator":{"name":"functions"},"function":{"name":"us-central1-api"},"extension":{},"message":"\u001b[90m> \u001b[39m       ^\r"}}
[info] >   {"user":"\r","metadata":{"emulator":{"name":"functions"},"function":{"name":"us-central1-api"},"extension":{},"message":"\u001b[90m> \u001b[39m \r"}}
[info] >  Error: listen EADDRINUSE: address already in use :::5000 {"user":"Error: listen EADDRINUSE: address already in use :::5000\r","metadata":{"emulator":{"name":"functions"},"function":{"name":"us-central1-api"},"extension":{},"message":"\u001b[90m> \u001b[39m Error: listen EADDRINUSE: address already in use :::5000\r"}}
[info] >      at Server.setupListenHandle [as _listen2] (node:net:1898:16) {"user":"    at Server.setupListenHandle [as _listen2] (node:net:1898:16)\r","metadata":{"emulator":{"name":"functions"},"function":{"name":"us-central1-api"},"extension":{},"message":"\u001b[90m> \u001b[39m     at Server.setupListenHandle [as _listen2] (node:net:1898:16)\r"}}
[info] >      at listenInCluster (node:net:1946:12) {"user":"    at listenInCluster (node:net:1946:12)\r","metadata":{"emulator":{"name":"functions"},"function":{"name":"us-central1-api"},"extension":{},"message":"\u001b[90m> \u001b[39m     at listenInCluster (node:net:1946:12)\r"}}
[info] >      at Server.listen (node:net:2044:7) {"user":"    at Server.listen (node:net:2044:7)\r","metadata":{"emulator":{"name":"functions"},"function":{"name":"us-central1-api"},"extension":{},"message":"\u001b[90m> \u001b[39m     at Server.listen (node:net:2044:7)\r"}}
[info] >      at Function.listen (D:\MyDownloads\React\demo24\functions\node_modules\express\lib\application.js:635:24) {"user":"    at Function.listen (D:\\MyDownloads\\React\\demo24\\functions\\node_modules\\express\\lib\\application.js:635:24)\r","metadata":{"emulator":{"name":"functions"},"function":{"name":"us-central1-api"},"extension":{},"message":"\u001b[90m> \u001b[39m     at Function.listen (D:\\MyDownloads\\React\\demo24\\functions\\node_modules\\express\\lib\\application.js:635:24)\r"}}
[info] >      at Object.<anonymous> (D:\MyDownloads\React\demo24\functions\index.js:37:5) {"user":"    at Object.<anonymous> (D:\\MyDownloads\\React\\demo24\\functions\\index.js:37:5)\r","metadata":{"emulator":{"name":"functions"},"function":{"name":"us-central1-api"},"extension":{},"message":"\u001b[90m> \u001b[39m     at Object.<anonymous> (D:\\MyDownloads\\React\\demo24\\functions\\index.js:37:5)\r"}}
[info] >      at Module._compile (node:internal/modules/cjs/loader:1358:14) {"user":"    at Module._compile (node:internal/modules/cjs/loader:1358:14)\r","metadata":{"emulator":{"name":"functions"},"function":{"name":"us-central1-api"},"extension":{},"message":"\u001b[90m> \u001b[39m     at Module._compile (node:internal/modules/cjs/loader:1358:14)\r"}}
[info] >      at Module._extensions..js (node:internal/modules/cjs/loader:1416:10) {"user":"    at Module._extensions..js (node:internal/modules/cjs/loader:1416:10)\r","metadata":{"emulator":{"name":"functions"},"function":{"name":"us-central1-api"},"extension":{},"message":"\u001b[90m> \u001b[39m     at Module._extensions..js (node:internal/modules/cjs/loader:1416:10)\r"}}
[info] >      at Module.load (node:internal/modules/cjs/loader:1208:32) {"user":"    at Module.load (node:internal/modules/cjs/loader:1208:32)\r","metadata":{"emulator":{"name":"functions"},"function":{"name":"us-central1-api"},"extension":{},"message":"\u001b[90m> \u001b[39m     at Module.load (node:internal/modules/cjs/loader:1208:32)\r"}}
[info] >      at Module._load (node:internal/modules/cjs/loader:1024:12) {"user":"    at Module._load (node:internal/modules/cjs/loader:1024:12)\r","metadata":{"emulator":{"name":"functions"},"function":{"name":"us-central1-api"},"extension":{},"message":"\u001b[90m> \u001b[39m     at Module._load (node:internal/modules/cjs/loader:1024:12)\r"}}
[info] >      at Module.require (node:internal/modules/cjs/loader:1233:19) {"user":"    at Module.require (node:internal/modules/cjs/loader:1233:19)\r","metadata":{"emulator":{"name":"functions"},"function":{"name":"us-central1-api"},"extension":{},"message":"\u001b[90m> \u001b[39m     at Module.require (node:internal/modules/cjs/loader:1233:19)\r"}}
[info] >  Emitted 'error' event on Server instance at: {"user":"Emitted 'error' event on Server instance at:\r","metadata":{"emulator":{"name":"functions"},"function":{"name":"us-central1-api"},"extension":{},"message":"\u001b[90m> \u001b[39m Emitted 'error' event on Server instance at:\r"}}
[info] >      at emitErrorNT (node:net:1925:8) {"user":"    at emitErrorNT (node:net:1925:8)\r","metadata":{"emulator":{"name":"functions"},"function":{"name":"us-central1-api"},"extension":{},"message":"\u001b[90m> \u001b[39m     at emitErrorNT (node:net:1925:8)\r"}}
[info] >      at process.processTicksAndRejections (node:internal/process/task_queues:82:21) { {"user":"    at process.processTicksAndRejections (node:internal/process/task_queues:82:21) {\r","metadata":{"emulator":{"name":"functions"},"function":{"name":"us-central1-api"},"extension":{},"message":"\u001b[90m> \u001b[39m     at process.processTicksAndRejections (node:internal/process/task_queues:82:21) {\r"}}
[info] >    code: 'EADDRINUSE', {"user":"  code: 'EADDRINUSE',\r","metadata":{"emulator":{"name":"functions"},"function":{"name":"us-central1-api"},"extension":{},"message":"\u001b[90m> \u001b[39m   code: 'EADDRINUSE',\r"}}
[info] >    errno: -4091, {"user":"  errno: -4091,\r","metadata":{"emulator":{"name":"functions"},"function":{"name":"us-central1-api"},"extension":{},"message":"\u001b[90m> \u001b[39m   errno: -4091,\r"}}
[info] >    syscall: 'listen', {"user":"  syscall: 'listen',\r","metadata":{"emulator":{"name":"functions"},"function":{"name":"us-central1-api"},"extension":{},"message":"\u001b[90m> \u001b[39m   syscall: 'listen',\r"}}
[info] >    address: '::', {"user":"  address: '::',\r","metadata":{"emulator":{"name":"functions"},"function":{"name":"us-central1-api"},"extension":{},"message":"\u001b[90m> \u001b[39m   address: '::',\r"}}
[info] >    port: 5000 {"user":"  port: 5000\r","metadata":{"emulator":{"name":"functions"},"function":{"name":"us-central1-api"},"extension":{},"message":"\u001b[90m> \u001b[39m   port: 5000\r"}}
[info] >  } {"user":"}\r","metadata":{"emulator":{"name":"functions"},"function":{"name":"us-central1-api"},"extension":{},"message":"\u001b[90m> \u001b[39m }\r"}}
[info] >   {"user":"\r","metadata":{"emulator":{"name":"functions"},"function":{"name":"us-central1-api"},"extension":{},"message":"\u001b[90m> \u001b[39m \r"}}
[info] >  Node.js v20.13.1 {"user":"Node.js v20.13.1\r","metadata":{"emulator":{"name":"functions"},"function":{"name":"us-central1-api"},"extension":{},"message":"\u001b[90m> \u001b[39m Node.js v20.13.1\r"}}
[error] !!  functions: Failed to handle request for function us-central1-api {"metadata":{"emulator":{"name":"functions"},"message":"Failed to handle request for function us-central1-api"}}
[error] !!  functions: Failed to start functions in D:\MyDownloads\React\demo24\functions: Error: socket hang up {"metadata":{"emulator":{"name":"functions"},"message":"Failed to start functions in D:\\MyDownloads\\React\\demo24\\functions: Error: socket hang up"}}
[debug] [2024-07-19T12:04:04.445Z] [work-queue] {"queuedWork":[],"queueLength":0,"runningWork":[],"workRunningCount":0}
[debug] [2024-07-19T12:04:04.445Z] [worker-us-central1-api-6ae8e1b8-cd8f-404d-bd09-7751a95ecc5c]: exited {"metadata":{"emulator":{"name":"functions"},"function":{"name":"us-central1-api"},"extension":{},"message":"[worker-us-central1-api-6ae8e1b8-cd8f-404d-bd09-7751a95ecc5c]: exited"}}
[debug] [2024-07-19T12:04:04.445Z] [worker-us-central1-api-6ae8e1b8-cd8f-404d-bd09-7751a95ecc5c]: FINISHED {"metadata":{"emulator":{"name":"functions"},"function":{"name":"us-central1-api"},"extension":{},"message":"[worker-us-central1-api-6ae8e1b8-cd8f-404d-bd09-7751a95ecc5c]: FINISHED"}}
[debug] [2024-07-19T12:04:13.395Z] [work-queue] {"queuedWork":["/challenge-db720/us-central1/api/payments/create-2024-07-19T12:04:13.395Z"],"queueLength":1,"runningWork":[],"workRunningCount":0}
[debug] [2024-07-19T12:04:13.395Z] [work-queue] {"queuedWork":[],"queueLength":0,"runningWork":["/challenge-db720/us-central1/api/payments/create-2024-07-19T12:04:13.395Z"],"workRunningCount":1}
[debug] [2024-07-19T12:04:13.395Z] Accepted request POST /challenge-db720/us-central1/api/payments/create?total=26899 --> us-central1-api
[debug] [2024-07-19T12:04:13.396Z] [functions] Runtime ready! Sending request! {"metadata":{"emulator":{"name":"functions"},"message":"[functions] Runtime ready! Sending request!"}}
[debug] [2024-07-19T12:04:13.396Z] [functions] Got req.url=/challenge-db720/us-central1/api/payments/create?total=26899, mapping to path=/payments/create?total=26899 {"metadata":{"emulator":{"name":"functions"},"message":"[functions] Got req.url=/challenge-db720/us-central1/api/payments/create?total=26899, mapping to path=/payments/create?total=26899"}}
[debug] [2024-07-19T12:04:13.396Z] [worker-pool] Cleaned up workers for us-central1-api: 1 --> 0 {"metadata":{"emulator":{"name":"functions"},"message":"[worker-pool] Cleaned up workers for us-central1-api: 1 --> 0"}}
[debug] [2024-07-19T12:04:13.416Z] [worker-pool] addWorker(us-central1-api) {"metadata":{"emulator":{"name":"functions"},"message":"[worker-pool] addWorker(us-central1-api)"}}
[debug] [2024-07-19T12:04:13.417Z] [worker-pool] Adding worker with key us-central1-api, total=1 {"metadata":{"emulator":{"name":"functions"},"message":"[worker-pool] Adding worker with key us-central1-api, total=1"}}
[debug] [2024-07-19T12:04:15.040Z] [runtime-status] [16656] Resolved module firebase-admin {"declared":true,"installed":true,"version":"12.2.0","resolution":"D:\\MyDownloads\\React\\demo24\\functions\\node_modules\\firebase-admin\\lib\\index.js"} {"metadata":{"emulator":{"name":"functions"},"function":{"name":"us-central1-api"},"extension":{},"message":"[runtime-status] [16656] Resolved module firebase-admin {\"declared\":true,\"installed\":true,\"version\":\"12.2.0\",\"resolution\":\"D:\\\\MyDownloads\\\\React\\\\demo24\\\\functions\\\\node_modules\\\\firebase-admin\\\\lib\\\\index.js\"}"}}
[debug] [2024-07-19T12:04:15.043Z] [runtime-status] [16656] Resolved module firebase-functions {"declared":true,"installed":true,"version":"5.0.1","resolution":"D:\\MyDownloads\\React\\demo24\\functions\\node_modules\\firebase-functions\\lib\\v1\\index.js"} {"metadata":{"emulator":{"name":"functions"},"function":{"name":"us-central1-api"},"extension":{},"message":"[runtime-status] [16656] Resolved module firebase-functions {\"declared\":true,\"installed\":true,\"version\":\"5.0.1\",\"resolution\":\"D:\\\\MyDownloads\\\\React\\\\demo24\\\\functions\\\\node_modules\\\\firebase-functions\\\\lib\\\\v1\\\\index.js\"}"}}
[debug] [2024-07-19T12:04:15.043Z] [runtime-status] [16656] Outgoing network have been stubbed. [{"name":"http","status":"mocked"},{"name":"http","status":"mocked"},{"name":"https","status":"mocked"},{"name":"https","status":"mocked"},{"name":"net","status":"mocked"}] {"metadata":{"emulator":{"name":"functions"},"function":{"name":"us-central1-api"},"extension":{},"message":"[runtime-status] [16656] Outgoing network have been stubbed. [{\"name\":\"http\",\"status\":\"mocked\"},{\"name\":\"http\",\"status\":\"mocked\"},{\"name\":\"https\",\"status\":\"mocked\"},{\"name\":\"https\",\"status\":\"mocked\"},{\"name\":\"net\",\"status\":\"mocked\"}]"}}
[debug] [2024-07-19T12:04:15.044Z] [runtime-status] [16656] Resolved module firebase-functions {"declared":true,"installed":true,"version":"5.0.1","resolution":"D:\\MyDownloads\\React\\demo24\\functions\\node_modules\\firebase-functions\\lib\\v1\\index.js"} {"metadata":{"emulator":{"name":"functions"},"function":{"name":"us-central1-api"},"extension":{},"message":"[runtime-status] [16656] Resolved module firebase-functions {\"declared\":true,\"installed\":true,\"version\":\"5.0.1\",\"resolution\":\"D:\\\\MyDownloads\\\\React\\\\demo24\\\\functions\\\\node_modules\\\\firebase-functions\\\\lib\\\\v1\\\\index.js\"}"}}
[debug] [2024-07-19T12:04:15.337Z] [runtime-status] [16656] Checked functions.config() {"config":{}} {"metadata":{"emulator":{"name":"functions"},"function":{"name":"us-central1-api"},"extension":{},"message":"[runtime-status] [16656] Checked functions.config() {\"config\":{}}"}}
[debug] [2024-07-19T12:04:15.337Z] [runtime-status] [16656] firebase-functions has been stubbed. {"functionsResolution":{"declared":true,"installed":true,"version":"5.0.1","resolution":"D:\\MyDownloads\\React\\demo24\\functions\\node_modules\\firebase-functions\\lib\\v1\\index.js"}} {"metadata":{"emulator":{"name":"functions"},"function":{"name":"us-central1-api"},"extension":{},"message":"[runtime-status] [16656] firebase-functions has been stubbed. {\"functionsResolution\":{\"declared\":true,\"installed\":true,\"version\":\"5.0.1\",\"resolution\":\"D:\\\\MyDownloads\\\\React\\\\demo24\\\\functions\\\\node_modules\\\\firebase-functions\\\\lib\\\\v1\\\\index.js\"}}"}}
[debug] [2024-07-19T12:04:15.338Z] [runtime-status] [16656] Resolved module firebase-functions {"declared":true,"installed":true,"version":"5.0.1","resolution":"D:\\MyDownloads\\React\\demo24\\functions\\node_modules\\firebase-functions\\lib\\v1\\index.js"} {"metadata":{"emulator":{"name":"functions"},"function":{"name":"us-central1-api"},"extension":{},"message":"[runtime-status] [16656] Resolved module firebase-functions {\"declared\":true,\"installed\":true,\"version\":\"5.0.1\",\"resolution\":\"D:\\\\MyDownloads\\\\React\\\\demo24\\\\functions\\\\node_modules\\\\firebase-functions\\\\lib\\\\v1\\\\index.js\"}"}}
[debug] [2024-07-19T12:04:15.339Z] [runtime-status] [16656] Resolved module firebase-admin {"declared":true,"installed":true,"version":"12.2.0","resolution":"D:\\MyDownloads\\React\\demo24\\functions\\node_modules\\firebase-admin\\lib\\index.js"} {"metadata":{"emulator":{"name":"functions"},"function":{"name":"us-central1-api"},"extension":{},"message":"[runtime-status] [16656] Resolved module firebase-admin {\"declared\":true,\"installed\":true,\"version\":\"12.2.0\",\"resolution\":\"D:\\\\MyDownloads\\\\React\\\\demo24\\\\functions\\\\node_modules\\\\firebase-admin\\\\lib\\\\index.js\"}"}}
[debug] [2024-07-19T12:04:15.342Z] [runtime-status] [16656] Resolved module firebase-functions {"declared":true,"installed":true,"version":"5.0.1","resolution":"D:\\MyDownloads\\React\\demo24\\functions\\node_modules\\firebase-functions\\lib\\v1\\index.js"} {"metadata":{"emulator":{"name":"functions"},"function":{"name":"us-central1-api"},"extension":{},"message":"[runtime-status] [16656] Resolved module firebase-functions {\"declared\":true,\"installed\":true,\"version\":\"5.0.1\",\"resolution\":\"D:\\\\MyDownloads\\\\React\\\\demo24\\\\functions\\\\node_modules\\\\firebase-functions\\\\lib\\\\v1\\\\index.js\"}"}}
[debug] [2024-07-19T12:04:15.343Z] [runtime-status] [16656] firebase-admin has been stubbed. {"adminResolution":{"declared":true,"installed":true,"version":"12.2.0","resolution":"D:\\MyDownloads\\React\\demo24\\functions\\node_modules\\firebase-admin\\lib\\index.js"}} {"metadata":{"emulator":{"name":"functions"},"function":{"name":"us-central1-api"},"extension":{},"message":"[runtime-status] [16656] firebase-admin has been stubbed. {\"adminResolution\":{\"declared\":true,\"installed\":true,\"version\":\"12.2.0\",\"resolution\":\"D:\\\\MyDownloads\\\\React\\\\demo24\\\\functions\\\\node_modules\\\\firebase-admin\\\\lib\\\\index.js\"}}"}}
[debug] [2024-07-19T12:04:15.572Z] [runtime-status] [16656] Functions runtime initialized. {"cwd":"D:\\MyDownloads\\React\\demo24\\functions","node_version":"20.13.1"} {"metadata":{"emulator":{"name":"functions"},"function":{"name":"us-central1-api"},"extension":{},"message":"[runtime-status] [16656] Functions runtime initialized. {\"cwd\":\"D:\\\\MyDownloads\\\\React\\\\demo24\\\\functions\",\"node_version\":\"20.13.1\"}"}}
[info] >  node:events:497 {"user":"node:events:497\r","metadata":{"emulator":{"name":"functions"},"function":{"name":"us-central1-api"},"extension":{},"message":"\u001b[90m> \u001b[39m node:events:497\r"}}
[info] >        throw er; // Unhandled 'error' event {"user":"      throw er; // Unhandled 'error' event\r","metadata":{"emulator":{"name":"functions"},"function":{"name":"us-central1-api"},"extension":{},"message":"\u001b[90m> \u001b[39m       throw er; // Unhandled 'error' event\r"}}
[info] >        ^ {"user":"      ^\r","metadata":{"emulator":{"name":"functions"},"function":{"name":"us-central1-api"},"extension":{},"message":"\u001b[90m> \u001b[39m       ^\r"}}
[info] >   {"user":"\r","metadata":{"emulator":{"name":"functions"},"function":{"name":"us-central1-api"},"extension":{},"message":"\u001b[90m> \u001b[39m \r"}}
[info] >  Error: listen EADDRINUSE: address already in use :::5000 {"user":"Error: listen EADDRINUSE: address already in use :::5000\r","metadata":{"emulator":{"name":"functions"},"function":{"name":"us-central1-api"},"extension":{},"message":"\u001b[90m> \u001b[39m Error: listen EADDRINUSE: address already in use :::5000\r"}}
[info] >      at Server.setupListenHandle [as _listen2] (node:net:1898:16) {"user":"    at Server.setupListenHandle [as _listen2] (node:net:1898:16)\r","metadata":{"emulator":{"name":"functions"},"function":{"name":"us-central1-api"},"extension":{},"message":"\u001b[90m> \u001b[39m     at Server.setupListenHandle [as _listen2] (node:net:1898:16)\r"}}
[info] >      at listenInCluster (node:net:1946:12) {"user":"    at listenInCluster (node:net:1946:12)\r","metadata":{"emulator":{"name":"functions"},"function":{"name":"us-central1-api"},"extension":{},"message":"\u001b[90m> \u001b[39m     at listenInCluster (node:net:1946:12)\r"}}
[info] >      at Server.listen (node:net:2044:7) {"user":"    at Server.listen (node:net:2044:7)\r","metadata":{"emulator":{"name":"functions"},"function":{"name":"us-central1-api"},"extension":{},"message":"\u001b[90m> \u001b[39m     at Server.listen (node:net:2044:7)\r"}}
[info] >      at Function.listen (D:\MyDownloads\React\demo24\functions\node_modules\express\lib\application.js:635:24) {"user":"    at Function.listen (D:\\MyDownloads\\React\\demo24\\functions\\node_modules\\express\\lib\\application.js:635:24)\r","metadata":{"emulator":{"name":"functions"},"function":{"name":"us-central1-api"},"extension":{},"message":"\u001b[90m> \u001b[39m     at Function.listen (D:\\MyDownloads\\React\\demo24\\functions\\node_modules\\express\\lib\\application.js:635:24)\r"}}
[info] >      at Object.<anonymous> (D:\MyDownloads\React\demo24\functions\index.js:37:5) {"user":"    at Object.<anonymous> (D:\\MyDownloads\\React\\demo24\\functions\\index.js:37:5)\r","metadata":{"emulator":{"name":"functions"},"function":{"name":"us-central1-api"},"extension":{},"message":"\u001b[90m> \u001b[39m     at Object.<anonymous> (D:\\MyDownloads\\React\\demo24\\functions\\index.js:37:5)\r"}}
[info] >      at Module._compile (node:internal/modules/cjs/loader:1358:14) {"user":"    at Module._compile (node:internal/modules/cjs/loader:1358:14)\r","metadata":{"emulator":{"name":"functions"},"function":{"name":"us-central1-api"},"extension":{},"message":"\u001b[90m> \u001b[39m     at Module._compile (node:internal/modules/cjs/loader:1358:14)\r"}}
[info] >      at Module._extensions..js (node:internal/modules/cjs/loader:1416:10) {"user":"    at Module._extensions..js (node:internal/modules/cjs/loader:1416:10)\r","metadata":{"emulator":{"name":"functions"},"function":{"name":"us-central1-api"},"extension":{},"message":"\u001b[90m> \u001b[39m     at Module._extensions..js (node:internal/modules/cjs/loader:1416:10)\r"}}
[info] >      at Module.load (node:internal/modules/cjs/loader:1208:32) {"user":"    at Module.load (node:internal/modules/cjs/loader:1208:32)\r","metadata":{"emulator":{"name":"functions"},"function":{"name":"us-central1-api"},"extension":{},"message":"\u001b[90m> \u001b[39m     at Module.load (node:internal/modules/cjs/loader:1208:32)\r"}}
[info] >      at Module._load (node:internal/modules/cjs/loader:1024:12) {"user":"    at Module._load (node:internal/modules/cjs/loader:1024:12)\r","metadata":{"emulator":{"name":"functions"},"function":{"name":"us-central1-api"},"extension":{},"message":"\u001b[90m> \u001b[39m     at Module._load (node:internal/modules/cjs/loader:1024:12)\r"}}
[info] >      at Module.require (node:internal/modules/cjs/loader:1233:19) {"user":"    at Module.require (node:internal/modules/cjs/loader:1233:19)\r","metadata":{"emulator":{"name":"functions"},"function":{"name":"us-central1-api"},"extension":{},"message":"\u001b[90m> \u001b[39m     at Module.require (node:internal/modules/cjs/loader:1233:19)\r"}}
[info] >  Emitted 'error' event on Server instance at: {"user":"Emitted 'error' event on Server instance at:\r","metadata":{"emulator":{"name":"functions"},"function":{"name":"us-central1-api"},"extension":{},"message":"\u001b[90m> \u001b[39m Emitted 'error' event on Server instance at:\r"}}
[info] >      at emitErrorNT (node:net:1925:8) {"user":"    at emitErrorNT (node:net:1925:8)\r","metadata":{"emulator":{"name":"functions"},"function":{"name":"us-central1-api"},"extension":{},"message":"\u001b[90m> \u001b[39m     at emitErrorNT (node:net:1925:8)\r"}}
[info] >      at process.processTicksAndRejections (node:internal/process/task_queues:82:21) { {"user":"    at process.processTicksAndRejections (node:internal/process/task_queues:82:21) {\r","metadata":{"emulator":{"name":"functions"},"function":{"name":"us-central1-api"},"extension":{},"message":"\u001b[90m> \u001b[39m     at process.processTicksAndRejections (node:internal/process/task_queues:82:21) {\r"}}
[info] >    code: 'EADDRINUSE', {"user":"  code: 'EADDRINUSE',\r","metadata":{"emulator":{"name":"functions"},"function":{"name":"us-central1-api"},"extension":{},"message":"\u001b[90m> \u001b[39m   code: 'EADDRINUSE',\r"}}
[info] >    errno: -4091, {"user":"  errno: -4091,\r","metadata":{"emulator":{"name":"functions"},"function":{"name":"us-central1-api"},"extension":{},"message":"\u001b[90m> \u001b[39m   errno: -4091,\r"}}
[info] >    syscall: 'listen', {"user":"  syscall: 'listen',\r","metadata":{"emulator":{"name":"functions"},"function":{"name":"us-central1-api"},"extension":{},"message":"\u001b[90m> \u001b[39m   syscall: 'listen',\r"}}
[info] >    address: '::', {"user":"  address: '::',\r","metadata":{"emulator":{"name":"functions"},"function":{"name":"us-central1-api"},"extension":{},"message":"\u001b[90m> \u001b[39m   address: '::',\r"}}
[info] >    port: 5000 {"user":"  port: 5000\r","metadata":{"emulator":{"name":"functions"},"function":{"name":"us-central1-api"},"extension":{},"message":"\u001b[90m> \u001b[39m   port: 5000\r"}}
[info] >  } {"user":"}\r","metadata":{"emulator":{"name":"functions"},"function":{"name":"us-central1-api"},"extension":{},"message":"\u001b[90m> \u001b[39m }\r"}}
[info] >   {"user":"\r","metadata":{"emulator":{"name":"functions"},"function":{"name":"us-central1-api"},"extension":{},"message":"\u001b[90m> \u001b[39m \r"}}
[info] >  Node.js v20.13.1 {"user":"Node.js v20.13.1\r","metadata":{"emulator":{"name":"functions"},"function":{"name":"us-central1-api"},"extension":{},"message":"\u001b[90m> \u001b[39m Node.js v20.13.1\r"}}
[debug] [2024-07-19T12:04:15.591Z] [worker-us-central1-api-52ec7881-cea3-4ea0-af6a-b4a8834e6342]: exited {"metadata":{"emulator":{"name":"functions"},"function":{"name":"us-central1-api"},"extension":{},"message":"[worker-us-central1-api-52ec7881-cea3-4ea0-af6a-b4a8834e6342]: exited"}}
[debug] [2024-07-19T12:04:15.592Z] [worker-us-central1-api-52ec7881-cea3-4ea0-af6a-b4a8834e6342]: FINISHED {"metadata":{"emulator":{"name":"functions"},"function":{"name":"us-central1-api"},"extension":{},"message":"[worker-us-central1-api-52ec7881-cea3-4ea0-af6a-b4a8834e6342]: FINISHED"}}
[error] !!  functions: Failed to handle request for function us-central1-api {"metadata":{"emulator":{"name":"functions"},"message":"Failed to handle request for function us-central1-api"}}
[error] !!  functions: Failed to start functions in D:\MyDownloads\React\demo24\functions: FirebaseError: Failed to load function. {"metadata":{"emulator":{"name":"functions"},"message":"Failed to start functions in D:\\MyDownloads\\React\\demo24\\functions: FirebaseError: Failed to load function."}}
[debug] [2024-07-19T12:04:43.433Z] [work-queue] {"queuedWork":[],"queueLength":0,"runningWork":[],"workRunningCount":0}
[debug] [2024-07-19T12:11:08.242Z] [work-queue] {"queuedWork":["/challenge-db720/us-central1/api/payments/create-2024-07-19T12:11:08.242Z"],"queueLength":1,"runningWork":[],"workRunningCount":0}
[debug] [2024-07-19T12:11:08.242Z] [work-queue] {"queuedWork":[],"queueLength":0,"runningWork":["/challenge-db720/us-central1/api/payments/create-2024-07-19T12:11:08.242Z"],"workRunningCount":1}
[debug] [2024-07-19T12:11:08.243Z] Accepted request POST /challenge-db720/us-central1/api/payments/create?total=26899 --> us-central1-api
[debug] [2024-07-19T12:11:08.243Z] [functions] Runtime ready! Sending request! {"metadata":{"emulator":{"name":"functions"},"message":"[functions] Runtime ready! Sending request!"}}
[debug] [2024-07-19T12:11:08.244Z] [functions] Got req.url=/challenge-db720/us-central1/api/payments/create?total=26899, mapping to path=/payments/create?total=26899 {"metadata":{"emulator":{"name":"functions"},"message":"[functions] Got req.url=/challenge-db720/us-central1/api/payments/create?total=26899, mapping to path=/payments/create?total=26899"}}
[debug] [2024-07-19T12:11:08.244Z] [worker-pool] Cleaned up workers for us-central1-api: 1 --> 0 {"metadata":{"emulator":{"name":"functions"},"message":"[worker-pool] Cleaned up workers for us-central1-api: 1 --> 0"}}
[debug] [2024-07-19T12:11:08.264Z] [worker-pool] addWorker(us-central1-api) {"metadata":{"emulator":{"name":"functions"},"message":"[worker-pool] addWorker(us-central1-api)"}}
[debug] [2024-07-19T12:11:08.264Z] [worker-pool] Adding worker with key us-central1-api, total=1 {"metadata":{"emulator":{"name":"functions"},"message":"[worker-pool] Adding worker with key us-central1-api, total=1"}}
[debug] [2024-07-19T12:11:12.589Z] [runtime-status] [18892] Resolved module firebase-admin {"declared":true,"installed":true,"version":"12.2.0","resolution":"D:\\MyDownloads\\React\\demo24\\functions\\node_modules\\firebase-admin\\lib\\index.js"} {"metadata":{"emulator":{"name":"functions"},"function":{"name":"us-central1-api"},"extension":{},"message":"[runtime-status] [18892] Resolved module firebase-admin {\"declared\":true,\"installed\":true,\"version\":\"12.2.0\",\"resolution\":\"D:\\\\MyDownloads\\\\React\\\\demo24\\\\functions\\\\node_modules\\\\firebase-admin\\\\lib\\\\index.js\"}"}}
[debug] [2024-07-19T12:11:12.600Z] [runtime-status] [18892] Resolved module firebase-functions {"declared":true,"installed":true,"version":"5.0.1","resolution":"D:\\MyDownloads\\React\\demo24\\functions\\node_modules\\firebase-functions\\lib\\v1\\index.js"} {"metadata":{"emulator":{"name":"functions"},"function":{"name":"us-central1-api"},"extension":{},"message":"[runtime-status] [18892] Resolved module firebase-functions {\"declared\":true,\"installed\":true,\"version\":\"5.0.1\",\"resolution\":\"D:\\\\MyDownloads\\\\React\\\\demo24\\\\functions\\\\node_modules\\\\firebase-functions\\\\lib\\\\v1\\\\index.js\"}"}}
[debug] [2024-07-19T12:11:12.600Z] [runtime-status] [18892] Outgoing network have been stubbed. [{"name":"http","status":"mocked"},{"name":"http","status":"mocked"},{"name":"https","status":"mocked"},{"name":"https","status":"mocked"},{"name":"net","status":"mocked"}] {"metadata":{"emulator":{"name":"functions"},"function":{"name":"us-central1-api"},"extension":{},"message":"[runtime-status] [18892] Outgoing network have been stubbed. [{\"name\":\"http\",\"status\":\"mocked\"},{\"name\":\"http\",\"status\":\"mocked\"},{\"name\":\"https\",\"status\":\"mocked\"},{\"name\":\"https\",\"status\":\"mocked\"},{\"name\":\"net\",\"status\":\"mocked\"}]"}}
[debug] [2024-07-19T12:11:12.601Z] [runtime-status] [18892] Resolved module firebase-functions {"declared":true,"installed":true,"version":"5.0.1","resolution":"D:\\MyDownloads\\React\\demo24\\functions\\node_modules\\firebase-functions\\lib\\v1\\index.js"} {"metadata":{"emulator":{"name":"functions"},"function":{"name":"us-central1-api"},"extension":{},"message":"[runtime-status] [18892] Resolved module firebase-functions {\"declared\":true,\"installed\":true,\"version\":\"5.0.1\",\"resolution\":\"D:\\\\MyDownloads\\\\React\\\\demo24\\\\functions\\\\node_modules\\\\firebase-functions\\\\lib\\\\v1\\\\index.js\"}"}}
[debug] [2024-07-19T12:11:16.280Z] [runtime-status] [18892] Checked functions.config() {"config":{}} {"metadata":{"emulator":{"name":"functions"},"function":{"name":"us-central1-api"},"extension":{},"message":"[runtime-status] [18892] Checked functions.config() {\"config\":{}}"}}
[debug] [2024-07-19T12:11:16.280Z] [runtime-status] [18892] firebase-functions has been stubbed. {"functionsResolution":{"declared":true,"installed":true,"version":"5.0.1","resolution":"D:\\MyDownloads\\React\\demo24\\functions\\node_modules\\firebase-functions\\lib\\v1\\index.js"}} {"metadata":{"emulator":{"name":"functions"},"function":{"name":"us-central1-api"},"extension":{},"message":"[runtime-status] [18892] firebase-functions has been stubbed. {\"functionsResolution\":{\"declared\":true,\"installed\":true,\"version\":\"5.0.1\",\"resolution\":\"D:\\\\MyDownloads\\\\React\\\\demo24\\\\functions\\\\node_modules\\\\firebase-functions\\\\lib\\\\v1\\\\index.js\"}}"}}
[debug] [2024-07-19T12:11:16.281Z] [runtime-status] [18892] Resolved module firebase-functions {"declared":true,"installed":true,"version":"5.0.1","resolution":"D:\\MyDownloads\\React\\demo24\\functions\\node_modules\\firebase-functions\\lib\\v1\\index.js"} {"metadata":{"emulator":{"name":"functions"},"function":{"name":"us-central1-api"},"extension":{},"message":"[runtime-status] [18892] Resolved module firebase-functions {\"declared\":true,\"installed\":true,\"version\":\"5.0.1\",\"resolution\":\"D:\\\\MyDownloads\\\\React\\\\demo24\\\\functions\\\\node_modules\\\\firebase-functions\\\\lib\\\\v1\\\\index.js\"}"}}
[debug] [2024-07-19T12:11:16.282Z] [runtime-status] [18892] Resolved module firebase-admin {"declared":true,"installed":true,"version":"12.2.0","resolution":"D:\\MyDownloads\\React\\demo24\\functions\\node_modules\\firebase-admin\\lib\\index.js"} {"metadata":{"emulator":{"name":"functions"},"function":{"name":"us-central1-api"},"extension":{},"message":"[runtime-status] [18892] Resolved module firebase-admin {\"declared\":true,\"installed\":true,\"version\":\"12.2.0\",\"resolution\":\"D:\\\\MyDownloads\\\\React\\\\demo24\\\\functions\\\\node_modules\\\\firebase-admin\\\\lib\\\\index.js\"}"}}
[debug] [2024-07-19T12:11:16.308Z] [runtime-status] [18892] Resolved module firebase-functions {"declared":true,"installed":true,"version":"5.0.1","resolution":"D:\\MyDownloads\\React\\demo24\\functions\\node_modules\\firebase-functions\\lib\\v1\\index.js"} {"metadata":{"emulator":{"name":"functions"},"function":{"name":"us-central1-api"},"extension":{},"message":"[runtime-status] [18892] Resolved module firebase-functions {\"declared\":true,\"installed\":true,\"version\":\"5.0.1\",\"resolution\":\"D:\\\\MyDownloads\\\\React\\\\demo24\\\\functions\\\\node_modules\\\\firebase-functions\\\\lib\\\\v1\\\\index.js\"}"}}
[debug] [2024-07-19T12:11:16.308Z] [runtime-status] [18892] firebase-admin has been stubbed. {"adminResolution":{"declared":true,"installed":true,"version":"12.2.0","resolution":"D:\\MyDownloads\\React\\demo24\\functions\\node_modules\\firebase-admin\\lib\\index.js"}} {"metadata":{"emulator":{"name":"functions"},"function":{"name":"us-central1-api"},"extension":{},"message":"[runtime-status] [18892] firebase-admin has been stubbed. {\"adminResolution\":{\"declared\":true,\"installed\":true,\"version\":\"12.2.0\",\"resolution\":\"D:\\\\MyDownloads\\\\React\\\\demo24\\\\functions\\\\node_modules\\\\firebase-admin\\\\lib\\\\index.js\"}}"}}
[debug] [2024-07-19T12:11:19.141Z] [runtime-status] [18892] Functions runtime initialized. {"cwd":"D:\\MyDownloads\\React\\demo24\\functions","node_version":"20.13.1"} {"metadata":{"emulator":{"name":"functions"},"function":{"name":"us-central1-api"},"extension":{},"message":"[runtime-status] [18892] Functions runtime initialized. {\"cwd\":\"D:\\\\MyDownloads\\\\React\\\\demo24\\\\functions\",\"node_version\":\"20.13.1\"}"}}
[info] >  node:events:497 {"user":"node:events:497\r","metadata":{"emulator":{"name":"functions"},"function":{"name":"us-central1-api"},"extension":{},"message":"\u001b[90m> \u001b[39m node:events:497\r"}}
[info] >        throw er; // Unhandled 'error' event {"user":"      throw er; // Unhandled 'error' event\r","metadata":{"emulator":{"name":"functions"},"function":{"name":"us-central1-api"},"extension":{},"message":"\u001b[90m> \u001b[39m       throw er; // Unhandled 'error' event\r"}}
[info] >        ^ {"user":"      ^\r","metadata":{"emulator":{"name":"functions"},"function":{"name":"us-central1-api"},"extension":{},"message":"\u001b[90m> \u001b[39m       ^\r"}}
[info] >   {"user":"\r","metadata":{"emulator":{"name":"functions"},"function":{"name":"us-central1-api"},"extension":{},"message":"\u001b[90m> \u001b[39m \r"}}
[info] >  Error: listen EADDRINUSE: address already in use :::5000 {"user":"Error: listen EADDRINUSE: address already in use :::5000\r","metadata":{"emulator":{"name":"functions"},"function":{"name":"us-central1-api"},"extension":{},"message":"\u001b[90m> \u001b[39m Error: listen EADDRINUSE: address already in use :::5000\r"}}
[info] >      at Server.setupListenHandle [as _listen2] (node:net:1898:16) {"user":"    at Server.setupListenHandle [as _listen2] (node:net:1898:16)\r","metadata":{"emulator":{"name":"functions"},"function":{"name":"us-central1-api"},"extension":{},"message":"\u001b[90m> \u001b[39m     at Server.setupListenHandle [as _listen2] (node:net:1898:16)\r"}}
[info] >      at listenInCluster (node:net:1946:12) {"user":"    at listenInCluster (node:net:1946:12)\r","metadata":{"emulator":{"name":"functions"},"function":{"name":"us-central1-api"},"extension":{},"message":"\u001b[90m> \u001b[39m     at listenInCluster (node:net:1946:12)\r"}}
[info] >      at Server.listen (node:net:2044:7) {"user":"    at Server.listen (node:net:2044:7)\r","metadata":{"emulator":{"name":"functions"},"function":{"name":"us-central1-api"},"extension":{},"message":"\u001b[90m> \u001b[39m     at Server.listen (node:net:2044:7)\r"}}
[info] >      at Function.listen (D:\MyDownloads\React\demo24\functions\node_modules\express\lib\application.js:635:24) {"user":"    at Function.listen (D:\\MyDownloads\\React\\demo24\\functions\\node_modules\\express\\lib\\application.js:635:24)\r","metadata":{"emulator":{"name":"functions"},"function":{"name":"us-central1-api"},"extension":{},"message":"\u001b[90m> \u001b[39m     at Function.listen (D:\\MyDownloads\\React\\demo24\\functions\\node_modules\\express\\lib\\application.js:635:24)\r"}}
[info] >      at Object.<anonymous> (D:\MyDownloads\React\demo24\functions\index.js:37:5) {"user":"    at Object.<anonymous> (D:\\MyDownloads\\React\\demo24\\functions\\index.js:37:5)\r","metadata":{"emulator":{"name":"functions"},"function":{"name":"us-central1-api"},"extension":{},"message":"\u001b[90m> \u001b[39m     at Object.<anonymous> (D:\\MyDownloads\\React\\demo24\\functions\\index.js:37:5)\r"}}
[info] >      at Module._compile (node:internal/modules/cjs/loader:1358:14) {"user":"    at Module._compile (node:internal/modules/cjs/loader:1358:14)\r","metadata":{"emulator":{"name":"functions"},"function":{"name":"us-central1-api"},"extension":{},"message":"\u001b[90m> \u001b[39m     at Module._compile (node:internal/modules/cjs/loader:1358:14)\r"}}
[info] >      at Module._extensions..js (node:internal/modules/cjs/loader:1416:10) {"user":"    at Module._extensions..js (node:internal/modules/cjs/loader:1416:10)\r","metadata":{"emulator":{"name":"functions"},"function":{"name":"us-central1-api"},"extension":{},"message":"\u001b[90m> \u001b[39m     at Module._extensions..js (node:internal/modules/cjs/loader:1416:10)\r"}}
[info] >      at Module.load (node:internal/modules/cjs/loader:1208:32) {"user":"    at Module.load (node:internal/modules/cjs/loader:1208:32)\r","metadata":{"emulator":{"name":"functions"},"function":{"name":"us-central1-api"},"extension":{},"message":"\u001b[90m> \u001b[39m     at Module.load (node:internal/modules/cjs/loader:1208:32)\r"}}
[info] >      at Module._load (node:internal/modules/cjs/loader:1024:12) {"user":"    at Module._load (node:internal/modules/cjs/loader:1024:12)\r","metadata":{"emulator":{"name":"functions"},"function":{"name":"us-central1-api"},"extension":{},"message":"\u001b[90m> \u001b[39m     at Module._load (node:internal/modules/cjs/loader:1024:12)\r"}}
[info] >      at Module.require (node:internal/modules/cjs/loader:1233:19) {"user":"    at Module.require (node:internal/modules/cjs/loader:1233:19)\r","metadata":{"emulator":{"name":"functions"},"function":{"name":"us-central1-api"},"extension":{},"message":"\u001b[90m> \u001b[39m     at Module.require (node:internal/modules/cjs/loader:1233:19)\r"}}
[info] >  Emitted 'error' event on Server instance at: {"user":"Emitted 'error' event on Server instance at:\r","metadata":{"emulator":{"name":"functions"},"function":{"name":"us-central1-api"},"extension":{},"message":"\u001b[90m> \u001b[39m Emitted 'error' event on Server instance at:\r"}}
[info] >      at emitErrorNT (node:net:1925:8) {"user":"    at emitErrorNT (node:net:1925:8)\r","metadata":{"emulator":{"name":"functions"},"function":{"name":"us-central1-api"},"extension":{},"message":"\u001b[90m> \u001b[39m     at emitErrorNT (node:net:1925:8)\r"}}
[info] >      at process.processTicksAndRejections (node:internal/process/task_queues:82:21) { {"user":"    at process.processTicksAndRejections (node:internal/process/task_queues:82:21) {\r","metadata":{"emulator":{"name":"functions"},"function":{"name":"us-central1-api"},"extension":{},"message":"\u001b[90m> \u001b[39m     at process.processTicksAndRejections (node:internal/process/task_queues:82:21) {\r"}}
[info] >    code: 'EADDRINUSE', {"user":"  code: 'EADDRINUSE',\r","metadata":{"emulator":{"name":"functions"},"function":{"name":"us-central1-api"},"extension":{},"message":"\u001b[90m> \u001b[39m   code: 'EADDRINUSE',\r"}}
[info] >    errno: -4091, {"user":"  errno: -4091,\r","metadata":{"emulator":{"name":"functions"},"function":{"name":"us-central1-api"},"extension":{},"message":"\u001b[90m> \u001b[39m   errno: -4091,\r"}}
[info] >    syscall: 'listen', {"user":"  syscall: 'listen',\r","metadata":{"emulator":{"name":"functions"},"function":{"name":"us-central1-api"},"extension":{},"message":"\u001b[90m> \u001b[39m   syscall: 'listen',\r"}}
[info] >    address: '::', {"user":"  address: '::',\r","metadata":{"emulator":{"name":"functions"},"function":{"name":"us-central1-api"},"extension":{},"message":"\u001b[90m> \u001b[39m   address: '::',\r"}}
[info] >    port: 5000 {"user":"  port: 5000\r","metadata":{"emulator":{"name":"functions"},"function":{"name":"us-central1-api"},"extension":{},"message":"\u001b[90m> \u001b[39m   port: 5000\r"}}
[info] >  } {"user":"}\r","metadata":{"emulator":{"name":"functions"},"function":{"name":"us-central1-api"},"extension":{},"message":"\u001b[90m> \u001b[39m }\r"}}
[info] >   {"user":"\r","metadata":{"emulator":{"name":"functions"},"function":{"name":"us-central1-api"},"extension":{},"message":"\u001b[90m> \u001b[39m \r"}}
[info] >  Node.js v20.13.1 {"user":"Node.js v20.13.1\r","metadata":{"emulator":{"name":"functions"},"function":{"name":"us-central1-api"},"extension":{},"message":"\u001b[90m> \u001b[39m Node.js v20.13.1\r"}}
[debug] [2024-07-19T12:11:19.164Z] [worker-us-central1-api-ddbf0689-3703-411f-b63f-b826df77748d]: exited {"metadata":{"emulator":{"name":"functions"},"function":{"name":"us-central1-api"},"extension":{},"message":"[worker-us-central1-api-ddbf0689-3703-411f-b63f-b826df77748d]: exited"}}
[debug] [2024-07-19T12:11:19.164Z] [worker-us-central1-api-ddbf0689-3703-411f-b63f-b826df77748d]: FINISHED {"metadata":{"emulator":{"name":"functions"},"function":{"name":"us-central1-api"},"extension":{},"message":"[worker-us-central1-api-ddbf0689-3703-411f-b63f-b826df77748d]: FINISHED"}}
[error] !!  functions: Failed to handle request for function us-central1-api {"metadata":{"emulator":{"name":"functions"},"message":"Failed to handle request for function us-central1-api"}}
[error] !!  functions: Failed to start functions in D:\MyDownloads\React\demo24\functions: FirebaseError: Failed to load function. {"metadata":{"emulator":{"name":"functions"},"message":"Failed to start functions in D:\\MyDownloads\\React\\demo24\\functions: FirebaseError: Failed to load function."}}
[debug] [2024-07-19T12:11:38.287Z] [work-queue] {"queuedWork":[],"queueLength":0,"runningWork":[],"workRunningCount":0}
[debug] [2024-07-19T12:13:32.024Z] [work-queue] {"queuedWork":["/challenge-db720/us-central1/api/payments/create-2024-07-19T12:13:32.024Z"],"queueLength":1,"runningWork":[],"workRunningCount":0}
[debug] [2024-07-19T12:13:32.024Z] [work-queue] {"queuedWork":[],"queueLength":0,"runningWork":["/challenge-db720/us-central1/api/payments/create-2024-07-19T12:13:32.024Z"],"workRunningCount":1}
[debug] [2024-07-19T12:13:32.024Z] Accepted request POST /challenge-db720/us-central1/api/payments/create?total=26899 --> us-central1-api
[debug] [2024-07-19T12:13:32.026Z] [functions] Runtime ready! Sending request! {"metadata":{"emulator":{"name":"functions"},"message":"[functions] Runtime ready! Sending request!"}}
[debug] [2024-07-19T12:13:32.027Z] [functions] Got req.url=/challenge-db720/us-central1/api/payments/create?total=26899, mapping to path=/payments/create?total=26899 {"metadata":{"emulator":{"name":"functions"},"message":"[functions] Got req.url=/challenge-db720/us-central1/api/payments/create?total=26899, mapping to path=/payments/create?total=26899"}}
[debug] [2024-07-19T12:13:32.027Z] [worker-pool] Cleaned up workers for us-central1-api: 1 --> 0 {"metadata":{"emulator":{"name":"functions"},"message":"[worker-pool] Cleaned up workers for us-central1-api: 1 --> 0"}}
[debug] [2024-07-19T12:13:32.050Z] [worker-pool] addWorker(us-central1-api) {"metadata":{"emulator":{"name":"functions"},"message":"[worker-pool] addWorker(us-central1-api)"}}
[debug] [2024-07-19T12:13:32.051Z] [worker-pool] Adding worker with key us-central1-api, total=1 {"metadata":{"emulator":{"name":"functions"},"message":"[worker-pool] Adding worker with key us-central1-api, total=1"}}
[debug] [2024-07-19T12:13:33.521Z] [runtime-status] [14948] Resolved module firebase-admin {"declared":true,"installed":true,"version":"12.2.0","resolution":"D:\\MyDownloads\\React\\demo24\\functions\\node_modules\\firebase-admin\\lib\\index.js"} {"metadata":{"emulator":{"name":"functions"},"function":{"name":"us-central1-api"},"extension":{},"message":"[runtime-status] [14948] Resolved module firebase-admin {\"declared\":true,\"installed\":true,\"version\":\"12.2.0\",\"resolution\":\"D:\\\\MyDownloads\\\\React\\\\demo24\\\\functions\\\\node_modules\\\\firebase-admin\\\\lib\\\\index.js\"}"}}
[debug] [2024-07-19T12:13:33.522Z] [runtime-status] [14948] Resolved module firebase-functions {"declared":true,"installed":true,"version":"5.0.1","resolution":"D:\\MyDownloads\\React\\demo24\\functions\\node_modules\\firebase-functions\\lib\\v1\\index.js"} {"metadata":{"emulator":{"name":"functions"},"function":{"name":"us-central1-api"},"extension":{},"message":"[runtime-status] [14948] Resolved module firebase-functions {\"declared\":true,\"installed\":true,\"version\":\"5.0.1\",\"resolution\":\"D:\\\\MyDownloads\\\\React\\\\demo24\\\\functions\\\\node_modules\\\\firebase-functions\\\\lib\\\\v1\\\\index.js\"}"}}
[debug] [2024-07-19T12:13:33.523Z] [runtime-status] [14948] Outgoing network have been stubbed. [{"name":"http","status":"mocked"},{"name":"http","status":"mocked"},{"name":"https","status":"mocked"},{"name":"https","status":"mocked"},{"name":"net","status":"mocked"}] {"metadata":{"emulator":{"name":"functions"},"function":{"name":"us-central1-api"},"extension":{},"message":"[runtime-status] [14948] Outgoing network have been stubbed. [{\"name\":\"http\",\"status\":\"mocked\"},{\"name\":\"http\",\"status\":\"mocked\"},{\"name\":\"https\",\"status\":\"mocked\"},{\"name\":\"https\",\"status\":\"mocked\"},{\"name\":\"net\",\"status\":\"mocked\"}]"}}
[debug] [2024-07-19T12:13:33.523Z] [runtime-status] [14948] Resolved module firebase-functions {"declared":true,"installed":true,"version":"5.0.1","resolution":"D:\\MyDownloads\\React\\demo24\\functions\\node_modules\\firebase-functions\\lib\\v1\\index.js"} {"metadata":{"emulator":{"name":"functions"},"function":{"name":"us-central1-api"},"extension":{},"message":"[runtime-status] [14948] Resolved module firebase-functions {\"declared\":true,\"installed\":true,\"version\":\"5.0.1\",\"resolution\":\"D:\\\\MyDownloads\\\\React\\\\demo24\\\\functions\\\\node_modules\\\\firebase-functions\\\\lib\\\\v1\\\\index.js\"}"}}
[debug] [2024-07-19T12:13:33.806Z] [runtime-status] [14948] Checked functions.config() {"config":{}} {"metadata":{"emulator":{"name":"functions"},"function":{"name":"us-central1-api"},"extension":{},"message":"[runtime-status] [14948] Checked functions.config() {\"config\":{}}"}}
[debug] [2024-07-19T12:13:33.806Z] [runtime-status] [14948] firebase-functions has been stubbed. {"functionsResolution":{"declared":true,"installed":true,"version":"5.0.1","resolution":"D:\\MyDownloads\\React\\demo24\\functions\\node_modules\\firebase-functions\\lib\\v1\\index.js"}} {"metadata":{"emulator":{"name":"functions"},"function":{"name":"us-central1-api"},"extension":{},"message":"[runtime-status] [14948] firebase-functions has been stubbed. {\"functionsResolution\":{\"declared\":true,\"installed\":true,\"version\":\"5.0.1\",\"resolution\":\"D:\\\\MyDownloads\\\\React\\\\demo24\\\\functions\\\\node_modules\\\\firebase-functions\\\\lib\\\\v1\\\\index.js\"}}"}}
[debug] [2024-07-19T12:13:33.807Z] [runtime-status] [14948] Resolved module firebase-functions {"declared":true,"installed":true,"version":"5.0.1","resolution":"D:\\MyDownloads\\React\\demo24\\functions\\node_modules\\firebase-functions\\lib\\v1\\index.js"} {"metadata":{"emulator":{"name":"functions"},"function":{"name":"us-central1-api"},"extension":{},"message":"[runtime-status] [14948] Resolved module firebase-functions {\"declared\":true,\"installed\":true,\"version\":\"5.0.1\",\"resolution\":\"D:\\\\MyDownloads\\\\React\\\\demo24\\\\functions\\\\node_modules\\\\firebase-functions\\\\lib\\\\v1\\\\index.js\"}"}}
[debug] [2024-07-19T12:13:33.810Z] [runtime-status] [14948] Resolved module firebase-admin {"declared":true,"installed":true,"version":"12.2.0","resolution":"D:\\MyDownloads\\React\\demo24\\functions\\node_modules\\firebase-admin\\lib\\index.js"} {"metadata":{"emulator":{"name":"functions"},"function":{"name":"us-central1-api"},"extension":{},"message":"[runtime-status] [14948] Resolved module firebase-admin {\"declared\":true,\"installed\":true,\"version\":\"12.2.0\",\"resolution\":\"D:\\\\MyDownloads\\\\React\\\\demo24\\\\functions\\\\node_modules\\\\firebase-admin\\\\lib\\\\index.js\"}"}}
[debug] [2024-07-19T12:13:33.812Z] [runtime-status] [14948] Resolved module firebase-functions {"declared":true,"installed":true,"version":"5.0.1","resolution":"D:\\MyDownloads\\React\\demo24\\functions\\node_modules\\firebase-functions\\lib\\v1\\index.js"} {"metadata":{"emulator":{"name":"functions"},"function":{"name":"us-central1-api"},"extension":{},"message":"[runtime-status] [14948] Resolved module firebase-functions {\"declared\":true,\"installed\":true,\"version\":\"5.0.1\",\"resolution\":\"D:\\\\MyDownloads\\\\React\\\\demo24\\\\functions\\\\node_modules\\\\firebase-functions\\\\lib\\\\v1\\\\index.js\"}"}}
[debug] [2024-07-19T12:13:33.812Z] [runtime-status] [14948] firebase-admin has been stubbed. {"adminResolution":{"declared":true,"installed":true,"version":"12.2.0","resolution":"D:\\MyDownloads\\React\\demo24\\functions\\node_modules\\firebase-admin\\lib\\index.js"}} {"metadata":{"emulator":{"name":"functions"},"function":{"name":"us-central1-api"},"extension":{},"message":"[runtime-status] [14948] firebase-admin has been stubbed. {\"adminResolution\":{\"declared\":true,\"installed\":true,\"version\":\"12.2.0\",\"resolution\":\"D:\\\\MyDownloads\\\\React\\\\demo24\\\\functions\\\\node_modules\\\\firebase-admin\\\\lib\\\\index.js\"}}"}}
[debug] [2024-07-19T12:13:34.037Z] [runtime-status] [14948] Functions runtime initialized. {"cwd":"D:\\MyDownloads\\React\\demo24\\functions","node_version":"20.13.1"} {"metadata":{"emulator":{"name":"functions"},"function":{"name":"us-central1-api"},"extension":{},"message":"[runtime-status] [14948] Functions runtime initialized. {\"cwd\":\"D:\\\\MyDownloads\\\\React\\\\demo24\\\\functions\",\"node_version\":\"20.13.1\"}"}}
[info] >  node:events:497 {"user":"node:events:497\r","metadata":{"emulator":{"name":"functions"},"function":{"name":"us-central1-api"},"extension":{},"message":"\u001b[90m> \u001b[39m node:events:497\r"}}
[info] >        throw er; // Unhandled 'error' event {"user":"      throw er; // Unhandled 'error' event\r","metadata":{"emulator":{"name":"functions"},"function":{"name":"us-central1-api"},"extension":{},"message":"\u001b[90m> \u001b[39m       throw er; // Unhandled 'error' event\r"}}
[info] >        ^ {"user":"      ^\r","metadata":{"emulator":{"name":"functions"},"function":{"name":"us-central1-api"},"extension":{},"message":"\u001b[90m> \u001b[39m       ^\r"}}
[info] >   {"user":"\r","metadata":{"emulator":{"name":"functions"},"function":{"name":"us-central1-api"},"extension":{},"message":"\u001b[90m> \u001b[39m \r"}}
[info] >  Error: listen EADDRINUSE: address already in use :::5000 {"user":"Error: listen EADDRINUSE: address already in use :::5000\r","metadata":{"emulator":{"name":"functions"},"function":{"name":"us-central1-api"},"extension":{},"message":"\u001b[90m> \u001b[39m Error: listen EADDRINUSE: address already in use :::5000\r"}}
[info] >      at Server.setupListenHandle [as _listen2] (node:net:1898:16) {"user":"    at Server.setupListenHandle [as _listen2] (node:net:1898:16)\r","metadata":{"emulator":{"name":"functions"},"function":{"name":"us-central1-api"},"extension":{},"message":"\u001b[90m> \u001b[39m     at Server.setupListenHandle [as _listen2] (node:net:1898:16)\r"}}
[info] >      at listenInCluster (node:net:1946:12) {"user":"    at listenInCluster (node:net:1946:12)\r","metadata":{"emulator":{"name":"functions"},"function":{"name":"us-central1-api"},"extension":{},"message":"\u001b[90m> \u001b[39m     at listenInCluster (node:net:1946:12)\r"}}
[info] >      at Server.listen (node:net:2044:7) {"user":"    at Server.listen (node:net:2044:7)\r","metadata":{"emulator":{"name":"functions"},"function":{"name":"us-central1-api"},"extension":{},"message":"\u001b[90m> \u001b[39m     at Server.listen (node:net:2044:7)\r"}}
[info] >      at Function.listen (D:\MyDownloads\React\demo24\functions\node_modules\express\lib\application.js:635:24) {"user":"    at Function.listen (D:\\MyDownloads\\React\\demo24\\functions\\node_modules\\express\\lib\\application.js:635:24)\r","metadata":{"emulator":{"name":"functions"},"function":{"name":"us-central1-api"},"extension":{},"message":"\u001b[90m> \u001b[39m     at Function.listen (D:\\MyDownloads\\React\\demo24\\functions\\node_modules\\express\\lib\\application.js:635:24)\r"}}
[info] >      at Object.<anonymous> (D:\MyDownloads\React\demo24\functions\index.js:37:5) {"user":"    at Object.<anonymous> (D:\\MyDownloads\\React\\demo24\\functions\\index.js:37:5)\r","metadata":{"emulator":{"name":"functions"},"function":{"name":"us-central1-api"},"extension":{},"message":"\u001b[90m> \u001b[39m     at Object.<anonymous> (D:\\MyDownloads\\React\\demo24\\functions\\index.js:37:5)\r"}}
[info] >      at Module._compile (node:internal/modules/cjs/loader:1358:14) {"user":"    at Module._compile (node:internal/modules/cjs/loader:1358:14)\r","metadata":{"emulator":{"name":"functions"},"function":{"name":"us-central1-api"},"extension":{},"message":"\u001b[90m> \u001b[39m     at Module._compile (node:internal/modules/cjs/loader:1358:14)\r"}}
[info] >      at Module._extensions..js (node:internal/modules/cjs/loader:1416:10) {"user":"    at Module._extensions..js (node:internal/modules/cjs/loader:1416:10)\r","metadata":{"emulator":{"name":"functions"},"function":{"name":"us-central1-api"},"extension":{},"message":"\u001b[90m> \u001b[39m     at Module._extensions..js (node:internal/modules/cjs/loader:1416:10)\r"}}
[info] >      at Module.load (node:internal/modules/cjs/loader:1208:32) {"user":"    at Module.load (node:internal/modules/cjs/loader:1208:32)\r","metadata":{"emulator":{"name":"functions"},"function":{"name":"us-central1-api"},"extension":{},"message":"\u001b[90m> \u001b[39m     at Module.load (node:internal/modules/cjs/loader:1208:32)\r"}}
[info] >      at Module._load (node:internal/modules/cjs/loader:1024:12) {"user":"    at Module._load (node:internal/modules/cjs/loader:1024:12)\r","metadata":{"emulator":{"name":"functions"},"function":{"name":"us-central1-api"},"extension":{},"message":"\u001b[90m> \u001b[39m     at Module._load (node:internal/modules/cjs/loader:1024:12)\r"}}
[info] >      at Module.require (node:internal/modules/cjs/loader:1233:19) {"user":"    at Module.require (node:internal/modules/cjs/loader:1233:19)\r","metadata":{"emulator":{"name":"functions"},"function":{"name":"us-central1-api"},"extension":{},"message":"\u001b[90m> \u001b[39m     at Module.require (node:internal/modules/cjs/loader:1233:19)\r"}}
[info] >  Emitted 'error' event on Server instance at: {"user":"Emitted 'error' event on Server instance at:\r","metadata":{"emulator":{"name":"functions"},"function":{"name":"us-central1-api"},"extension":{},"message":"\u001b[90m> \u001b[39m Emitted 'error' event on Server instance at:\r"}}
[info] >      at emitErrorNT (node:net:1925:8) {"user":"    at emitErrorNT (node:net:1925:8)\r","metadata":{"emulator":{"name":"functions"},"function":{"name":"us-central1-api"},"extension":{},"message":"\u001b[90m> \u001b[39m     at emitErrorNT (node:net:1925:8)\r"}}
[info] >      at process.processTicksAndRejections (node:internal/process/task_queues:82:21) { {"user":"    at process.processTicksAndRejections (node:internal/process/task_queues:82:21) {\r","metadata":{"emulator":{"name":"functions"},"function":{"name":"us-central1-api"},"extension":{},"message":"\u001b[90m> \u001b[39m     at process.processTicksAndRejections (node:internal/process/task_queues:82:21) {\r"}}
[info] >    code: 'EADDRINUSE', {"user":"  code: 'EADDRINUSE',\r","metadata":{"emulator":{"name":"functions"},"function":{"name":"us-central1-api"},"extension":{},"message":"\u001b[90m> \u001b[39m   code: 'EADDRINUSE',\r"}}
[info] >    errno: -4091, {"user":"  errno: -4091,\r","metadata":{"emulator":{"name":"functions"},"function":{"name":"us-central1-api"},"extension":{},"message":"\u001b[90m> \u001b[39m   errno: -4091,\r"}}
[info] >    syscall: 'listen', {"user":"  syscall: 'listen',\r","metadata":{"emulator":{"name":"functions"},"function":{"name":"us-central1-api"},"extension":{},"message":"\u001b[90m> \u001b[39m   syscall: 'listen',\r"}}
[info] >    address: '::', {"user":"  address: '::',\r","metadata":{"emulator":{"name":"functions"},"function":{"name":"us-central1-api"},"extension":{},"message":"\u001b[90m> \u001b[39m   address: '::',\r"}}
[info] >    port: 5000 {"user":"  port: 5000\r","metadata":{"emulator":{"name":"functions"},"function":{"name":"us-central1-api"},"extension":{},"message":"\u001b[90m> \u001b[39m   port: 5000\r"}}
[info] >  } {"user":"}\r","metadata":{"emulator":{"name":"functions"},"function":{"name":"us-central1-api"},"extension":{},"message":"\u001b[90m> \u001b[39m }\r"}}
[info] >   {"user":"\r","metadata":{"emulator":{"name":"functions"},"function":{"name":"us-central1-api"},"extension":{},"message":"\u001b[90m> \u001b[39m \r"}}
[info] >  Node.js v20.13.1 {"user":"Node.js v20.13.1\r","metadata":{"emulator":{"name":"functions"},"function":{"name":"us-central1-api"},"extension":{},"message":"\u001b[90m> \u001b[39m Node.js v20.13.1\r"}}
[debug] [2024-07-19T12:13:34.058Z] [worker-us-central1-api-e05b90ee-5c2a-4f01-8e8d-053100a77e53]: exited {"metadata":{"emulator":{"name":"functions"},"function":{"name":"us-central1-api"},"extension":{},"message":"[worker-us-central1-api-e05b90ee-5c2a-4f01-8e8d-053100a77e53]: exited"}}
[debug] [2024-07-19T12:13:34.059Z] [worker-us-central1-api-e05b90ee-5c2a-4f01-8e8d-053100a77e53]: FINISHED {"metadata":{"emulator":{"name":"functions"},"function":{"name":"us-central1-api"},"extension":{},"message":"[worker-us-central1-api-e05b90ee-5c2a-4f01-8e8d-053100a77e53]: FINISHED"}}
[error] !!  functions: Failed to handle request for function us-central1-api {"metadata":{"emulator":{"name":"functions"},"message":"Failed to handle request for function us-central1-api"}}
[error] !!  functions: Failed to start functions in D:\MyDownloads\React\demo24\functions: FirebaseError: Failed to load function. {"metadata":{"emulator":{"name":"functions"},"message":"Failed to start functions in D:\\MyDownloads\\React\\demo24\\functions: FirebaseError: Failed to load function."}}
[debug] [2024-07-19T12:14:02.140Z] [work-queue] {"queuedWork":[],"queueLength":0,"runningWork":[],"workRunningCount":0}
[debug] [2024-07-19T12:16:54.225Z] [work-queue] {"queuedWork":["/challenge-db720/us-central1/api/payments/create-2024-07-19T12:16:54.224Z"],"queueLength":1,"runningWork":[],"workRunningCount":0}
[debug] [2024-07-19T12:16:54.225Z] [work-queue] {"queuedWork":[],"queueLength":0,"runningWork":["/challenge-db720/us-central1/api/payments/create-2024-07-19T12:16:54.224Z"],"workRunningCount":1}
[debug] [2024-07-19T12:16:54.225Z] Accepted request POST /challenge-db720/us-central1/api/payments/create?total=26899 --> us-central1-api
[debug] [2024-07-19T12:16:54.225Z] [functions] Runtime ready! Sending request! {"metadata":{"emulator":{"name":"functions"},"message":"[functions] Runtime ready! Sending request!"}}
[debug] [2024-07-19T12:16:54.225Z] [functions] Got req.url=/challenge-db720/us-central1/api/payments/create?total=26899, mapping to path=/payments/create?total=26899 {"metadata":{"emulator":{"name":"functions"},"message":"[functions] Got req.url=/challenge-db720/us-central1/api/payments/create?total=26899, mapping to path=/payments/create?total=26899"}}
[debug] [2024-07-19T12:16:54.225Z] [worker-pool] Cleaned up workers for us-central1-api: 1 --> 0 {"metadata":{"emulator":{"name":"functions"},"message":"[worker-pool] Cleaned up workers for us-central1-api: 1 --> 0"}}
[debug] [2024-07-19T12:16:54.239Z] [worker-pool] addWorker(us-central1-api) {"metadata":{"emulator":{"name":"functions"},"message":"[worker-pool] addWorker(us-central1-api)"}}
[debug] [2024-07-19T12:16:54.239Z] [worker-pool] Adding worker with key us-central1-api, total=1 {"metadata":{"emulator":{"name":"functions"},"message":"[worker-pool] Adding worker with key us-central1-api, total=1"}}
[debug] [2024-07-19T12:16:55.864Z] [runtime-status] [18940] Resolved module firebase-admin {"declared":true,"installed":true,"version":"12.2.0","resolution":"D:\\MyDownloads\\React\\demo24\\functions\\node_modules\\firebase-admin\\lib\\index.js"} {"metadata":{"emulator":{"name":"functions"},"function":{"name":"us-central1-api"},"extension":{},"message":"[runtime-status] [18940] Resolved module firebase-admin {\"declared\":true,\"installed\":true,\"version\":\"12.2.0\",\"resolution\":\"D:\\\\MyDownloads\\\\React\\\\demo24\\\\functions\\\\node_modules\\\\firebase-admin\\\\lib\\\\index.js\"}"}}
[debug] [2024-07-19T12:16:55.868Z] [runtime-status] [18940] Resolved module firebase-functions {"declared":true,"installed":true,"version":"5.0.1","resolution":"D:\\MyDownloads\\React\\demo24\\functions\\node_modules\\firebase-functions\\lib\\v1\\index.js"} {"metadata":{"emulator":{"name":"functions"},"function":{"name":"us-central1-api"},"extension":{},"message":"[runtime-status] [18940] Resolved module firebase-functions {\"declared\":true,\"installed\":true,\"version\":\"5.0.1\",\"resolution\":\"D:\\\\MyDownloads\\\\React\\\\demo24\\\\functions\\\\node_modules\\\\firebase-functions\\\\lib\\\\v1\\\\index.js\"}"}}
[debug] [2024-07-19T12:16:55.868Z] [runtime-status] [18940] Outgoing network have been stubbed. [{"name":"http","status":"mocked"},{"name":"http","status":"mocked"},{"name":"https","status":"mocked"},{"name":"https","status":"mocked"},{"name":"net","status":"mocked"}] {"metadata":{"emulator":{"name":"functions"},"function":{"name":"us-central1-api"},"extension":{},"message":"[runtime-status] [18940] Outgoing network have been stubbed. [{\"name\":\"http\",\"status\":\"mocked\"},{\"name\":\"http\",\"status\":\"mocked\"},{\"name\":\"https\",\"status\":\"mocked\"},{\"name\":\"https\",\"status\":\"mocked\"},{\"name\":\"net\",\"status\":\"mocked\"}]"}}
[debug] [2024-07-19T12:16:55.869Z] [runtime-status] [18940] Resolved module firebase-functions {"declared":true,"installed":true,"version":"5.0.1","resolution":"D:\\MyDownloads\\React\\demo24\\functions\\node_modules\\firebase-functions\\lib\\v1\\index.js"} {"metadata":{"emulator":{"name":"functions"},"function":{"name":"us-central1-api"},"extension":{},"message":"[runtime-status] [18940] Resolved module firebase-functions {\"declared\":true,\"installed\":true,\"version\":\"5.0.1\",\"resolution\":\"D:\\\\MyDownloads\\\\React\\\\demo24\\\\functions\\\\node_modules\\\\firebase-functions\\\\lib\\\\v1\\\\index.js\"}"}}
[debug] [2024-07-19T12:16:56.173Z] [runtime-status] [18940] Checked functions.config() {"config":{}} {"metadata":{"emulator":{"name":"functions"},"function":{"name":"us-central1-api"},"extension":{},"message":"[runtime-status] [18940] Checked functions.config() {\"config\":{}}"}}
[debug] [2024-07-19T12:16:56.173Z] [runtime-status] [18940] firebase-functions has been stubbed. {"functionsResolution":{"declared":true,"installed":true,"version":"5.0.1","resolution":"D:\\MyDownloads\\React\\demo24\\functions\\node_modules\\firebase-functions\\lib\\v1\\index.js"}} {"metadata":{"emulator":{"name":"functions"},"function":{"name":"us-central1-api"},"extension":{},"message":"[runtime-status] [18940] firebase-functions has been stubbed. {\"functionsResolution\":{\"declared\":true,\"installed\":true,\"version\":\"5.0.1\",\"resolution\":\"D:\\\\MyDownloads\\\\React\\\\demo24\\\\functions\\\\node_modules\\\\firebase-functions\\\\lib\\\\v1\\\\index.js\"}}"}}
[debug] [2024-07-19T12:16:56.174Z] [runtime-status] [18940] Resolved module firebase-functions {"declared":true,"installed":true,"version":"5.0.1","resolution":"D:\\MyDownloads\\React\\demo24\\functions\\node_modules\\firebase-functions\\lib\\v1\\index.js"} {"metadata":{"emulator":{"name":"functions"},"function":{"name":"us-central1-api"},"extension":{},"message":"[runtime-status] [18940] Resolved module firebase-functions {\"declared\":true,\"installed\":true,\"version\":\"5.0.1\",\"resolution\":\"D:\\\\MyDownloads\\\\React\\\\demo24\\\\functions\\\\node_modules\\\\firebase-functions\\\\lib\\\\v1\\\\index.js\"}"}}
[debug] [2024-07-19T12:16:56.175Z] [runtime-status] [18940] Resolved module firebase-admin {"declared":true,"installed":true,"version":"12.2.0","resolution":"D:\\MyDownloads\\React\\demo24\\functions\\node_modules\\firebase-admin\\lib\\index.js"} {"metadata":{"emulator":{"name":"functions"},"function":{"name":"us-central1-api"},"extension":{},"message":"[runtime-status] [18940] Resolved module firebase-admin {\"declared\":true,\"installed\":true,\"version\":\"12.2.0\",\"resolution\":\"D:\\\\MyDownloads\\\\React\\\\demo24\\\\functions\\\\node_modules\\\\firebase-admin\\\\lib\\\\index.js\"}"}}
[debug] [2024-07-19T12:16:56.177Z] [runtime-status] [18940] Resolved module firebase-functions {"declared":true,"installed":true,"version":"5.0.1","resolution":"D:\\MyDownloads\\React\\demo24\\functions\\node_modules\\firebase-functions\\lib\\v1\\index.js"} {"metadata":{"emulator":{"name":"functions"},"function":{"name":"us-central1-api"},"extension":{},"message":"[runtime-status] [18940] Resolved module firebase-functions {\"declared\":true,\"installed\":true,\"version\":\"5.0.1\",\"resolution\":\"D:\\\\MyDownloads\\\\React\\\\demo24\\\\functions\\\\node_modules\\\\firebase-functions\\\\lib\\\\v1\\\\index.js\"}"}}
[debug] [2024-07-19T12:16:56.177Z] [runtime-status] [18940] firebase-admin has been stubbed. {"adminResolution":{"declared":true,"installed":true,"version":"12.2.0","resolution":"D:\\MyDownloads\\React\\demo24\\functions\\node_modules\\firebase-admin\\lib\\index.js"}} {"metadata":{"emulator":{"name":"functions"},"function":{"name":"us-central1-api"},"extension":{},"message":"[runtime-status] [18940] firebase-admin has been stubbed. {\"adminResolution\":{\"declared\":true,\"installed\":true,\"version\":\"12.2.0\",\"resolution\":\"D:\\\\MyDownloads\\\\React\\\\demo24\\\\functions\\\\node_modules\\\\firebase-admin\\\\lib\\\\index.js\"}}"}}
[debug] [2024-07-19T12:16:56.397Z] [runtime-status] [18940] Functions runtime initialized. {"cwd":"D:\\MyDownloads\\React\\demo24\\functions","node_version":"20.13.1"} {"metadata":{"emulator":{"name":"functions"},"function":{"name":"us-central1-api"},"extension":{},"message":"[runtime-status] [18940] Functions runtime initialized. {\"cwd\":\"D:\\\\MyDownloads\\\\React\\\\demo24\\\\functions\",\"node_version\":\"20.13.1\"}"}}
[info] >  node:events:497 {"user":"node:events:497\r","metadata":{"emulator":{"name":"functions"},"function":{"name":"us-central1-api"},"extension":{},"message":"\u001b[90m> \u001b[39m node:events:497\r"}}
[info] >        throw er; // Unhandled 'error' event {"user":"      throw er; // Unhandled 'error' event\r","metadata":{"emulator":{"name":"functions"},"function":{"name":"us-central1-api"},"extension":{},"message":"\u001b[90m> \u001b[39m       throw er; // Unhandled 'error' event\r"}}
[info] >        ^ {"user":"      ^\r","metadata":{"emulator":{"name":"functions"},"function":{"name":"us-central1-api"},"extension":{},"message":"\u001b[90m> \u001b[39m       ^\r"}}
[info] >   {"user":"\r","metadata":{"emulator":{"name":"functions"},"function":{"name":"us-central1-api"},"extension":{},"message":"\u001b[90m> \u001b[39m \r"}}
[info] >  Error: listen EADDRINUSE: address already in use :::5000 {"user":"Error: listen EADDRINUSE: address already in use :::5000\r","metadata":{"emulator":{"name":"functions"},"function":{"name":"us-central1-api"},"extension":{},"message":"\u001b[90m> \u001b[39m Error: listen EADDRINUSE: address already in use :::5000\r"}}
[info] >      at Server.setupListenHandle [as _listen2] (node:net:1898:16) {"user":"    at Server.setupListenHandle [as _listen2] (node:net:1898:16)\r","metadata":{"emulator":{"name":"functions"},"function":{"name":"us-central1-api"},"extension":{},"message":"\u001b[90m> \u001b[39m     at Server.setupListenHandle [as _listen2] (node:net:1898:16)\r"}}
[info] >      at listenInCluster (node:net:1946:12) {"user":"    at listenInCluster (node:net:1946:12)\r","metadata":{"emulator":{"name":"functions"},"function":{"name":"us-central1-api"},"extension":{},"message":"\u001b[90m> \u001b[39m     at listenInCluster (node:net:1946:12)\r"}}
[info] >      at Server.listen (node:net:2044:7) {"user":"    at Server.listen (node:net:2044:7)\r","metadata":{"emulator":{"name":"functions"},"function":{"name":"us-central1-api"},"extension":{},"message":"\u001b[90m> \u001b[39m     at Server.listen (node:net:2044:7)\r"}}
[info] >      at Function.listen (D:\MyDownloads\React\demo24\functions\node_modules\express\lib\application.js:635:24) {"user":"    at Function.listen (D:\\MyDownloads\\React\\demo24\\functions\\node_modules\\express\\lib\\application.js:635:24)\r","metadata":{"emulator":{"name":"functions"},"function":{"name":"us-central1-api"},"extension":{},"message":"\u001b[90m> \u001b[39m     at Function.listen (D:\\MyDownloads\\React\\demo24\\functions\\node_modules\\express\\lib\\application.js:635:24)\r"}}
[info] >      at Object.<anonymous> (D:\MyDownloads\React\demo24\functions\index.js:37:5) {"user":"    at Object.<anonymous> (D:\\MyDownloads\\React\\demo24\\functions\\index.js:37:5)\r","metadata":{"emulator":{"name":"functions"},"function":{"name":"us-central1-api"},"extension":{},"message":"\u001b[90m> \u001b[39m     at Object.<anonymous> (D:\\MyDownloads\\React\\demo24\\functions\\index.js:37:5)\r"}}
[info] >      at Module._compile (node:internal/modules/cjs/loader:1358:14) {"user":"    at Module._compile (node:internal/modules/cjs/loader:1358:14)\r","metadata":{"emulator":{"name":"functions"},"function":{"name":"us-central1-api"},"extension":{},"message":"\u001b[90m> \u001b[39m     at Module._compile (node:internal/modules/cjs/loader:1358:14)\r"}}
[info] >      at Module._extensions..js (node:internal/modules/cjs/loader:1416:10) {"user":"    at Module._extensions..js (node:internal/modules/cjs/loader:1416:10)\r","metadata":{"emulator":{"name":"functions"},"function":{"name":"us-central1-api"},"extension":{},"message":"\u001b[90m> \u001b[39m     at Module._extensions..js (node:internal/modules/cjs/loader:1416:10)\r"}}
[info] >      at Module.load (node:internal/modules/cjs/loader:1208:32) {"user":"    at Module.load (node:internal/modules/cjs/loader:1208:32)\r","metadata":{"emulator":{"name":"functions"},"function":{"name":"us-central1-api"},"extension":{},"message":"\u001b[90m> \u001b[39m     at Module.load (node:internal/modules/cjs/loader:1208:32)\r"}}
[info] >      at Module._load (node:internal/modules/cjs/loader:1024:12) {"user":"    at Module._load (node:internal/modules/cjs/loader:1024:12)\r","metadata":{"emulator":{"name":"functions"},"function":{"name":"us-central1-api"},"extension":{},"message":"\u001b[90m> \u001b[39m     at Module._load (node:internal/modules/cjs/loader:1024:12)\r"}}
[info] >      at Module.require (node:internal/modules/cjs/loader:1233:19) {"user":"    at Module.require (node:internal/modules/cjs/loader:1233:19)\r","metadata":{"emulator":{"name":"functions"},"function":{"name":"us-central1-api"},"extension":{},"message":"\u001b[90m> \u001b[39m     at Module.require (node:internal/modules/cjs/loader:1233:19)\r"}}
[info] >  Emitted 'error' event on Server instance at: {"user":"Emitted 'error' event on Server instance at:\r","metadata":{"emulator":{"name":"functions"},"function":{"name":"us-central1-api"},"extension":{},"message":"\u001b[90m> \u001b[39m Emitted 'error' event on Server instance at:\r"}}
[info] >      at emitErrorNT (node:net:1925:8) {"user":"    at emitErrorNT (node:net:1925:8)\r","metadata":{"emulator":{"name":"functions"},"function":{"name":"us-central1-api"},"extension":{},"message":"\u001b[90m> \u001b[39m     at emitErrorNT (node:net:1925:8)\r"}}
[info] >      at process.processTicksAndRejections (node:internal/process/task_queues:82:21) { {"user":"    at process.processTicksAndRejections (node:internal/process/task_queues:82:21) {\r","metadata":{"emulator":{"name":"functions"},"function":{"name":"us-central1-api"},"extension":{},"message":"\u001b[90m> \u001b[39m     at process.processTicksAndRejections (node:internal/process/task_queues:82:21) {\r"}}
[info] >    code: 'EADDRINUSE', {"user":"  code: 'EADDRINUSE',\r","metadata":{"emulator":{"name":"functions"},"function":{"name":"us-central1-api"},"extension":{},"message":"\u001b[90m> \u001b[39m   code: 'EADDRINUSE',\r"}}
[info] >    errno: -4091, {"user":"  errno: -4091,\r","metadata":{"emulator":{"name":"functions"},"function":{"name":"us-central1-api"},"extension":{},"message":"\u001b[90m> \u001b[39m   errno: -4091,\r"}}
[info] >    syscall: 'listen', {"user":"  syscall: 'listen',\r","metadata":{"emulator":{"name":"functions"},"function":{"name":"us-central1-api"},"extension":{},"message":"\u001b[90m> \u001b[39m   syscall: 'listen',\r"}}
[info] >    address: '::', {"user":"  address: '::',\r","metadata":{"emulator":{"name":"functions"},"function":{"name":"us-central1-api"},"extension":{},"message":"\u001b[90m> \u001b[39m   address: '::',\r"}}
[info] >    port: 5000 {"user":"  port: 5000\r","metadata":{"emulator":{"name":"functions"},"function":{"name":"us-central1-api"},"extension":{},"message":"\u001b[90m> \u001b[39m   port: 5000\r"}}
[info] >  } {"user":"}\r","metadata":{"emulator":{"name":"functions"},"function":{"name":"us-central1-api"},"extension":{},"message":"\u001b[90m> \u001b[39m }\r"}}
[info] >   {"user":"\r","metadata":{"emulator":{"name":"functions"},"function":{"name":"us-central1-api"},"extension":{},"message":"\u001b[90m> \u001b[39m \r"}}
[info] >  Node.js v20.13.1 {"user":"Node.js v20.13.1\r","metadata":{"emulator":{"name":"functions"},"function":{"name":"us-central1-api"},"extension":{},"message":"\u001b[90m> \u001b[39m Node.js v20.13.1\r"}}
[debug] [2024-07-19T12:16:56.421Z] [worker-us-central1-api-ef28e523-41b2-4706-8502-4f4675a5404c]: exited {"metadata":{"emulator":{"name":"functions"},"function":{"name":"us-central1-api"},"extension":{},"message":"[worker-us-central1-api-ef28e523-41b2-4706-8502-4f4675a5404c]: exited"}}
[debug] [2024-07-19T12:16:56.422Z] [worker-us-central1-api-ef28e523-41b2-4706-8502-4f4675a5404c]: FINISHED {"metadata":{"emulator":{"name":"functions"},"function":{"name":"us-central1-api"},"extension":{},"message":"[worker-us-central1-api-ef28e523-41b2-4706-8502-4f4675a5404c]: FINISHED"}}
[debug] [2024-07-19T12:17:03.110Z] [work-queue] {"queuedWork":["/challenge-db720/us-central1/api/payments/create-2024-07-19T12:17:03.110Z"],"queueLength":1,"runningWork":["/challenge-db720/us-central1/api/payments/create-2024-07-19T12:16:54.224Z"],"workRunningCount":1}
[debug] [2024-07-19T12:17:03.111Z] [work-queue] {"queuedWork":[],"queueLength":0,"runningWork":["/challenge-db720/us-central1/api/payments/create-2024-07-19T12:16:54.224Z","/challenge-db720/us-central1/api/payments/create-2024-07-19T12:17:03.110Z"],"workRunningCount":2}
[debug] [2024-07-19T12:17:03.111Z] Accepted request POST /challenge-db720/us-central1/api/payments/create?total=0 --> us-central1-api
[debug] [2024-07-19T12:17:03.111Z] [functions] Runtime ready! Sending request! {"metadata":{"emulator":{"name":"functions"},"message":"[functions] Runtime ready! Sending request!"}}
[debug] [2024-07-19T12:17:03.111Z] [functions] Got req.url=/challenge-db720/us-central1/api/payments/create?total=0, mapping to path=/payments/create?total=0 {"metadata":{"emulator":{"name":"functions"},"message":"[functions] Got req.url=/challenge-db720/us-central1/api/payments/create?total=0, mapping to path=/payments/create?total=0"}}
[debug] [2024-07-19T12:17:03.111Z] [worker-pool] Cleaned up workers for us-central1-api: 1 --> 0 {"metadata":{"emulator":{"name":"functions"},"message":"[worker-pool] Cleaned up workers for us-central1-api: 1 --> 0"}}
[debug] [2024-07-19T12:17:03.126Z] [worker-pool] addWorker(us-central1-api) {"metadata":{"emulator":{"name":"functions"},"message":"[worker-pool] addWorker(us-central1-api)"}}
[debug] [2024-07-19T12:17:03.126Z] [worker-pool] Adding worker with key us-central1-api, total=1 {"metadata":{"emulator":{"name":"functions"},"message":"[worker-pool] Adding worker with key us-central1-api, total=1"}}
[debug] [2024-07-19T12:17:04.957Z] [runtime-status] [26280] Resolved module firebase-admin {"declared":true,"installed":true,"version":"12.2.0","resolution":"D:\\MyDownloads\\React\\demo24\\functions\\node_modules\\firebase-admin\\lib\\index.js"} {"metadata":{"emulator":{"name":"functions"},"function":{"name":"us-central1-api"},"extension":{},"message":"[runtime-status] [26280] Resolved module firebase-admin {\"declared\":true,\"installed\":true,\"version\":\"12.2.0\",\"resolution\":\"D:\\\\MyDownloads\\\\React\\\\demo24\\\\functions\\\\node_modules\\\\firebase-admin\\\\lib\\\\index.js\"}"}}
[debug] [2024-07-19T12:17:04.959Z] [runtime-status] [26280] Resolved module firebase-functions {"declared":true,"installed":true,"version":"5.0.1","resolution":"D:\\MyDownloads\\React\\demo24\\functions\\node_modules\\firebase-functions\\lib\\v1\\index.js"} {"metadata":{"emulator":{"name":"functions"},"function":{"name":"us-central1-api"},"extension":{},"message":"[runtime-status] [26280] Resolved module firebase-functions {\"declared\":true,\"installed\":true,\"version\":\"5.0.1\",\"resolution\":\"D:\\\\MyDownloads\\\\React\\\\demo24\\\\functions\\\\node_modules\\\\firebase-functions\\\\lib\\\\v1\\\\index.js\"}"}}
[debug] [2024-07-19T12:17:04.959Z] [runtime-status] [26280] Outgoing network have been stubbed. [{"name":"http","status":"mocked"},{"name":"http","status":"mocked"},{"name":"https","status":"mocked"},{"name":"https","status":"mocked"},{"name":"net","status":"mocked"}] {"metadata":{"emulator":{"name":"functions"},"function":{"name":"us-central1-api"},"extension":{},"message":"[runtime-status] [26280] Outgoing network have been stubbed. [{\"name\":\"http\",\"status\":\"mocked\"},{\"name\":\"http\",\"status\":\"mocked\"},{\"name\":\"https\",\"status\":\"mocked\"},{\"name\":\"https\",\"status\":\"mocked\"},{\"name\":\"net\",\"status\":\"mocked\"}]"}}
[debug] [2024-07-19T12:17:04.960Z] [runtime-status] [26280] Resolved module firebase-functions {"declared":true,"installed":true,"version":"5.0.1","resolution":"D:\\MyDownloads\\React\\demo24\\functions\\node_modules\\firebase-functions\\lib\\v1\\index.js"} {"metadata":{"emulator":{"name":"functions"},"function":{"name":"us-central1-api"},"extension":{},"message":"[runtime-status] [26280] Resolved module firebase-functions {\"declared\":true,\"installed\":true,\"version\":\"5.0.1\",\"resolution\":\"D:\\\\MyDownloads\\\\React\\\\demo24\\\\functions\\\\node_modules\\\\firebase-functions\\\\lib\\\\v1\\\\index.js\"}"}}
[debug] [2024-07-19T12:17:05.246Z] [runtime-status] [26280] Checked functions.config() {"config":{}} {"metadata":{"emulator":{"name":"functions"},"function":{"name":"us-central1-api"},"extension":{},"message":"[runtime-status] [26280] Checked functions.config() {\"config\":{}}"}}
[debug] [2024-07-19T12:17:05.246Z] [runtime-status] [26280] firebase-functions has been stubbed. {"functionsResolution":{"declared":true,"installed":true,"version":"5.0.1","resolution":"D:\\MyDownloads\\React\\demo24\\functions\\node_modules\\firebase-functions\\lib\\v1\\index.js"}} {"metadata":{"emulator":{"name":"functions"},"function":{"name":"us-central1-api"},"extension":{},"message":"[runtime-status] [26280] firebase-functions has been stubbed. {\"functionsResolution\":{\"declared\":true,\"installed\":true,\"version\":\"5.0.1\",\"resolution\":\"D:\\\\MyDownloads\\\\React\\\\demo24\\\\functions\\\\node_modules\\\\firebase-functions\\\\lib\\\\v1\\\\index.js\"}}"}}
[debug] [2024-07-19T12:17:05.247Z] [runtime-status] [26280] Resolved module firebase-functions {"declared":true,"installed":true,"version":"5.0.1","resolution":"D:\\MyDownloads\\React\\demo24\\functions\\node_modules\\firebase-functions\\lib\\v1\\index.js"} {"metadata":{"emulator":{"name":"functions"},"function":{"name":"us-central1-api"},"extension":{},"message":"[runtime-status] [26280] Resolved module firebase-functions {\"declared\":true,\"installed\":true,\"version\":\"5.0.1\",\"resolution\":\"D:\\\\MyDownloads\\\\React\\\\demo24\\\\functions\\\\node_modules\\\\firebase-functions\\\\lib\\\\v1\\\\index.js\"}"}}
[debug] [2024-07-19T12:17:05.249Z] [runtime-status] [26280] Resolved module firebase-admin {"declared":true,"installed":true,"version":"12.2.0","resolution":"D:\\MyDownloads\\React\\demo24\\functions\\node_modules\\firebase-admin\\lib\\index.js"} {"metadata":{"emulator":{"name":"functions"},"function":{"name":"us-central1-api"},"extension":{},"message":"[runtime-status] [26280] Resolved module firebase-admin {\"declared\":true,\"installed\":true,\"version\":\"12.2.0\",\"resolution\":\"D:\\\\MyDownloads\\\\React\\\\demo24\\\\functions\\\\node_modules\\\\firebase-admin\\\\lib\\\\index.js\"}"}}
[debug] [2024-07-19T12:17:05.253Z] [runtime-status] [26280] Resolved module firebase-functions {"declared":true,"installed":true,"version":"5.0.1","resolution":"D:\\MyDownloads\\React\\demo24\\functions\\node_modules\\firebase-functions\\lib\\v1\\index.js"} {"metadata":{"emulator":{"name":"functions"},"function":{"name":"us-central1-api"},"extension":{},"message":"[runtime-status] [26280] Resolved module firebase-functions {\"declared\":true,\"installed\":true,\"version\":\"5.0.1\",\"resolution\":\"D:\\\\MyDownloads\\\\React\\\\demo24\\\\functions\\\\node_modules\\\\firebase-functions\\\\lib\\\\v1\\\\index.js\"}"}}
[debug] [2024-07-19T12:17:05.253Z] [runtime-status] [26280] firebase-admin has been stubbed. {"adminResolution":{"declared":true,"installed":true,"version":"12.2.0","resolution":"D:\\MyDownloads\\React\\demo24\\functions\\node_modules\\firebase-admin\\lib\\index.js"}} {"metadata":{"emulator":{"name":"functions"},"function":{"name":"us-central1-api"},"extension":{},"message":"[runtime-status] [26280] firebase-admin has been stubbed. {\"adminResolution\":{\"declared\":true,\"installed\":true,\"version\":\"12.2.0\",\"resolution\":\"D:\\\\MyDownloads\\\\React\\\\demo24\\\\functions\\\\node_modules\\\\firebase-admin\\\\lib\\\\index.js\"}}"}}
[debug] [2024-07-19T12:17:05.462Z] [runtime-status] [26280] Functions runtime initialized. {"cwd":"D:\\MyDownloads\\React\\demo24\\functions","node_version":"20.13.1"} {"metadata":{"emulator":{"name":"functions"},"function":{"name":"us-central1-api"},"extension":{},"message":"[runtime-status] [26280] Functions runtime initialized. {\"cwd\":\"D:\\\\MyDownloads\\\\React\\\\demo24\\\\functions\",\"node_version\":\"20.13.1\"}"}}
[info] >  node:events:497 {"user":"node:events:497\r","metadata":{"emulator":{"name":"functions"},"function":{"name":"us-central1-api"},"extension":{},"message":"\u001b[90m> \u001b[39m node:events:497\r"}}
[info] >        throw er; // Unhandled 'error' event {"user":"      throw er; // Unhandled 'error' event\r","metadata":{"emulator":{"name":"functions"},"function":{"name":"us-central1-api"},"extension":{},"message":"\u001b[90m> \u001b[39m       throw er; // Unhandled 'error' event\r"}}
[info] >        ^ {"user":"      ^\r","metadata":{"emulator":{"name":"functions"},"function":{"name":"us-central1-api"},"extension":{},"message":"\u001b[90m> \u001b[39m       ^\r"}}
[info] >   {"user":"\r","metadata":{"emulator":{"name":"functions"},"function":{"name":"us-central1-api"},"extension":{},"message":"\u001b[90m> \u001b[39m \r"}}
[info] >  Error: listen EADDRINUSE: address already in use :::5000 {"user":"Error: listen EADDRINUSE: address already in use :::5000\r","metadata":{"emulator":{"name":"functions"},"function":{"name":"us-central1-api"},"extension":{},"message":"\u001b[90m> \u001b[39m Error: listen EADDRINUSE: address already in use :::5000\r"}}
[info] >      at Server.setupListenHandle [as _listen2] (node:net:1898:16) {"user":"    at Server.setupListenHandle [as _listen2] (node:net:1898:16)\r","metadata":{"emulator":{"name":"functions"},"function":{"name":"us-central1-api"},"extension":{},"message":"\u001b[90m> \u001b[39m     at Server.setupListenHandle [as _listen2] (node:net:1898:16)\r"}}
[info] >      at listenInCluster (node:net:1946:12) {"user":"    at listenInCluster (node:net:1946:12)\r","metadata":{"emulator":{"name":"functions"},"function":{"name":"us-central1-api"},"extension":{},"message":"\u001b[90m> \u001b[39m     at listenInCluster (node:net:1946:12)\r"}}
[info] >      at Server.listen (node:net:2044:7) {"user":"    at Server.listen (node:net:2044:7)\r","metadata":{"emulator":{"name":"functions"},"function":{"name":"us-central1-api"},"extension":{},"message":"\u001b[90m> \u001b[39m     at Server.listen (node:net:2044:7)\r"}}
[info] >      at Function.listen (D:\MyDownloads\React\demo24\functions\node_modules\express\lib\application.js:635:24) {"user":"    at Function.listen (D:\\MyDownloads\\React\\demo24\\functions\\node_modules\\express\\lib\\application.js:635:24)\r","metadata":{"emulator":{"name":"functions"},"function":{"name":"us-central1-api"},"extension":{},"message":"\u001b[90m> \u001b[39m     at Function.listen (D:\\MyDownloads\\React\\demo24\\functions\\node_modules\\express\\lib\\application.js:635:24)\r"}}
[info] >      at Object.<anonymous> (D:\MyDownloads\React\demo24\functions\index.js:37:5) {"user":"    at Object.<anonymous> (D:\\MyDownloads\\React\\demo24\\functions\\index.js:37:5)\r","metadata":{"emulator":{"name":"functions"},"function":{"name":"us-central1-api"},"extension":{},"message":"\u001b[90m> \u001b[39m     at Object.<anonymous> (D:\\MyDownloads\\React\\demo24\\functions\\index.js:37:5)\r"}}
[info] >      at Module._compile (node:internal/modules/cjs/loader:1358:14) {"user":"    at Module._compile (node:internal/modules/cjs/loader:1358:14)\r","metadata":{"emulator":{"name":"functions"},"function":{"name":"us-central1-api"},"extension":{},"message":"\u001b[90m> \u001b[39m     at Module._compile (node:internal/modules/cjs/loader:1358:14)\r"}}
[info] >      at Module._extensions..js (node:internal/modules/cjs/loader:1416:10) {"user":"    at Module._extensions..js (node:internal/modules/cjs/loader:1416:10)\r","metadata":{"emulator":{"name":"functions"},"function":{"name":"us-central1-api"},"extension":{},"message":"\u001b[90m> \u001b[39m     at Module._extensions..js (node:internal/modules/cjs/loader:1416:10)\r"}}
[info] >      at Module.load (node:internal/modules/cjs/loader:1208:32) {"user":"    at Module.load (node:internal/modules/cjs/loader:1208:32)\r","metadata":{"emulator":{"name":"functions"},"function":{"name":"us-central1-api"},"extension":{},"message":"\u001b[90m> \u001b[39m     at Module.load (node:internal/modules/cjs/loader:1208:32)\r"}}
[info] >      at Module._load (node:internal/modules/cjs/loader:1024:12) {"user":"    at Module._load (node:internal/modules/cjs/loader:1024:12)\r","metadata":{"emulator":{"name":"functions"},"function":{"name":"us-central1-api"},"extension":{},"message":"\u001b[90m> \u001b[39m     at Module._load (node:internal/modules/cjs/loader:1024:12)\r"}}
[info] >      at Module.require (node:internal/modules/cjs/loader:1233:19) {"user":"    at Module.require (node:internal/modules/cjs/loader:1233:19)\r","metadata":{"emulator":{"name":"functions"},"function":{"name":"us-central1-api"},"extension":{},"message":"\u001b[90m> \u001b[39m     at Module.require (node:internal/modules/cjs/loader:1233:19)\r"}}
[info] >  Emitted 'error' event on Server instance at: {"user":"Emitted 'error' event on Server instance at:\r","metadata":{"emulator":{"name":"functions"},"function":{"name":"us-central1-api"},"extension":{},"message":"\u001b[90m> \u001b[39m Emitted 'error' event on Server instance at:\r"}}
[info] >      at emitErrorNT (node:net:1925:8) {"user":"    at emitErrorNT (node:net:1925:8)\r","metadata":{"emulator":{"name":"functions"},"function":{"name":"us-central1-api"},"extension":{},"message":"\u001b[90m> \u001b[39m     at emitErrorNT (node:net:1925:8)\r"}}
[info] >      at process.processTicksAndRejections (node:internal/process/task_queues:82:21) { {"user":"    at process.processTicksAndRejections (node:internal/process/task_queues:82:21) {\r","metadata":{"emulator":{"name":"functions"},"function":{"name":"us-central1-api"},"extension":{},"message":"\u001b[90m> \u001b[39m     at process.processTicksAndRejections (node:internal/process/task_queues:82:21) {\r"}}
[info] >    code: 'EADDRINUSE', {"user":"  code: 'EADDRINUSE',\r","metadata":{"emulator":{"name":"functions"},"function":{"name":"us-central1-api"},"extension":{},"message":"\u001b[90m> \u001b[39m   code: 'EADDRINUSE',\r"}}
[info] >    errno: -4091, {"user":"  errno: -4091,\r","metadata":{"emulator":{"name":"functions"},"function":{"name":"us-central1-api"},"extension":{},"message":"\u001b[90m> \u001b[39m   errno: -4091,\r"}}
[info] >    syscall: 'listen', {"user":"  syscall: 'listen',\r","metadata":{"emulator":{"name":"functions"},"function":{"name":"us-central1-api"},"extension":{},"message":"\u001b[90m> \u001b[39m   syscall: 'listen',\r"}}
[info] >    address: '::', {"user":"  address: '::',\r","metadata":{"emulator":{"name":"functions"},"function":{"name":"us-central1-api"},"extension":{},"message":"\u001b[90m> \u001b[39m   address: '::',\r"}}
[info] >    port: 5000 {"user":"  port: 5000\r","metadata":{"emulator":{"name":"functions"},"function":{"name":"us-central1-api"},"extension":{},"message":"\u001b[90m> \u001b[39m   port: 5000\r"}}
[info] >  } {"user":"}\r","metadata":{"emulator":{"name":"functions"},"function":{"name":"us-central1-api"},"extension":{},"message":"\u001b[90m> \u001b[39m }\r"}}
[info] >   {"user":"\r","metadata":{"emulator":{"name":"functions"},"function":{"name":"us-central1-api"},"extension":{},"message":"\u001b[90m> \u001b[39m \r"}}
[info] >  Node.js v20.13.1 {"user":"Node.js v20.13.1\r","metadata":{"emulator":{"name":"functions"},"function":{"name":"us-central1-api"},"extension":{},"message":"\u001b[90m> \u001b[39m Node.js v20.13.1\r"}}
[debug] [2024-07-19T12:17:05.483Z] [worker-us-central1-api-3944801c-1d24-4fb4-949b-d2c09ab5d62d]: exited {"metadata":{"emulator":{"name":"functions"},"function":{"name":"us-central1-api"},"extension":{},"message":"[worker-us-central1-api-3944801c-1d24-4fb4-949b-d2c09ab5d62d]: exited"}}
[debug] [2024-07-19T12:17:05.483Z] [worker-us-central1-api-3944801c-1d24-4fb4-949b-d2c09ab5d62d]: FINISHED {"metadata":{"emulator":{"name":"functions"},"function":{"name":"us-central1-api"},"extension":{},"message":"[worker-us-central1-api-3944801c-1d24-4fb4-949b-d2c09ab5d62d]: FINISHED"}}
[debug] [2024-07-19T12:17:10.134Z] [work-queue] {"queuedWork":["/challenge-db720/us-central1/api/payments/create-2024-07-19T12:17:10.134Z"],"queueLength":1,"runningWork":["/challenge-db720/us-central1/api/payments/create-2024-07-19T12:16:54.224Z","/challenge-db720/us-central1/api/payments/create-2024-07-19T12:17:03.110Z"],"workRunningCount":2}
[debug] [2024-07-19T12:17:10.135Z] [work-queue] {"queuedWork":[],"queueLength":0,"runningWork":["/challenge-db720/us-central1/api/payments/create-2024-07-19T12:16:54.224Z","/challenge-db720/us-central1/api/payments/create-2024-07-19T12:17:03.110Z","/challenge-db720/us-central1/api/payments/create-2024-07-19T12:17:10.134Z"],"workRunningCount":3}
[debug] [2024-07-19T12:17:10.135Z] Accepted request POST /challenge-db720/us-central1/api/payments/create?total=2999 --> us-central1-api
[debug] [2024-07-19T12:17:10.135Z] [functions] Runtime ready! Sending request! {"metadata":{"emulator":{"name":"functions"},"message":"[functions] Runtime ready! Sending request!"}}
[debug] [2024-07-19T12:17:10.135Z] [functions] Got req.url=/challenge-db720/us-central1/api/payments/create?total=2999, mapping to path=/payments/create?total=2999 {"metadata":{"emulator":{"name":"functions"},"message":"[functions] Got req.url=/challenge-db720/us-central1/api/payments/create?total=2999, mapping to path=/payments/create?total=2999"}}
[debug] [2024-07-19T12:17:10.136Z] [worker-pool] Cleaned up workers for us-central1-api: 1 --> 0 {"metadata":{"emulator":{"name":"functions"},"message":"[worker-pool] Cleaned up workers for us-central1-api: 1 --> 0"}}
[debug] [2024-07-19T12:17:10.152Z] [worker-pool] addWorker(us-central1-api) {"metadata":{"emulator":{"name":"functions"},"message":"[worker-pool] addWorker(us-central1-api)"}}
[debug] [2024-07-19T12:17:10.153Z] [worker-pool] Adding worker with key us-central1-api, total=1 {"metadata":{"emulator":{"name":"functions"},"message":"[worker-pool] Adding worker with key us-central1-api, total=1"}}
[debug] [2024-07-19T12:17:11.719Z] [runtime-status] [4556] Resolved module firebase-admin {"declared":true,"installed":true,"version":"12.2.0","resolution":"D:\\MyDownloads\\React\\demo24\\functions\\node_modules\\firebase-admin\\lib\\index.js"} {"metadata":{"emulator":{"name":"functions"},"function":{"name":"us-central1-api"},"extension":{},"message":"[runtime-status] [4556] Resolved module firebase-admin {\"declared\":true,\"installed\":true,\"version\":\"12.2.0\",\"resolution\":\"D:\\\\MyDownloads\\\\React\\\\demo24\\\\functions\\\\node_modules\\\\firebase-admin\\\\lib\\\\index.js\"}"}}
[debug] [2024-07-19T12:17:11.721Z] [runtime-status] [4556] Resolved module firebase-functions {"declared":true,"installed":true,"version":"5.0.1","resolution":"D:\\MyDownloads\\React\\demo24\\functions\\node_modules\\firebase-functions\\lib\\v1\\index.js"} {"metadata":{"emulator":{"name":"functions"},"function":{"name":"us-central1-api"},"extension":{},"message":"[runtime-status] [4556] Resolved module firebase-functions {\"declared\":true,\"installed\":true,\"version\":\"5.0.1\",\"resolution\":\"D:\\\\MyDownloads\\\\React\\\\demo24\\\\functions\\\\node_modules\\\\firebase-functions\\\\lib\\\\v1\\\\index.js\"}"}}
[debug] [2024-07-19T12:17:11.721Z] [runtime-status] [4556] Outgoing network have been stubbed. [{"name":"http","status":"mocked"},{"name":"http","status":"mocked"},{"name":"https","status":"mocked"},{"name":"https","status":"mocked"},{"name":"net","status":"mocked"}] {"metadata":{"emulator":{"name":"functions"},"function":{"name":"us-central1-api"},"extension":{},"message":"[runtime-status] [4556] Outgoing network have been stubbed. [{\"name\":\"http\",\"status\":\"mocked\"},{\"name\":\"http\",\"status\":\"mocked\"},{\"name\":\"https\",\"status\":\"mocked\"},{\"name\":\"https\",\"status\":\"mocked\"},{\"name\":\"net\",\"status\":\"mocked\"}]"}}
[debug] [2024-07-19T12:17:11.722Z] [runtime-status] [4556] Resolved module firebase-functions {"declared":true,"installed":true,"version":"5.0.1","resolution":"D:\\MyDownloads\\React\\demo24\\functions\\node_modules\\firebase-functions\\lib\\v1\\index.js"} {"metadata":{"emulator":{"name":"functions"},"function":{"name":"us-central1-api"},"extension":{},"message":"[runtime-status] [4556] Resolved module firebase-functions {\"declared\":true,\"installed\":true,\"version\":\"5.0.1\",\"resolution\":\"D:\\\\MyDownloads\\\\React\\\\demo24\\\\functions\\\\node_modules\\\\firebase-functions\\\\lib\\\\v1\\\\index.js\"}"}}
[debug] [2024-07-19T12:17:11.988Z] [runtime-status] [4556] Checked functions.config() {"config":{}} {"metadata":{"emulator":{"name":"functions"},"function":{"name":"us-central1-api"},"extension":{},"message":"[runtime-status] [4556] Checked functions.config() {\"config\":{}}"}}
[debug] [2024-07-19T12:17:11.989Z] [runtime-status] [4556] firebase-functions has been stubbed. {"functionsResolution":{"declared":true,"installed":true,"version":"5.0.1","resolution":"D:\\MyDownloads\\React\\demo24\\functions\\node_modules\\firebase-functions\\lib\\v1\\index.js"}} {"metadata":{"emulator":{"name":"functions"},"function":{"name":"us-central1-api"},"extension":{},"message":"[runtime-status] [4556] firebase-functions has been stubbed. {\"functionsResolution\":{\"declared\":true,\"installed\":true,\"version\":\"5.0.1\",\"resolution\":\"D:\\\\MyDownloads\\\\React\\\\demo24\\\\functions\\\\node_modules\\\\firebase-functions\\\\lib\\\\v1\\\\index.js\"}}"}}
[debug] [2024-07-19T12:17:11.989Z] [runtime-status] [4556] Resolved module firebase-functions {"declared":true,"installed":true,"version":"5.0.1","resolution":"D:\\MyDownloads\\React\\demo24\\functions\\node_modules\\firebase-functions\\lib\\v1\\index.js"} {"metadata":{"emulator":{"name":"functions"},"function":{"name":"us-central1-api"},"extension":{},"message":"[runtime-status] [4556] Resolved module firebase-functions {\"declared\":true,\"installed\":true,\"version\":\"5.0.1\",\"resolution\":\"D:\\\\MyDownloads\\\\React\\\\demo24\\\\functions\\\\node_modules\\\\firebase-functions\\\\lib\\\\v1\\\\index.js\"}"}}
[debug] [2024-07-19T12:17:11.991Z] [runtime-status] [4556] Resolved module firebase-admin {"declared":true,"installed":true,"version":"12.2.0","resolution":"D:\\MyDownloads\\React\\demo24\\functions\\node_modules\\firebase-admin\\lib\\index.js"} {"metadata":{"emulator":{"name":"functions"},"function":{"name":"us-central1-api"},"extension":{},"message":"[runtime-status] [4556] Resolved module firebase-admin {\"declared\":true,\"installed\":true,\"version\":\"12.2.0\",\"resolution\":\"D:\\\\MyDownloads\\\\React\\\\demo24\\\\functions\\\\node_modules\\\\firebase-admin\\\\lib\\\\index.js\"}"}}
[debug] [2024-07-19T12:17:11.993Z] [runtime-status] [4556] Resolved module firebase-functions {"declared":true,"installed":true,"version":"5.0.1","resolution":"D:\\MyDownloads\\React\\demo24\\functions\\node_modules\\firebase-functions\\lib\\v1\\index.js"} {"metadata":{"emulator":{"name":"functions"},"function":{"name":"us-central1-api"},"extension":{},"message":"[runtime-status] [4556] Resolved module firebase-functions {\"declared\":true,\"installed\":true,\"version\":\"5.0.1\",\"resolution\":\"D:\\\\MyDownloads\\\\React\\\\demo24\\\\functions\\\\node_modules\\\\firebase-functions\\\\lib\\\\v1\\\\index.js\"}"}}
[debug] [2024-07-19T12:17:11.994Z] [runtime-status] [4556] firebase-admin has been stubbed. {"adminResolution":{"declared":true,"installed":true,"version":"12.2.0","resolution":"D:\\MyDownloads\\React\\demo24\\functions\\node_modules\\firebase-admin\\lib\\index.js"}} {"metadata":{"emulator":{"name":"functions"},"function":{"name":"us-central1-api"},"extension":{},"message":"[runtime-status] [4556] firebase-admin has been stubbed. {\"adminResolution\":{\"declared\":true,\"installed\":true,\"version\":\"12.2.0\",\"resolution\":\"D:\\\\MyDownloads\\\\React\\\\demo24\\\\functions\\\\node_modules\\\\firebase-admin\\\\lib\\\\index.js\"}}"}}
[debug] [2024-07-19T12:17:12.227Z] [runtime-status] [4556] Functions runtime initialized. {"cwd":"D:\\MyDownloads\\React\\demo24\\functions","node_version":"20.13.1"} {"metadata":{"emulator":{"name":"functions"},"function":{"name":"us-central1-api"},"extension":{},"message":"[runtime-status] [4556] Functions runtime initialized. {\"cwd\":\"D:\\\\MyDownloads\\\\React\\\\demo24\\\\functions\",\"node_version\":\"20.13.1\"}"}}
[info] >  node:events:497 {"user":"node:events:497\r","metadata":{"emulator":{"name":"functions"},"function":{"name":"us-central1-api"},"extension":{},"message":"\u001b[90m> \u001b[39m node:events:497\r"}}
[info] >        throw er; // Unhandled 'error' event {"user":"      throw er; // Unhandled 'error' event\r","metadata":{"emulator":{"name":"functions"},"function":{"name":"us-central1-api"},"extension":{},"message":"\u001b[90m> \u001b[39m       throw er; // Unhandled 'error' event\r"}}
[info] >        ^ {"user":"      ^\r","metadata":{"emulator":{"name":"functions"},"function":{"name":"us-central1-api"},"extension":{},"message":"\u001b[90m> \u001b[39m       ^\r"}}
[info] >   {"user":"\r","metadata":{"emulator":{"name":"functions"},"function":{"name":"us-central1-api"},"extension":{},"message":"\u001b[90m> \u001b[39m \r"}}
[info] >  Error: listen EADDRINUSE: address already in use :::5000 {"user":"Error: listen EADDRINUSE: address already in use :::5000\r","metadata":{"emulator":{"name":"functions"},"function":{"name":"us-central1-api"},"extension":{},"message":"\u001b[90m> \u001b[39m Error: listen EADDRINUSE: address already in use :::5000\r"}}
[info] >      at Server.setupListenHandle [as _listen2] (node:net:1898:16) {"user":"    at Server.setupListenHandle [as _listen2] (node:net:1898:16)\r","metadata":{"emulator":{"name":"functions"},"function":{"name":"us-central1-api"},"extension":{},"message":"\u001b[90m> \u001b[39m     at Server.setupListenHandle [as _listen2] (node:net:1898:16)\r"}}
[info] >      at listenInCluster (node:net:1946:12) {"user":"    at listenInCluster (node:net:1946:12)\r","metadata":{"emulator":{"name":"functions"},"function":{"name":"us-central1-api"},"extension":{},"message":"\u001b[90m> \u001b[39m     at listenInCluster (node:net:1946:12)\r"}}
[info] >      at Server.listen (node:net:2044:7) {"user":"    at Server.listen (node:net:2044:7)\r","metadata":{"emulator":{"name":"functions"},"function":{"name":"us-central1-api"},"extension":{},"message":"\u001b[90m> \u001b[39m     at Server.listen (node:net:2044:7)\r"}}
[info] >      at Function.listen (D:\MyDownloads\React\demo24\functions\node_modules\express\lib\application.js:635:24) {"user":"    at Function.listen (D:\\MyDownloads\\React\\demo24\\functions\\node_modules\\express\\lib\\application.js:635:24)\r","metadata":{"emulator":{"name":"functions"},"function":{"name":"us-central1-api"},"extension":{},"message":"\u001b[90m> \u001b[39m     at Function.listen (D:\\MyDownloads\\React\\demo24\\functions\\node_modules\\express\\lib\\application.js:635:24)\r"}}
[info] >      at Object.<anonymous> (D:\MyDownloads\React\demo24\functions\index.js:37:5) {"user":"    at Object.<anonymous> (D:\\MyDownloads\\React\\demo24\\functions\\index.js:37:5)\r","metadata":{"emulator":{"name":"functions"},"function":{"name":"us-central1-api"},"extension":{},"message":"\u001b[90m> \u001b[39m     at Object.<anonymous> (D:\\MyDownloads\\React\\demo24\\functions\\index.js:37:5)\r"}}
[info] >      at Module._compile (node:internal/modules/cjs/loader:1358:14) {"user":"    at Module._compile (node:internal/modules/cjs/loader:1358:14)\r","metadata":{"emulator":{"name":"functions"},"function":{"name":"us-central1-api"},"extension":{},"message":"\u001b[90m> \u001b[39m     at Module._compile (node:internal/modules/cjs/loader:1358:14)\r"}}
[info] >      at Module._extensions..js (node:internal/modules/cjs/loader:1416:10) {"user":"    at Module._extensions..js (node:internal/modules/cjs/loader:1416:10)\r","metadata":{"emulator":{"name":"functions"},"function":{"name":"us-central1-api"},"extension":{},"message":"\u001b[90m> \u001b[39m     at Module._extensions..js (node:internal/modules/cjs/loader:1416:10)\r"}}
[info] >      at Module.load (node:internal/modules/cjs/loader:1208:32) {"user":"    at Module.load (node:internal/modules/cjs/loader:1208:32)\r","metadata":{"emulator":{"name":"functions"},"function":{"name":"us-central1-api"},"extension":{},"message":"\u001b[90m> \u001b[39m     at Module.load (node:internal/modules/cjs/loader:1208:32)\r"}}
[info] >      at Module._load (node:internal/modules/cjs/loader:1024:12) {"user":"    at Module._load (node:internal/modules/cjs/loader:1024:12)\r","metadata":{"emulator":{"name":"functions"},"function":{"name":"us-central1-api"},"extension":{},"message":"\u001b[90m> \u001b[39m     at Module._load (node:internal/modules/cjs/loader:1024:12)\r"}}
[info] >      at Module.require (node:internal/modules/cjs/loader:1233:19) {"user":"    at Module.require (node:internal/modules/cjs/loader:1233:19)\r","metadata":{"emulator":{"name":"functions"},"function":{"name":"us-central1-api"},"extension":{},"message":"\u001b[90m> \u001b[39m     at Module.require (node:internal/modules/cjs/loader:1233:19)\r"}}
[info] >  Emitted 'error' event on Server instance at: {"user":"Emitted 'error' event on Server instance at:\r","metadata":{"emulator":{"name":"functions"},"function":{"name":"us-central1-api"},"extension":{},"message":"\u001b[90m> \u001b[39m Emitted 'error' event on Server instance at:\r"}}
[info] >      at emitErrorNT (node:net:1925:8) {"user":"    at emitErrorNT (node:net:1925:8)\r","metadata":{"emulator":{"name":"functions"},"function":{"name":"us-central1-api"},"extension":{},"message":"\u001b[90m> \u001b[39m     at emitErrorNT (node:net:1925:8)\r"}}
[info] >      at process.processTicksAndRejections (node:internal/process/task_queues:82:21) { {"user":"    at process.processTicksAndRejections (node:internal/process/task_queues:82:21) {\r","metadata":{"emulator":{"name":"functions"},"function":{"name":"us-central1-api"},"extension":{},"message":"\u001b[90m> \u001b[39m     at process.processTicksAndRejections (node:internal/process/task_queues:82:21) {\r"}}
[info] >    code: 'EADDRINUSE', {"user":"  code: 'EADDRINUSE',\r","metadata":{"emulator":{"name":"functions"},"function":{"name":"us-central1-api"},"extension":{},"message":"\u001b[90m> \u001b[39m   code: 'EADDRINUSE',\r"}}
[info] >    errno: -4091, {"user":"  errno: -4091,\r","metadata":{"emulator":{"name":"functions"},"function":{"name":"us-central1-api"},"extension":{},"message":"\u001b[90m> \u001b[39m   errno: -4091,\r"}}
[info] >    syscall: 'listen', {"user":"  syscall: 'listen',\r","metadata":{"emulator":{"name":"functions"},"function":{"name":"us-central1-api"},"extension":{},"message":"\u001b[90m> \u001b[39m   syscall: 'listen',\r"}}
[info] >    address: '::', {"user":"  address: '::',\r","metadata":{"emulator":{"name":"functions"},"function":{"name":"us-central1-api"},"extension":{},"message":"\u001b[90m> \u001b[39m   address: '::',\r"}}
[info] >    port: 5000 {"user":"  port: 5000\r","metadata":{"emulator":{"name":"functions"},"function":{"name":"us-central1-api"},"extension":{},"message":"\u001b[90m> \u001b[39m   port: 5000\r"}}
[info] >  } {"user":"}\r","metadata":{"emulator":{"name":"functions"},"function":{"name":"us-central1-api"},"extension":{},"message":"\u001b[90m> \u001b[39m }\r"}}
[info] >   {"user":"\r","metadata":{"emulator":{"name":"functions"},"function":{"name":"us-central1-api"},"extension":{},"message":"\u001b[90m> \u001b[39m \r"}}
[info] >  Node.js v20.13.1 {"user":"Node.js v20.13.1\r","metadata":{"emulator":{"name":"functions"},"function":{"name":"us-central1-api"},"extension":{},"message":"\u001b[90m> \u001b[39m Node.js v20.13.1\r"}}
[debug] [2024-07-19T12:17:12.247Z] [worker-us-central1-api-e1bba53e-6473-472a-bf62-a5c38dc765f2]: exited {"metadata":{"emulator":{"name":"functions"},"function":{"name":"us-central1-api"},"extension":{},"message":"[worker-us-central1-api-e1bba53e-6473-472a-bf62-a5c38dc765f2]: exited"}}
[debug] [2024-07-19T12:17:12.247Z] [worker-us-central1-api-e1bba53e-6473-472a-bf62-a5c38dc765f2]: FINISHED {"metadata":{"emulator":{"name":"functions"},"function":{"name":"us-central1-api"},"extension":{},"message":"[worker-us-central1-api-e1bba53e-6473-472a-bf62-a5c38dc765f2]: FINISHED"}}
[error] !!  functions: Failed to handle request for function us-central1-api {"metadata":{"emulator":{"name":"functions"},"message":"Failed to handle request for function us-central1-api"}}
[error] !!  functions: Failed to start functions in D:\MyDownloads\React\demo24\functions: FirebaseError: Failed to load function. {"metadata":{"emulator":{"name":"functions"},"message":"Failed to start functions in D:\\MyDownloads\\React\\demo24\\functions: FirebaseError: Failed to load function."}}
[debug] [2024-07-19T12:17:24.326Z] [work-queue] {"queuedWork":[],"queueLength":0,"runningWork":["/challenge-db720/us-central1/api/payments/create-2024-07-19T12:17:03.110Z","/challenge-db720/us-central1/api/payments/create-2024-07-19T12:17:10.134Z"],"workRunningCount":2}
[error] !!  functions: Failed to handle request for function us-central1-api {"metadata":{"emulator":{"name":"functions"},"message":"Failed to handle request for function us-central1-api"}}
[error] !!  functions: Failed to start functions in D:\MyDownloads\React\demo24\functions: FirebaseError: Failed to load function. {"metadata":{"emulator":{"name":"functions"},"message":"Failed to start functions in D:\\MyDownloads\\React\\demo24\\functions: FirebaseError: Failed to load function."}}
[debug] [2024-07-19T12:17:33.153Z] [work-queue] {"queuedWork":[],"queueLength":0,"runningWork":["/challenge-db720/us-central1/api/payments/create-2024-07-19T12:17:10.134Z"],"workRunningCount":1}
[error] !!  functions: Failed to handle request for function us-central1-api {"metadata":{"emulator":{"name":"functions"},"message":"Failed to handle request for function us-central1-api"}}
[error] !!  functions: Failed to start functions in D:\MyDownloads\React\demo24\functions: FirebaseError: Failed to load function. {"metadata":{"emulator":{"name":"functions"},"message":"Failed to start functions in D:\\MyDownloads\\React\\demo24\\functions: FirebaseError: Failed to load function."}}
[debug] [2024-07-19T12:17:40.252Z] [work-queue] {"queuedWork":[],"queueLength":0,"runningWork":[],"workRunningCount":0}
[debug] [2024-07-19T12:19:29.229Z] [work-queue] {"queuedWork":["/challenge-db720/us-central1/api/payments/create-2024-07-19T12:19:29.229Z"],"queueLength":1,"runningWork":[],"workRunningCount":0}
[debug] [2024-07-19T12:19:29.229Z] [work-queue] {"queuedWork":[],"queueLength":0,"runningWork":["/challenge-db720/us-central1/api/payments/create-2024-07-19T12:19:29.229Z"],"workRunningCount":1}
[debug] [2024-07-19T12:19:29.229Z] Accepted request POST /challenge-db720/us-central1/api/payments/create?total=2999 --> us-central1-api
[debug] [2024-07-19T12:19:29.230Z] [functions] Runtime ready! Sending request! {"metadata":{"emulator":{"name":"functions"},"message":"[functions] Runtime ready! Sending request!"}}
[debug] [2024-07-19T12:19:29.230Z] [functions] Got req.url=/challenge-db720/us-central1/api/payments/create?total=2999, mapping to path=/payments/create?total=2999 {"metadata":{"emulator":{"name":"functions"},"message":"[functions] Got req.url=/challenge-db720/us-central1/api/payments/create?total=2999, mapping to path=/payments/create?total=2999"}}
[debug] [2024-07-19T12:19:29.230Z] [worker-pool] Cleaned up workers for us-central1-api: 1 --> 0 {"metadata":{"emulator":{"name":"functions"},"message":"[worker-pool] Cleaned up workers for us-central1-api: 1 --> 0"}}
[debug] [2024-07-19T12:19:29.246Z] [worker-pool] addWorker(us-central1-api) {"metadata":{"emulator":{"name":"functions"},"message":"[worker-pool] addWorker(us-central1-api)"}}
[debug] [2024-07-19T12:19:29.246Z] [worker-pool] Adding worker with key us-central1-api, total=1 {"metadata":{"emulator":{"name":"functions"},"message":"[worker-pool] Adding worker with key us-central1-api, total=1"}}
[debug] [2024-07-19T12:19:30.816Z] [runtime-status] [5944] Resolved module firebase-admin {"declared":true,"installed":true,"version":"12.2.0","resolution":"D:\\MyDownloads\\React\\demo24\\functions\\node_modules\\firebase-admin\\lib\\index.js"} {"metadata":{"emulator":{"name":"functions"},"function":{"name":"us-central1-api"},"extension":{},"message":"[runtime-status] [5944] Resolved module firebase-admin {\"declared\":true,\"installed\":true,\"version\":\"12.2.0\",\"resolution\":\"D:\\\\MyDownloads\\\\React\\\\demo24\\\\functions\\\\node_modules\\\\firebase-admin\\\\lib\\\\index.js\"}"}}
[debug] [2024-07-19T12:19:30.818Z] [runtime-status] [5944] Resolved module firebase-functions {"declared":true,"installed":true,"version":"5.0.1","resolution":"D:\\MyDownloads\\React\\demo24\\functions\\node_modules\\firebase-functions\\lib\\v1\\index.js"} {"metadata":{"emulator":{"name":"functions"},"function":{"name":"us-central1-api"},"extension":{},"message":"[runtime-status] [5944] Resolved module firebase-functions {\"declared\":true,\"installed\":true,\"version\":\"5.0.1\",\"resolution\":\"D:\\\\MyDownloads\\\\React\\\\demo24\\\\functions\\\\node_modules\\\\firebase-functions\\\\lib\\\\v1\\\\index.js\"}"}}
[debug] [2024-07-19T12:19:30.818Z] [runtime-status] [5944] Outgoing network have been stubbed. [{"name":"http","status":"mocked"},{"name":"http","status":"mocked"},{"name":"https","status":"mocked"},{"name":"https","status":"mocked"},{"name":"net","status":"mocked"}] {"metadata":{"emulator":{"name":"functions"},"function":{"name":"us-central1-api"},"extension":{},"message":"[runtime-status] [5944] Outgoing network have been stubbed. [{\"name\":\"http\",\"status\":\"mocked\"},{\"name\":\"http\",\"status\":\"mocked\"},{\"name\":\"https\",\"status\":\"mocked\"},{\"name\":\"https\",\"status\":\"mocked\"},{\"name\":\"net\",\"status\":\"mocked\"}]"}}
[debug] [2024-07-19T12:19:30.819Z] [runtime-status] [5944] Resolved module firebase-functions {"declared":true,"installed":true,"version":"5.0.1","resolution":"D:\\MyDownloads\\React\\demo24\\functions\\node_modules\\firebase-functions\\lib\\v1\\index.js"} {"metadata":{"emulator":{"name":"functions"},"function":{"name":"us-central1-api"},"extension":{},"message":"[runtime-status] [5944] Resolved module firebase-functions {\"declared\":true,\"installed\":true,\"version\":\"5.0.1\",\"resolution\":\"D:\\\\MyDownloads\\\\React\\\\demo24\\\\functions\\\\node_modules\\\\firebase-functions\\\\lib\\\\v1\\\\index.js\"}"}}
[debug] [2024-07-19T12:19:31.110Z] [runtime-status] [5944] Checked functions.config() {"config":{}} {"metadata":{"emulator":{"name":"functions"},"function":{"name":"us-central1-api"},"extension":{},"message":"[runtime-status] [5944] Checked functions.config() {\"config\":{}}"}}
[debug] [2024-07-19T12:19:31.111Z] [runtime-status] [5944] firebase-functions has been stubbed. {"functionsResolution":{"declared":true,"installed":true,"version":"5.0.1","resolution":"D:\\MyDownloads\\React\\demo24\\functions\\node_modules\\firebase-functions\\lib\\v1\\index.js"}} {"metadata":{"emulator":{"name":"functions"},"function":{"name":"us-central1-api"},"extension":{},"message":"[runtime-status] [5944] firebase-functions has been stubbed. {\"functionsResolution\":{\"declared\":true,\"installed\":true,\"version\":\"5.0.1\",\"resolution\":\"D:\\\\MyDownloads\\\\React\\\\demo24\\\\functions\\\\node_modules\\\\firebase-functions\\\\lib\\\\v1\\\\index.js\"}}"}}
[debug] [2024-07-19T12:19:31.111Z] [runtime-status] [5944] Resolved module firebase-functions {"declared":true,"installed":true,"version":"5.0.1","resolution":"D:\\MyDownloads\\React\\demo24\\functions\\node_modules\\firebase-functions\\lib\\v1\\index.js"} {"metadata":{"emulator":{"name":"functions"},"function":{"name":"us-central1-api"},"extension":{},"message":"[runtime-status] [5944] Resolved module firebase-functions {\"declared\":true,\"installed\":true,\"version\":\"5.0.1\",\"resolution\":\"D:\\\\MyDownloads\\\\React\\\\demo24\\\\functions\\\\node_modules\\\\firebase-functions\\\\lib\\\\v1\\\\index.js\"}"}}
[debug] [2024-07-19T12:19:31.112Z] [runtime-status] [5944] Resolved module firebase-admin {"declared":true,"installed":true,"version":"12.2.0","resolution":"D:\\MyDownloads\\React\\demo24\\functions\\node_modules\\firebase-admin\\lib\\index.js"} {"metadata":{"emulator":{"name":"functions"},"function":{"name":"us-central1-api"},"extension":{},"message":"[runtime-status] [5944] Resolved module firebase-admin {\"declared\":true,\"installed\":true,\"version\":\"12.2.0\",\"resolution\":\"D:\\\\MyDownloads\\\\React\\\\demo24\\\\functions\\\\node_modules\\\\firebase-admin\\\\lib\\\\index.js\"}"}}
[debug] [2024-07-19T12:19:31.115Z] [runtime-status] [5944] Resolved module firebase-functions {"declared":true,"installed":true,"version":"5.0.1","resolution":"D:\\MyDownloads\\React\\demo24\\functions\\node_modules\\firebase-functions\\lib\\v1\\index.js"} {"metadata":{"emulator":{"name":"functions"},"function":{"name":"us-central1-api"},"extension":{},"message":"[runtime-status] [5944] Resolved module firebase-functions {\"declared\":true,\"installed\":true,\"version\":\"5.0.1\",\"resolution\":\"D:\\\\MyDownloads\\\\React\\\\demo24\\\\functions\\\\node_modules\\\\firebase-functions\\\\lib\\\\v1\\\\index.js\"}"}}
[debug] [2024-07-19T12:19:31.115Z] [runtime-status] [5944] firebase-admin has been stubbed. {"adminResolution":{"declared":true,"installed":true,"version":"12.2.0","resolution":"D:\\MyDownloads\\React\\demo24\\functions\\node_modules\\firebase-admin\\lib\\index.js"}} {"metadata":{"emulator":{"name":"functions"},"function":{"name":"us-central1-api"},"extension":{},"message":"[runtime-status] [5944] firebase-admin has been stubbed. {\"adminResolution\":{\"declared\":true,\"installed\":true,\"version\":\"12.2.0\",\"resolution\":\"D:\\\\MyDownloads\\\\React\\\\demo24\\\\functions\\\\node_modules\\\\firebase-admin\\\\lib\\\\index.js\"}}"}}
[debug] [2024-07-19T12:19:31.309Z] [runtime-status] [5944] Functions runtime initialized. {"cwd":"D:\\MyDownloads\\React\\demo24\\functions","node_version":"20.13.1"} {"metadata":{"emulator":{"name":"functions"},"function":{"name":"us-central1-api"},"extension":{},"message":"[runtime-status] [5944] Functions runtime initialized. {\"cwd\":\"D:\\\\MyDownloads\\\\React\\\\demo24\\\\functions\",\"node_version\":\"20.13.1\"}"}}
[info] >  node:events:497 {"user":"node:events:497\r","metadata":{"emulator":{"name":"functions"},"function":{"name":"us-central1-api"},"extension":{},"message":"\u001b[90m> \u001b[39m node:events:497\r"}}
[info] >        throw er; // Unhandled 'error' event {"user":"      throw er; // Unhandled 'error' event\r","metadata":{"emulator":{"name":"functions"},"function":{"name":"us-central1-api"},"extension":{},"message":"\u001b[90m> \u001b[39m       throw er; // Unhandled 'error' event\r"}}
[info] >        ^ {"user":"      ^\r","metadata":{"emulator":{"name":"functions"},"function":{"name":"us-central1-api"},"extension":{},"message":"\u001b[90m> \u001b[39m       ^\r"}}
[info] >   {"user":"\r","metadata":{"emulator":{"name":"functions"},"function":{"name":"us-central1-api"},"extension":{},"message":"\u001b[90m> \u001b[39m \r"}}
[info] >  Error: listen EADDRINUSE: address already in use :::5000 {"user":"Error: listen EADDRINUSE: address already in use :::5000\r","metadata":{"emulator":{"name":"functions"},"function":{"name":"us-central1-api"},"extension":{},"message":"\u001b[90m> \u001b[39m Error: listen EADDRINUSE: address already in use :::5000\r"}}
[info] >      at Server.setupListenHandle [as _listen2] (node:net:1898:16) {"user":"    at Server.setupListenHandle [as _listen2] (node:net:1898:16)\r","metadata":{"emulator":{"name":"functions"},"function":{"name":"us-central1-api"},"extension":{},"message":"\u001b[90m> \u001b[39m     at Server.setupListenHandle [as _listen2] (node:net:1898:16)\r"}}
[info] >      at listenInCluster (node:net:1946:12) {"user":"    at listenInCluster (node:net:1946:12)\r","metadata":{"emulator":{"name":"functions"},"function":{"name":"us-central1-api"},"extension":{},"message":"\u001b[90m> \u001b[39m     at listenInCluster (node:net:1946:12)\r"}}
[info] >      at Server.listen (node:net:2044:7) {"user":"    at Server.listen (node:net:2044:7)\r","metadata":{"emulator":{"name":"functions"},"function":{"name":"us-central1-api"},"extension":{},"message":"\u001b[90m> \u001b[39m     at Server.listen (node:net:2044:7)\r"}}
[info] >      at Function.listen (D:\MyDownloads\React\demo24\functions\node_modules\express\lib\application.js:635:24) {"user":"    at Function.listen (D:\\MyDownloads\\React\\demo24\\functions\\node_modules\\express\\lib\\application.js:635:24)\r","metadata":{"emulator":{"name":"functions"},"function":{"name":"us-central1-api"},"extension":{},"message":"\u001b[90m> \u001b[39m     at Function.listen (D:\\MyDownloads\\React\\demo24\\functions\\node_modules\\express\\lib\\application.js:635:24)\r"}}
[info] >      at Object.<anonymous> (D:\MyDownloads\React\demo24\functions\index.js:37:5) {"user":"    at Object.<anonymous> (D:\\MyDownloads\\React\\demo24\\functions\\index.js:37:5)\r","metadata":{"emulator":{"name":"functions"},"function":{"name":"us-central1-api"},"extension":{},"message":"\u001b[90m> \u001b[39m     at Object.<anonymous> (D:\\MyDownloads\\React\\demo24\\functions\\index.js:37:5)\r"}}
[info] >      at Module._compile (node:internal/modules/cjs/loader:1358:14) {"user":"    at Module._compile (node:internal/modules/cjs/loader:1358:14)\r","metadata":{"emulator":{"name":"functions"},"function":{"name":"us-central1-api"},"extension":{},"message":"\u001b[90m> \u001b[39m     at Module._compile (node:internal/modules/cjs/loader:1358:14)\r"}}
[info] >      at Module._extensions..js (node:internal/modules/cjs/loader:1416:10) {"user":"    at Module._extensions..js (node:internal/modules/cjs/loader:1416:10)\r","metadata":{"emulator":{"name":"functions"},"function":{"name":"us-central1-api"},"extension":{},"message":"\u001b[90m> \u001b[39m     at Module._extensions..js (node:internal/modules/cjs/loader:1416:10)\r"}}
[info] >      at Module.load (node:internal/modules/cjs/loader:1208:32) {"user":"    at Module.load (node:internal/modules/cjs/loader:1208:32)\r","metadata":{"emulator":{"name":"functions"},"function":{"name":"us-central1-api"},"extension":{},"message":"\u001b[90m> \u001b[39m     at Module.load (node:internal/modules/cjs/loader:1208:32)\r"}}
[info] >      at Module._load (node:internal/modules/cjs/loader:1024:12) {"user":"    at Module._load (node:internal/modules/cjs/loader:1024:12)\r","metadata":{"emulator":{"name":"functions"},"function":{"name":"us-central1-api"},"extension":{},"message":"\u001b[90m> \u001b[39m     at Module._load (node:internal/modules/cjs/loader:1024:12)\r"}}
[info] >      at Module.require (node:internal/modules/cjs/loader:1233:19) {"user":"    at Module.require (node:internal/modules/cjs/loader:1233:19)\r","metadata":{"emulator":{"name":"functions"},"function":{"name":"us-central1-api"},"extension":{},"message":"\u001b[90m> \u001b[39m     at Module.require (node:internal/modules/cjs/loader:1233:19)\r"}}
[info] >  Emitted 'error' event on Server instance at: {"user":"Emitted 'error' event on Server instance at:\r","metadata":{"emulator":{"name":"functions"},"function":{"name":"us-central1-api"},"extension":{},"message":"\u001b[90m> \u001b[39m Emitted 'error' event on Server instance at:\r"}}
[info] >      at emitErrorNT (node:net:1925:8) {"user":"    at emitErrorNT (node:net:1925:8)\r","metadata":{"emulator":{"name":"functions"},"function":{"name":"us-central1-api"},"extension":{},"message":"\u001b[90m> \u001b[39m     at emitErrorNT (node:net:1925:8)\r"}}
[info] >      at process.processTicksAndRejections (node:internal/process/task_queues:82:21) { {"user":"    at process.processTicksAndRejections (node:internal/process/task_queues:82:21) {\r","metadata":{"emulator":{"name":"functions"},"function":{"name":"us-central1-api"},"extension":{},"message":"\u001b[90m> \u001b[39m     at process.processTicksAndRejections (node:internal/process/task_queues:82:21) {\r"}}
[info] >    code: 'EADDRINUSE', {"user":"  code: 'EADDRINUSE',\r","metadata":{"emulator":{"name":"functions"},"function":{"name":"us-central1-api"},"extension":{},"message":"\u001b[90m> \u001b[39m   code: 'EADDRINUSE',\r"}}
[info] >    errno: -4091, {"user":"  errno: -4091,\r","metadata":{"emulator":{"name":"functions"},"function":{"name":"us-central1-api"},"extension":{},"message":"\u001b[90m> \u001b[39m   errno: -4091,\r"}}
[info] >    syscall: 'listen', {"user":"  syscall: 'listen',\r","metadata":{"emulator":{"name":"functions"},"function":{"name":"us-central1-api"},"extension":{},"message":"\u001b[90m> \u001b[39m   syscall: 'listen',\r"}}
[info] >    address: '::', {"user":"  address: '::',\r","metadata":{"emulator":{"name":"functions"},"function":{"name":"us-central1-api"},"extension":{},"message":"\u001b[90m> \u001b[39m   address: '::',\r"}}
[info] >    port: 5000 {"user":"  port: 5000\r","metadata":{"emulator":{"name":"functions"},"function":{"name":"us-central1-api"},"extension":{},"message":"\u001b[90m> \u001b[39m   port: 5000\r"}}
[info] >  } {"user":"}\r","metadata":{"emulator":{"name":"functions"},"function":{"name":"us-central1-api"},"extension":{},"message":"\u001b[90m> \u001b[39m }\r"}}
[info] >   {"user":"\r","metadata":{"emulator":{"name":"functions"},"function":{"name":"us-central1-api"},"extension":{},"message":"\u001b[90m> \u001b[39m \r"}}
[info] >  Node.js v20.13.1 {"user":"Node.js v20.13.1\r","metadata":{"emulator":{"name":"functions"},"function":{"name":"us-central1-api"},"extension":{},"message":"\u001b[90m> \u001b[39m Node.js v20.13.1\r"}}
[debug] [2024-07-19T12:19:31.329Z] [worker-us-central1-api-cf8bb4d1-2859-4eec-83e1-2bb7e287eeae]: exited {"metadata":{"emulator":{"name":"functions"},"function":{"name":"us-central1-api"},"extension":{},"message":"[worker-us-central1-api-cf8bb4d1-2859-4eec-83e1-2bb7e287eeae]: exited"}}
[debug] [2024-07-19T12:19:31.330Z] [worker-us-central1-api-cf8bb4d1-2859-4eec-83e1-2bb7e287eeae]: FINISHED {"metadata":{"emulator":{"name":"functions"},"function":{"name":"us-central1-api"},"extension":{},"message":"[worker-us-central1-api-cf8bb4d1-2859-4eec-83e1-2bb7e287eeae]: FINISHED"}}
[error] !!  functions: Failed to handle request for function us-central1-api {"metadata":{"emulator":{"name":"functions"},"message":"Failed to handle request for function us-central1-api"}}
[error] !!  functions: Failed to start functions in D:\MyDownloads\React\demo24\functions: FirebaseError: Failed to load function. {"metadata":{"emulator":{"name":"functions"},"message":"Failed to start functions in D:\\MyDownloads\\React\\demo24\\functions: FirebaseError: Failed to load function."}}
[debug] [2024-07-19T12:19:59.335Z] [work-queue] {"queuedWork":[],"queueLength":0,"runningWork":[],"workRunningCount":0}
[debug] [2024-07-19T12:22:51.258Z] [work-queue] {"queuedWork":["/challenge-db720/us-central1/api/payments/create-2024-07-19T12:22:51.258Z"],"queueLength":1,"runningWork":[],"workRunningCount":0}
[debug] [2024-07-19T12:22:51.259Z] [work-queue] {"queuedWork":[],"queueLength":0,"runningWork":["/challenge-db720/us-central1/api/payments/create-2024-07-19T12:22:51.258Z"],"workRunningCount":1}
[debug] [2024-07-19T12:22:51.259Z] Accepted request POST /challenge-db720/us-central1/api/payments/create?total=2999 --> us-central1-api
[debug] [2024-07-19T12:22:51.259Z] [functions] Runtime ready! Sending request! {"metadata":{"emulator":{"name":"functions"},"message":"[functions] Runtime ready! Sending request!"}}
[debug] [2024-07-19T12:22:51.259Z] [functions] Got req.url=/challenge-db720/us-central1/api/payments/create?total=2999, mapping to path=/payments/create?total=2999 {"metadata":{"emulator":{"name":"functions"},"message":"[functions] Got req.url=/challenge-db720/us-central1/api/payments/create?total=2999, mapping to path=/payments/create?total=2999"}}
[debug] [2024-07-19T12:22:51.259Z] [worker-pool] Cleaned up workers for us-central1-api: 1 --> 0 {"metadata":{"emulator":{"name":"functions"},"message":"[worker-pool] Cleaned up workers for us-central1-api: 1 --> 0"}}
[debug] [2024-07-19T12:22:51.275Z] [worker-pool] addWorker(us-central1-api) {"metadata":{"emulator":{"name":"functions"},"message":"[worker-pool] addWorker(us-central1-api)"}}
[debug] [2024-07-19T12:22:51.276Z] [worker-pool] Adding worker with key us-central1-api, total=1 {"metadata":{"emulator":{"name":"functions"},"message":"[worker-pool] Adding worker with key us-central1-api, total=1"}}
[debug] [2024-07-19T12:22:52.826Z] [runtime-status] [10360] Resolved module firebase-admin {"declared":true,"installed":true,"version":"12.2.0","resolution":"D:\\MyDownloads\\React\\demo24\\functions\\node_modules\\firebase-admin\\lib\\index.js"} {"metadata":{"emulator":{"name":"functions"},"function":{"name":"us-central1-api"},"extension":{},"message":"[runtime-status] [10360] Resolved module firebase-admin {\"declared\":true,\"installed\":true,\"version\":\"12.2.0\",\"resolution\":\"D:\\\\MyDownloads\\\\React\\\\demo24\\\\functions\\\\node_modules\\\\firebase-admin\\\\lib\\\\index.js\"}"}}
[debug] [2024-07-19T12:22:52.829Z] [runtime-status] [10360] Resolved module firebase-functions {"declared":true,"installed":true,"version":"5.0.1","resolution":"D:\\MyDownloads\\React\\demo24\\functions\\node_modules\\firebase-functions\\lib\\v1\\index.js"} {"metadata":{"emulator":{"name":"functions"},"function":{"name":"us-central1-api"},"extension":{},"message":"[runtime-status] [10360] Resolved module firebase-functions {\"declared\":true,\"installed\":true,\"version\":\"5.0.1\",\"resolution\":\"D:\\\\MyDownloads\\\\React\\\\demo24\\\\functions\\\\node_modules\\\\firebase-functions\\\\lib\\\\v1\\\\index.js\"}"}}
[debug] [2024-07-19T12:22:52.829Z] [runtime-status] [10360] Outgoing network have been stubbed. [{"name":"http","status":"mocked"},{"name":"http","status":"mocked"},{"name":"https","status":"mocked"},{"name":"https","status":"mocked"},{"name":"net","status":"mocked"}] {"metadata":{"emulator":{"name":"functions"},"function":{"name":"us-central1-api"},"extension":{},"message":"[runtime-status] [10360] Outgoing network have been stubbed. [{\"name\":\"http\",\"status\":\"mocked\"},{\"name\":\"http\",\"status\":\"mocked\"},{\"name\":\"https\",\"status\":\"mocked\"},{\"name\":\"https\",\"status\":\"mocked\"},{\"name\":\"net\",\"status\":\"mocked\"}]"}}
[debug] [2024-07-19T12:22:52.830Z] [runtime-status] [10360] Resolved module firebase-functions {"declared":true,"installed":true,"version":"5.0.1","resolution":"D:\\MyDownloads\\React\\demo24\\functions\\node_modules\\firebase-functions\\lib\\v1\\index.js"} {"metadata":{"emulator":{"name":"functions"},"function":{"name":"us-central1-api"},"extension":{},"message":"[runtime-status] [10360] Resolved module firebase-functions {\"declared\":true,\"installed\":true,\"version\":\"5.0.1\",\"resolution\":\"D:\\\\MyDownloads\\\\React\\\\demo24\\\\functions\\\\node_modules\\\\firebase-functions\\\\lib\\\\v1\\\\index.js\"}"}}
[debug] [2024-07-19T12:22:53.116Z] [runtime-status] [10360] Checked functions.config() {"config":{}} {"metadata":{"emulator":{"name":"functions"},"function":{"name":"us-central1-api"},"extension":{},"message":"[runtime-status] [10360] Checked functions.config() {\"config\":{}}"}}
[debug] [2024-07-19T12:22:53.116Z] [runtime-status] [10360] firebase-functions has been stubbed. {"functionsResolution":{"declared":true,"installed":true,"version":"5.0.1","resolution":"D:\\MyDownloads\\React\\demo24\\functions\\node_modules\\firebase-functions\\lib\\v1\\index.js"}} {"metadata":{"emulator":{"name":"functions"},"function":{"name":"us-central1-api"},"extension":{},"message":"[runtime-status] [10360] firebase-functions has been stubbed. {\"functionsResolution\":{\"declared\":true,\"installed\":true,\"version\":\"5.0.1\",\"resolution\":\"D:\\\\MyDownloads\\\\React\\\\demo24\\\\functions\\\\node_modules\\\\firebase-functions\\\\lib\\\\v1\\\\index.js\"}}"}}
[debug] [2024-07-19T12:22:53.117Z] [runtime-status] [10360] Resolved module firebase-functions {"declared":true,"installed":true,"version":"5.0.1","resolution":"D:\\MyDownloads\\React\\demo24\\functions\\node_modules\\firebase-functions\\lib\\v1\\index.js"} {"metadata":{"emulator":{"name":"functions"},"function":{"name":"us-central1-api"},"extension":{},"message":"[runtime-status] [10360] Resolved module firebase-functions {\"declared\":true,\"installed\":true,\"version\":\"5.0.1\",\"resolution\":\"D:\\\\MyDownloads\\\\React\\\\demo24\\\\functions\\\\node_modules\\\\firebase-functions\\\\lib\\\\v1\\\\index.js\"}"}}
[debug] [2024-07-19T12:22:53.118Z] [runtime-status] [10360] Resolved module firebase-admin {"declared":true,"installed":true,"version":"12.2.0","resolution":"D:\\MyDownloads\\React\\demo24\\functions\\node_modules\\firebase-admin\\lib\\index.js"} {"metadata":{"emulator":{"name":"functions"},"function":{"name":"us-central1-api"},"extension":{},"message":"[runtime-status] [10360] Resolved module firebase-admin {\"declared\":true,\"installed\":true,\"version\":\"12.2.0\",\"resolution\":\"D:\\\\MyDownloads\\\\React\\\\demo24\\\\functions\\\\node_modules\\\\firebase-admin\\\\lib\\\\index.js\"}"}}
[debug] [2024-07-19T12:22:53.121Z] [runtime-status] [10360] Resolved module firebase-functions {"declared":true,"installed":true,"version":"5.0.1","resolution":"D:\\MyDownloads\\React\\demo24\\functions\\node_modules\\firebase-functions\\lib\\v1\\index.js"} {"metadata":{"emulator":{"name":"functions"},"function":{"name":"us-central1-api"},"extension":{},"message":"[runtime-status] [10360] Resolved module firebase-functions {\"declared\":true,\"installed\":true,\"version\":\"5.0.1\",\"resolution\":\"D:\\\\MyDownloads\\\\React\\\\demo24\\\\functions\\\\node_modules\\\\firebase-functions\\\\lib\\\\v1\\\\index.js\"}"}}
[debug] [2024-07-19T12:22:53.121Z] [runtime-status] [10360] firebase-admin has been stubbed. {"adminResolution":{"declared":true,"installed":true,"version":"12.2.0","resolution":"D:\\MyDownloads\\React\\demo24\\functions\\node_modules\\firebase-admin\\lib\\index.js"}} {"metadata":{"emulator":{"name":"functions"},"function":{"name":"us-central1-api"},"extension":{},"message":"[runtime-status] [10360] firebase-admin has been stubbed. {\"adminResolution\":{\"declared\":true,\"installed\":true,\"version\":\"12.2.0\",\"resolution\":\"D:\\\\MyDownloads\\\\React\\\\demo24\\\\functions\\\\node_modules\\\\firebase-admin\\\\lib\\\\index.js\"}}"}}
[debug] [2024-07-19T12:22:53.325Z] [runtime-status] [10360] Functions runtime initialized. {"cwd":"D:\\MyDownloads\\React\\demo24\\functions","node_version":"20.13.1"} {"metadata":{"emulator":{"name":"functions"},"function":{"name":"us-central1-api"},"extension":{},"message":"[runtime-status] [10360] Functions runtime initialized. {\"cwd\":\"D:\\\\MyDownloads\\\\React\\\\demo24\\\\functions\",\"node_version\":\"20.13.1\"}"}}
[info] >  node:events:497 {"user":"node:events:497\r","metadata":{"emulator":{"name":"functions"},"function":{"name":"us-central1-api"},"extension":{},"message":"\u001b[90m> \u001b[39m node:events:497\r"}}
[info] >        throw er; // Unhandled 'error' event {"user":"      throw er; // Unhandled 'error' event\r","metadata":{"emulator":{"name":"functions"},"function":{"name":"us-central1-api"},"extension":{},"message":"\u001b[90m> \u001b[39m       throw er; // Unhandled 'error' event\r"}}
[info] >        ^ {"user":"      ^\r","metadata":{"emulator":{"name":"functions"},"function":{"name":"us-central1-api"},"extension":{},"message":"\u001b[90m> \u001b[39m       ^\r"}}
[info] >   {"user":"\r","metadata":{"emulator":{"name":"functions"},"function":{"name":"us-central1-api"},"extension":{},"message":"\u001b[90m> \u001b[39m \r"}}
[info] >  Error: listen EADDRINUSE: address already in use :::5000 {"user":"Error: listen EADDRINUSE: address already in use :::5000\r","metadata":{"emulator":{"name":"functions"},"function":{"name":"us-central1-api"},"extension":{},"message":"\u001b[90m> \u001b[39m Error: listen EADDRINUSE: address already in use :::5000\r"}}
[info] >      at Server.setupListenHandle [as _listen2] (node:net:1898:16) {"user":"    at Server.setupListenHandle [as _listen2] (node:net:1898:16)\r","metadata":{"emulator":{"name":"functions"},"function":{"name":"us-central1-api"},"extension":{},"message":"\u001b[90m> \u001b[39m     at Server.setupListenHandle [as _listen2] (node:net:1898:16)\r"}}
[info] >      at listenInCluster (node:net:1946:12) {"user":"    at listenInCluster (node:net:1946:12)\r","metadata":{"emulator":{"name":"functions"},"function":{"name":"us-central1-api"},"extension":{},"message":"\u001b[90m> \u001b[39m     at listenInCluster (node:net:1946:12)\r"}}
[info] >      at Server.listen (node:net:2044:7) {"user":"    at Server.listen (node:net:2044:7)\r","metadata":{"emulator":{"name":"functions"},"function":{"name":"us-central1-api"},"extension":{},"message":"\u001b[90m> \u001b[39m     at Server.listen (node:net:2044:7)\r"}}
[info] >      at Function.listen (D:\MyDownloads\React\demo24\functions\node_modules\express\lib\application.js:635:24) {"user":"    at Function.listen (D:\\MyDownloads\\React\\demo24\\functions\\node_modules\\express\\lib\\application.js:635:24)\r","metadata":{"emulator":{"name":"functions"},"function":{"name":"us-central1-api"},"extension":{},"message":"\u001b[90m> \u001b[39m     at Function.listen (D:\\MyDownloads\\React\\demo24\\functions\\node_modules\\express\\lib\\application.js:635:24)\r"}}
[info] >      at Object.<anonymous> (D:\MyDownloads\React\demo24\functions\index.js:37:5) {"user":"    at Object.<anonymous> (D:\\MyDownloads\\React\\demo24\\functions\\index.js:37:5)\r","metadata":{"emulator":{"name":"functions"},"function":{"name":"us-central1-api"},"extension":{},"message":"\u001b[90m> \u001b[39m     at Object.<anonymous> (D:\\MyDownloads\\React\\demo24\\functions\\index.js:37:5)\r"}}
[info] >      at Module._compile (node:internal/modules/cjs/loader:1358:14) {"user":"    at Module._compile (node:internal/modules/cjs/loader:1358:14)\r","metadata":{"emulator":{"name":"functions"},"function":{"name":"us-central1-api"},"extension":{},"message":"\u001b[90m> \u001b[39m     at Module._compile (node:internal/modules/cjs/loader:1358:14)\r"}}
[info] >      at Module._extensions..js (node:internal/modules/cjs/loader:1416:10) {"user":"    at Module._extensions..js (node:internal/modules/cjs/loader:1416:10)\r","metadata":{"emulator":{"name":"functions"},"function":{"name":"us-central1-api"},"extension":{},"message":"\u001b[90m> \u001b[39m     at Module._extensions..js (node:internal/modules/cjs/loader:1416:10)\r"}}
[info] >      at Module.load (node:internal/modules/cjs/loader:1208:32) {"user":"    at Module.load (node:internal/modules/cjs/loader:1208:32)\r","metadata":{"emulator":{"name":"functions"},"function":{"name":"us-central1-api"},"extension":{},"message":"\u001b[90m> \u001b[39m     at Module.load (node:internal/modules/cjs/loader:1208:32)\r"}}
[info] >      at Module._load (node:internal/modules/cjs/loader:1024:12) {"user":"    at Module._load (node:internal/modules/cjs/loader:1024:12)\r","metadata":{"emulator":{"name":"functions"},"function":{"name":"us-central1-api"},"extension":{},"message":"\u001b[90m> \u001b[39m     at Module._load (node:internal/modules/cjs/loader:1024:12)\r"}}
[info] >      at Module.require (node:internal/modules/cjs/loader:1233:19) {"user":"    at Module.require (node:internal/modules/cjs/loader:1233:19)\r","metadata":{"emulator":{"name":"functions"},"function":{"name":"us-central1-api"},"extension":{},"message":"\u001b[90m> \u001b[39m     at Module.require (node:internal/modules/cjs/loader:1233:19)\r"}}
[info] >  Emitted 'error' event on Server instance at: {"user":"Emitted 'error' event on Server instance at:\r","metadata":{"emulator":{"name":"functions"},"function":{"name":"us-central1-api"},"extension":{},"message":"\u001b[90m> \u001b[39m Emitted 'error' event on Server instance at:\r"}}
[info] >      at emitErrorNT (node:net:1925:8) {"user":"    at emitErrorNT (node:net:1925:8)\r","metadata":{"emulator":{"name":"functions"},"function":{"name":"us-central1-api"},"extension":{},"message":"\u001b[90m> \u001b[39m     at emitErrorNT (node:net:1925:8)\r"}}
[info] >      at process.processTicksAndRejections (node:internal/process/task_queues:82:21) { {"user":"    at process.processTicksAndRejections (node:internal/process/task_queues:82:21) {\r","metadata":{"emulator":{"name":"functions"},"function":{"name":"us-central1-api"},"extension":{},"message":"\u001b[90m> \u001b[39m     at process.processTicksAndRejections (node:internal/process/task_queues:82:21) {\r"}}
[info] >    code: 'EADDRINUSE', {"user":"  code: 'EADDRINUSE',\r","metadata":{"emulator":{"name":"functions"},"function":{"name":"us-central1-api"},"extension":{},"message":"\u001b[90m> \u001b[39m   code: 'EADDRINUSE',\r"}}
[info] >    errno: -4091, {"user":"  errno: -4091,\r","metadata":{"emulator":{"name":"functions"},"function":{"name":"us-central1-api"},"extension":{},"message":"\u001b[90m> \u001b[39m   errno: -4091,\r"}}
[info] >    syscall: 'listen', {"user":"  syscall: 'listen',\r","metadata":{"emulator":{"name":"functions"},"function":{"name":"us-central1-api"},"extension":{},"message":"\u001b[90m> \u001b[39m   syscall: 'listen',\r"}}
[info] >    address: '::', {"user":"  address: '::',\r","metadata":{"emulator":{"name":"functions"},"function":{"name":"us-central1-api"},"extension":{},"message":"\u001b[90m> \u001b[39m   address: '::',\r"}}
[info] >    port: 5000 {"user":"  port: 5000\r","metadata":{"emulator":{"name":"functions"},"function":{"name":"us-central1-api"},"extension":{},"message":"\u001b[90m> \u001b[39m   port: 5000\r"}}
[info] >  } {"user":"}\r","metadata":{"emulator":{"name":"functions"},"function":{"name":"us-central1-api"},"extension":{},"message":"\u001b[90m> \u001b[39m }\r"}}
[info] >   {"user":"\r","metadata":{"emulator":{"name":"functions"},"function":{"name":"us-central1-api"},"extension":{},"message":"\u001b[90m> \u001b[39m \r"}}
[info] >  Node.js v20.13.1 {"user":"Node.js v20.13.1\r","metadata":{"emulator":{"name":"functions"},"function":{"name":"us-central1-api"},"extension":{},"message":"\u001b[90m> \u001b[39m Node.js v20.13.1\r"}}
[error] !!  functions: Failed to handle request for function us-central1-api {"metadata":{"emulator":{"name":"functions"},"message":"Failed to handle request for function us-central1-api"}}
[error] !!  functions: Failed to start functions in D:\MyDownloads\React\demo24\functions: Error: socket hang up {"metadata":{"emulator":{"name":"functions"},"message":"Failed to start functions in D:\\MyDownloads\\React\\demo24\\functions: Error: socket hang up"}}
[debug] [2024-07-19T12:22:53.343Z] [work-queue] {"queuedWork":[],"queueLength":0,"runningWork":[],"workRunningCount":0}
[debug] [2024-07-19T12:22:53.349Z] [worker-us-central1-api-42aecce6-7079-4e4e-ada3-8747db9b0d04]: exited {"metadata":{"emulator":{"name":"functions"},"function":{"name":"us-central1-api"},"extension":{},"message":"[worker-us-central1-api-42aecce6-7079-4e4e-ada3-8747db9b0d04]: exited"}}
[debug] [2024-07-19T12:22:53.349Z] [worker-us-central1-api-42aecce6-7079-4e4e-ada3-8747db9b0d04]: FINISHED {"metadata":{"emulator":{"name":"functions"},"function":{"name":"us-central1-api"},"extension":{},"message":"[worker-us-central1-api-42aecce6-7079-4e4e-ada3-8747db9b0d04]: FINISHED"}}
[debug] [2024-07-19T12:28:08.234Z] [work-queue] {"queuedWork":["/challenge-db720/us-central1/api/payments/create-2024-07-19T12:28:08.234Z"],"queueLength":1,"runningWork":[],"workRunningCount":0}
[debug] [2024-07-19T12:28:08.234Z] [work-queue] {"queuedWork":[],"queueLength":0,"runningWork":["/challenge-db720/us-central1/api/payments/create-2024-07-19T12:28:08.234Z"],"workRunningCount":1}
[debug] [2024-07-19T12:28:08.235Z] Accepted request POST /challenge-db720/us-central1/api/payments/create?total=2999 --> us-central1-api
[debug] [2024-07-19T12:28:08.235Z] [functions] Runtime ready! Sending request! {"metadata":{"emulator":{"name":"functions"},"message":"[functions] Runtime ready! Sending request!"}}
[debug] [2024-07-19T12:28:08.235Z] [functions] Got req.url=/challenge-db720/us-central1/api/payments/create?total=2999, mapping to path=/payments/create?total=2999 {"metadata":{"emulator":{"name":"functions"},"message":"[functions] Got req.url=/challenge-db720/us-central1/api/payments/create?total=2999, mapping to path=/payments/create?total=2999"}}
[debug] [2024-07-19T12:28:08.235Z] [worker-pool] Cleaned up workers for us-central1-api: 1 --> 0 {"metadata":{"emulator":{"name":"functions"},"message":"[worker-pool] Cleaned up workers for us-central1-api: 1 --> 0"}}
[debug] [2024-07-19T12:28:08.254Z] [worker-pool] addWorker(us-central1-api) {"metadata":{"emulator":{"name":"functions"},"message":"[worker-pool] addWorker(us-central1-api)"}}
[debug] [2024-07-19T12:28:08.254Z] [worker-pool] Adding worker with key us-central1-api, total=1 {"metadata":{"emulator":{"name":"functions"},"message":"[worker-pool] Adding worker with key us-central1-api, total=1"}}
[debug] [2024-07-19T12:28:09.807Z] [runtime-status] [22160] Resolved module firebase-admin {"declared":true,"installed":true,"version":"12.2.0","resolution":"D:\\MyDownloads\\React\\demo24\\functions\\node_modules\\firebase-admin\\lib\\index.js"} {"metadata":{"emulator":{"name":"functions"},"function":{"name":"us-central1-api"},"extension":{},"message":"[runtime-status] [22160] Resolved module firebase-admin {\"declared\":true,\"installed\":true,\"version\":\"12.2.0\",\"resolution\":\"D:\\\\MyDownloads\\\\React\\\\demo24\\\\functions\\\\node_modules\\\\firebase-admin\\\\lib\\\\index.js\"}"}}
[debug] [2024-07-19T12:28:09.808Z] [runtime-status] [22160] Resolved module firebase-functions {"declared":true,"installed":true,"version":"5.0.1","resolution":"D:\\MyDownloads\\React\\demo24\\functions\\node_modules\\firebase-functions\\lib\\v1\\index.js"} {"metadata":{"emulator":{"name":"functions"},"function":{"name":"us-central1-api"},"extension":{},"message":"[runtime-status] [22160] Resolved module firebase-functions {\"declared\":true,\"installed\":true,\"version\":\"5.0.1\",\"resolution\":\"D:\\\\MyDownloads\\\\React\\\\demo24\\\\functions\\\\node_modules\\\\firebase-functions\\\\lib\\\\v1\\\\index.js\"}"}}
[debug] [2024-07-19T12:28:09.809Z] [runtime-status] [22160] Outgoing network have been stubbed. [{"name":"http","status":"mocked"},{"name":"http","status":"mocked"},{"name":"https","status":"mocked"},{"name":"https","status":"mocked"},{"name":"net","status":"mocked"}] {"metadata":{"emulator":{"name":"functions"},"function":{"name":"us-central1-api"},"extension":{},"message":"[runtime-status] [22160] Outgoing network have been stubbed. [{\"name\":\"http\",\"status\":\"mocked\"},{\"name\":\"http\",\"status\":\"mocked\"},{\"name\":\"https\",\"status\":\"mocked\"},{\"name\":\"https\",\"status\":\"mocked\"},{\"name\":\"net\",\"status\":\"mocked\"}]"}}
[debug] [2024-07-19T12:28:09.809Z] [runtime-status] [22160] Resolved module firebase-functions {"declared":true,"installed":true,"version":"5.0.1","resolution":"D:\\MyDownloads\\React\\demo24\\functions\\node_modules\\firebase-functions\\lib\\v1\\index.js"} {"metadata":{"emulator":{"name":"functions"},"function":{"name":"us-central1-api"},"extension":{},"message":"[runtime-status] [22160] Resolved module firebase-functions {\"declared\":true,\"installed\":true,\"version\":\"5.0.1\",\"resolution\":\"D:\\\\MyDownloads\\\\React\\\\demo24\\\\functions\\\\node_modules\\\\firebase-functions\\\\lib\\\\v1\\\\index.js\"}"}}
[debug] [2024-07-19T12:28:10.061Z] [runtime-status] [22160] Checked functions.config() {"config":{}} {"metadata":{"emulator":{"name":"functions"},"function":{"name":"us-central1-api"},"extension":{},"message":"[runtime-status] [22160] Checked functions.config() {\"config\":{}}"}}
[debug] [2024-07-19T12:28:10.061Z] [runtime-status] [22160] firebase-functions has been stubbed. {"functionsResolution":{"declared":true,"installed":true,"version":"5.0.1","resolution":"D:\\MyDownloads\\React\\demo24\\functions\\node_modules\\firebase-functions\\lib\\v1\\index.js"}} {"metadata":{"emulator":{"name":"functions"},"function":{"name":"us-central1-api"},"extension":{},"message":"[runtime-status] [22160] firebase-functions has been stubbed. {\"functionsResolution\":{\"declared\":true,\"installed\":true,\"version\":\"5.0.1\",\"resolution\":\"D:\\\\MyDownloads\\\\React\\\\demo24\\\\functions\\\\node_modules\\\\firebase-functions\\\\lib\\\\v1\\\\index.js\"}}"}}
[debug] [2024-07-19T12:28:10.062Z] [runtime-status] [22160] Resolved module firebase-functions {"declared":true,"installed":true,"version":"5.0.1","resolution":"D:\\MyDownloads\\React\\demo24\\functions\\node_modules\\firebase-functions\\lib\\v1\\index.js"} {"metadata":{"emulator":{"name":"functions"},"function":{"name":"us-central1-api"},"extension":{},"message":"[runtime-status] [22160] Resolved module firebase-functions {\"declared\":true,\"installed\":true,\"version\":\"5.0.1\",\"resolution\":\"D:\\\\MyDownloads\\\\React\\\\demo24\\\\functions\\\\node_modules\\\\firebase-functions\\\\lib\\\\v1\\\\index.js\"}"}}
[debug] [2024-07-19T12:28:10.063Z] [runtime-status] [22160] Resolved module firebase-admin {"declared":true,"installed":true,"version":"12.2.0","resolution":"D:\\MyDownloads\\React\\demo24\\functions\\node_modules\\firebase-admin\\lib\\index.js"} {"metadata":{"emulator":{"name":"functions"},"function":{"name":"us-central1-api"},"extension":{},"message":"[runtime-status] [22160] Resolved module firebase-admin {\"declared\":true,\"installed\":true,\"version\":\"12.2.0\",\"resolution\":\"D:\\\\MyDownloads\\\\React\\\\demo24\\\\functions\\\\node_modules\\\\firebase-admin\\\\lib\\\\index.js\"}"}}
[debug] [2024-07-19T12:28:10.066Z] [runtime-status] [22160] Resolved module firebase-functions {"declared":true,"installed":true,"version":"5.0.1","resolution":"D:\\MyDownloads\\React\\demo24\\functions\\node_modules\\firebase-functions\\lib\\v1\\index.js"} {"metadata":{"emulator":{"name":"functions"},"function":{"name":"us-central1-api"},"extension":{},"message":"[runtime-status] [22160] Resolved module firebase-functions {\"declared\":true,\"installed\":true,\"version\":\"5.0.1\",\"resolution\":\"D:\\\\MyDownloads\\\\React\\\\demo24\\\\functions\\\\node_modules\\\\firebase-functions\\\\lib\\\\v1\\\\index.js\"}"}}
[debug] [2024-07-19T12:28:10.066Z] [runtime-status] [22160] firebase-admin has been stubbed. {"adminResolution":{"declared":true,"installed":true,"version":"12.2.0","resolution":"D:\\MyDownloads\\React\\demo24\\functions\\node_modules\\firebase-admin\\lib\\index.js"}} {"metadata":{"emulator":{"name":"functions"},"function":{"name":"us-central1-api"},"extension":{},"message":"[runtime-status] [22160] firebase-admin has been stubbed. {\"adminResolution\":{\"declared\":true,\"installed\":true,\"version\":\"12.2.0\",\"resolution\":\"D:\\\\MyDownloads\\\\React\\\\demo24\\\\functions\\\\node_modules\\\\firebase-admin\\\\lib\\\\index.js\"}}"}}
[debug] [2024-07-19T12:28:10.249Z] [runtime-status] [22160] Functions runtime initialized. {"cwd":"D:\\MyDownloads\\React\\demo24\\functions","node_version":"20.13.1"} {"metadata":{"emulator":{"name":"functions"},"function":{"name":"us-central1-api"},"extension":{},"message":"[runtime-status] [22160] Functions runtime initialized. {\"cwd\":\"D:\\\\MyDownloads\\\\React\\\\demo24\\\\functions\",\"node_version\":\"20.13.1\"}"}}
[info] >  node:events:497 {"user":"node:events:497\r","metadata":{"emulator":{"name":"functions"},"function":{"name":"us-central1-api"},"extension":{},"message":"\u001b[90m> \u001b[39m node:events:497\r"}}
[info] >        throw er; // Unhandled 'error' event {"user":"      throw er; // Unhandled 'error' event\r","metadata":{"emulator":{"name":"functions"},"function":{"name":"us-central1-api"},"extension":{},"message":"\u001b[90m> \u001b[39m       throw er; // Unhandled 'error' event\r"}}
[info] >        ^ {"user":"      ^\r","metadata":{"emulator":{"name":"functions"},"function":{"name":"us-central1-api"},"extension":{},"message":"\u001b[90m> \u001b[39m       ^\r"}}
[info] >   {"user":"\r","metadata":{"emulator":{"name":"functions"},"function":{"name":"us-central1-api"},"extension":{},"message":"\u001b[90m> \u001b[39m \r"}}
[info] >  Error: listen EADDRINUSE: address already in use :::5000 {"user":"Error: listen EADDRINUSE: address already in use :::5000\r","metadata":{"emulator":{"name":"functions"},"function":{"name":"us-central1-api"},"extension":{},"message":"\u001b[90m> \u001b[39m Error: listen EADDRINUSE: address already in use :::5000\r"}}
[info] >      at Server.setupListenHandle [as _listen2] (node:net:1898:16) {"user":"    at Server.setupListenHandle [as _listen2] (node:net:1898:16)\r","metadata":{"emulator":{"name":"functions"},"function":{"name":"us-central1-api"},"extension":{},"message":"\u001b[90m> \u001b[39m     at Server.setupListenHandle [as _listen2] (node:net:1898:16)\r"}}
[info] >      at listenInCluster (node:net:1946:12) {"user":"    at listenInCluster (node:net:1946:12)\r","metadata":{"emulator":{"name":"functions"},"function":{"name":"us-central1-api"},"extension":{},"message":"\u001b[90m> \u001b[39m     at listenInCluster (node:net:1946:12)\r"}}
[info] >      at Server.listen (node:net:2044:7) {"user":"    at Server.listen (node:net:2044:7)\r","metadata":{"emulator":{"name":"functions"},"function":{"name":"us-central1-api"},"extension":{},"message":"\u001b[90m> \u001b[39m     at Server.listen (node:net:2044:7)\r"}}
[info] >      at Function.listen (D:\MyDownloads\React\demo24\functions\node_modules\express\lib\application.js:635:24) {"user":"    at Function.listen (D:\\MyDownloads\\React\\demo24\\functions\\node_modules\\express\\lib\\application.js:635:24)\r","metadata":{"emulator":{"name":"functions"},"function":{"name":"us-central1-api"},"extension":{},"message":"\u001b[90m> \u001b[39m     at Function.listen (D:\\MyDownloads\\React\\demo24\\functions\\node_modules\\express\\lib\\application.js:635:24)\r"}}
[info] >      at Object.<anonymous> (D:\MyDownloads\React\demo24\functions\index.js:37:5) {"user":"    at Object.<anonymous> (D:\\MyDownloads\\React\\demo24\\functions\\index.js:37:5)\r","metadata":{"emulator":{"name":"functions"},"function":{"name":"us-central1-api"},"extension":{},"message":"\u001b[90m> \u001b[39m     at Object.<anonymous> (D:\\MyDownloads\\React\\demo24\\functions\\index.js:37:5)\r"}}
[info] >      at Module._compile (node:internal/modules/cjs/loader:1358:14) {"user":"    at Module._compile (node:internal/modules/cjs/loader:1358:14)\r","metadata":{"emulator":{"name":"functions"},"function":{"name":"us-central1-api"},"extension":{},"message":"\u001b[90m> \u001b[39m     at Module._compile (node:internal/modules/cjs/loader:1358:14)\r"}}
[info] >      at Module._extensions..js (node:internal/modules/cjs/loader:1416:10) {"user":"    at Module._extensions..js (node:internal/modules/cjs/loader:1416:10)\r","metadata":{"emulator":{"name":"functions"},"function":{"name":"us-central1-api"},"extension":{},"message":"\u001b[90m> \u001b[39m     at Module._extensions..js (node:internal/modules/cjs/loader:1416:10)\r"}}
[info] >      at Module.load (node:internal/modules/cjs/loader:1208:32) {"user":"    at Module.load (node:internal/modules/cjs/loader:1208:32)\r","metadata":{"emulator":{"name":"functions"},"function":{"name":"us-central1-api"},"extension":{},"message":"\u001b[90m> \u001b[39m     at Module.load (node:internal/modules/cjs/loader:1208:32)\r"}}
[info] >      at Module._load (node:internal/modules/cjs/loader:1024:12) {"user":"    at Module._load (node:internal/modules/cjs/loader:1024:12)\r","metadata":{"emulator":{"name":"functions"},"function":{"name":"us-central1-api"},"extension":{},"message":"\u001b[90m> \u001b[39m     at Module._load (node:internal/modules/cjs/loader:1024:12)\r"}}
[info] >      at Module.require (node:internal/modules/cjs/loader:1233:19) {"user":"    at Module.require (node:internal/modules/cjs/loader:1233:19)\r","metadata":{"emulator":{"name":"functions"},"function":{"name":"us-central1-api"},"extension":{},"message":"\u001b[90m> \u001b[39m     at Module.require (node:internal/modules/cjs/loader:1233:19)\r"}}
[info] >  Emitted 'error' event on Server instance at: {"user":"Emitted 'error' event on Server instance at:\r","metadata":{"emulator":{"name":"functions"},"function":{"name":"us-central1-api"},"extension":{},"message":"\u001b[90m> \u001b[39m Emitted 'error' event on Server instance at:\r"}}
[info] >      at emitErrorNT (node:net:1925:8) {"user":"    at emitErrorNT (node:net:1925:8)\r","metadata":{"emulator":{"name":"functions"},"function":{"name":"us-central1-api"},"extension":{},"message":"\u001b[90m> \u001b[39m     at emitErrorNT (node:net:1925:8)\r"}}
[info] >      at process.processTicksAndRejections (node:internal/process/task_queues:82:21) { {"user":"    at process.processTicksAndRejections (node:internal/process/task_queues:82:21) {\r","metadata":{"emulator":{"name":"functions"},"function":{"name":"us-central1-api"},"extension":{},"message":"\u001b[90m> \u001b[39m     at process.processTicksAndRejections (node:internal/process/task_queues:82:21) {\r"}}
[info] >    code: 'EADDRINUSE', {"user":"  code: 'EADDRINUSE',\r","metadata":{"emulator":{"name":"functions"},"function":{"name":"us-central1-api"},"extension":{},"message":"\u001b[90m> \u001b[39m   code: 'EADDRINUSE',\r"}}
[info] >    errno: -4091, {"user":"  errno: -4091,\r","metadata":{"emulator":{"name":"functions"},"function":{"name":"us-central1-api"},"extension":{},"message":"\u001b[90m> \u001b[39m   errno: -4091,\r"}}
[info] >    syscall: 'listen', {"user":"  syscall: 'listen',\r","metadata":{"emulator":{"name":"functions"},"function":{"name":"us-central1-api"},"extension":{},"message":"\u001b[90m> \u001b[39m   syscall: 'listen',\r"}}
[info] >    address: '::', {"user":"  address: '::',\r","metadata":{"emulator":{"name":"functions"},"function":{"name":"us-central1-api"},"extension":{},"message":"\u001b[90m> \u001b[39m   address: '::',\r"}}
[info] >    port: 5000 {"user":"  port: 5000\r","metadata":{"emulator":{"name":"functions"},"function":{"name":"us-central1-api"},"extension":{},"message":"\u001b[90m> \u001b[39m   port: 5000\r"}}
[info] >  } {"user":"}\r","metadata":{"emulator":{"name":"functions"},"function":{"name":"us-central1-api"},"extension":{},"message":"\u001b[90m> \u001b[39m }\r"}}
[info] >   {"user":"\r","metadata":{"emulator":{"name":"functions"},"function":{"name":"us-central1-api"},"extension":{},"message":"\u001b[90m> \u001b[39m \r"}}
[info] >  Node.js v20.13.1 {"user":"Node.js v20.13.1\r","metadata":{"emulator":{"name":"functions"},"function":{"name":"us-central1-api"},"extension":{},"message":"\u001b[90m> \u001b[39m Node.js v20.13.1\r"}}
[debug] [2024-07-19T12:28:10.271Z] [worker-us-central1-api-b86111b6-4561-451b-9377-ebe6d8039c73]: exited {"metadata":{"emulator":{"name":"functions"},"function":{"name":"us-central1-api"},"extension":{},"message":"[worker-us-central1-api-b86111b6-4561-451b-9377-ebe6d8039c73]: exited"}}
[debug] [2024-07-19T12:28:10.272Z] [worker-us-central1-api-b86111b6-4561-451b-9377-ebe6d8039c73]: FINISHED {"metadata":{"emulator":{"name":"functions"},"function":{"name":"us-central1-api"},"extension":{},"message":"[worker-us-central1-api-b86111b6-4561-451b-9377-ebe6d8039c73]: FINISHED"}}
[error] !!  functions: Failed to handle request for function us-central1-api {"metadata":{"emulator":{"name":"functions"},"message":"Failed to handle request for function us-central1-api"}}
[error] !!  functions: Failed to start functions in D:\MyDownloads\React\demo24\functions: FirebaseError: Failed to load function. {"metadata":{"emulator":{"name":"functions"},"message":"Failed to start functions in D:\\MyDownloads\\React\\demo24\\functions: FirebaseError: Failed to load function."}}
[debug] [2024-07-19T12:28:38.262Z] [work-queue] {"queuedWork":[],"queueLength":0,"runningWork":[],"workRunningCount":0}
[debug] [2024-07-19T12:28:48.225Z] [work-queue] {"queuedWork":["/challenge-db720/us-central1/api/payments/create-2024-07-19T12:28:48.225Z"],"queueLength":1,"runningWork":[],"workRunningCount":0}
[debug] [2024-07-19T12:28:48.225Z] [work-queue] {"queuedWork":[],"queueLength":0,"runningWork":["/challenge-db720/us-central1/api/payments/create-2024-07-19T12:28:48.225Z"],"workRunningCount":1}
[debug] [2024-07-19T12:28:48.225Z] Accepted request POST /challenge-db720/us-central1/api/payments/create?total=2999 --> us-central1-api
[debug] [2024-07-19T12:28:48.226Z] [functions] Runtime ready! Sending request! {"metadata":{"emulator":{"name":"functions"},"message":"[functions] Runtime ready! Sending request!"}}
[debug] [2024-07-19T12:28:48.226Z] [functions] Got req.url=/challenge-db720/us-central1/api/payments/create?total=2999, mapping to path=/payments/create?total=2999 {"metadata":{"emulator":{"name":"functions"},"message":"[functions] Got req.url=/challenge-db720/us-central1/api/payments/create?total=2999, mapping to path=/payments/create?total=2999"}}
[debug] [2024-07-19T12:28:48.226Z] [worker-pool] Cleaned up workers for us-central1-api: 1 --> 0 {"metadata":{"emulator":{"name":"functions"},"message":"[worker-pool] Cleaned up workers for us-central1-api: 1 --> 0"}}
[debug] [2024-07-19T12:28:48.242Z] [worker-pool] addWorker(us-central1-api) {"metadata":{"emulator":{"name":"functions"},"message":"[worker-pool] addWorker(us-central1-api)"}}
[debug] [2024-07-19T12:28:48.242Z] [worker-pool] Adding worker with key us-central1-api, total=1 {"metadata":{"emulator":{"name":"functions"},"message":"[worker-pool] Adding worker with key us-central1-api, total=1"}}
[debug] [2024-07-19T12:28:49.854Z] [runtime-status] [4644] Resolved module firebase-admin {"declared":true,"installed":true,"version":"12.2.0","resolution":"D:\\MyDownloads\\React\\demo24\\functions\\node_modules\\firebase-admin\\lib\\index.js"} {"metadata":{"emulator":{"name":"functions"},"function":{"name":"us-central1-api"},"extension":{},"message":"[runtime-status] [4644] Resolved module firebase-admin {\"declared\":true,\"installed\":true,\"version\":\"12.2.0\",\"resolution\":\"D:\\\\MyDownloads\\\\React\\\\demo24\\\\functions\\\\node_modules\\\\firebase-admin\\\\lib\\\\index.js\"}"}}
[debug] [2024-07-19T12:28:49.856Z] [runtime-status] [4644] Resolved module firebase-functions {"declared":true,"installed":true,"version":"5.0.1","resolution":"D:\\MyDownloads\\React\\demo24\\functions\\node_modules\\firebase-functions\\lib\\v1\\index.js"} {"metadata":{"emulator":{"name":"functions"},"function":{"name":"us-central1-api"},"extension":{},"message":"[runtime-status] [4644] Resolved module firebase-functions {\"declared\":true,\"installed\":true,\"version\":\"5.0.1\",\"resolution\":\"D:\\\\MyDownloads\\\\React\\\\demo24\\\\functions\\\\node_modules\\\\firebase-functions\\\\lib\\\\v1\\\\index.js\"}"}}
[debug] [2024-07-19T12:28:49.856Z] [runtime-status] [4644] Outgoing network have been stubbed. [{"name":"http","status":"mocked"},{"name":"http","status":"mocked"},{"name":"https","status":"mocked"},{"name":"https","status":"mocked"},{"name":"net","status":"mocked"}] {"metadata":{"emulator":{"name":"functions"},"function":{"name":"us-central1-api"},"extension":{},"message":"[runtime-status] [4644] Outgoing network have been stubbed. [{\"name\":\"http\",\"status\":\"mocked\"},{\"name\":\"http\",\"status\":\"mocked\"},{\"name\":\"https\",\"status\":\"mocked\"},{\"name\":\"https\",\"status\":\"mocked\"},{\"name\":\"net\",\"status\":\"mocked\"}]"}}
[debug] [2024-07-19T12:28:49.856Z] [runtime-status] [4644] Resolved module firebase-functions {"declared":true,"installed":true,"version":"5.0.1","resolution":"D:\\MyDownloads\\React\\demo24\\functions\\node_modules\\firebase-functions\\lib\\v1\\index.js"} {"metadata":{"emulator":{"name":"functions"},"function":{"name":"us-central1-api"},"extension":{},"message":"[runtime-status] [4644] Resolved module firebase-functions {\"declared\":true,\"installed\":true,\"version\":\"5.0.1\",\"resolution\":\"D:\\\\MyDownloads\\\\React\\\\demo24\\\\functions\\\\node_modules\\\\firebase-functions\\\\lib\\\\v1\\\\index.js\"}"}}
[debug] [2024-07-19T12:28:50.135Z] [runtime-status] [4644] Checked functions.config() {"config":{}} {"metadata":{"emulator":{"name":"functions"},"function":{"name":"us-central1-api"},"extension":{},"message":"[runtime-status] [4644] Checked functions.config() {\"config\":{}}"}}
[debug] [2024-07-19T12:28:50.135Z] [runtime-status] [4644] firebase-functions has been stubbed. {"functionsResolution":{"declared":true,"installed":true,"version":"5.0.1","resolution":"D:\\MyDownloads\\React\\demo24\\functions\\node_modules\\firebase-functions\\lib\\v1\\index.js"}} {"metadata":{"emulator":{"name":"functions"},"function":{"name":"us-central1-api"},"extension":{},"message":"[runtime-status] [4644] firebase-functions has been stubbed. {\"functionsResolution\":{\"declared\":true,\"installed\":true,\"version\":\"5.0.1\",\"resolution\":\"D:\\\\MyDownloads\\\\React\\\\demo24\\\\functions\\\\node_modules\\\\firebase-functions\\\\lib\\\\v1\\\\index.js\"}}"}}
[debug] [2024-07-19T12:28:50.136Z] [runtime-status] [4644] Resolved module firebase-functions {"declared":true,"installed":true,"version":"5.0.1","resolution":"D:\\MyDownloads\\React\\demo24\\functions\\node_modules\\firebase-functions\\lib\\v1\\index.js"} {"metadata":{"emulator":{"name":"functions"},"function":{"name":"us-central1-api"},"extension":{},"message":"[runtime-status] [4644] Resolved module firebase-functions {\"declared\":true,\"installed\":true,\"version\":\"5.0.1\",\"resolution\":\"D:\\\\MyDownloads\\\\React\\\\demo24\\\\functions\\\\node_modules\\\\firebase-functions\\\\lib\\\\v1\\\\index.js\"}"}}
[debug] [2024-07-19T12:28:50.137Z] [runtime-status] [4644] Resolved module firebase-admin {"declared":true,"installed":true,"version":"12.2.0","resolution":"D:\\MyDownloads\\React\\demo24\\functions\\node_modules\\firebase-admin\\lib\\index.js"} {"metadata":{"emulator":{"name":"functions"},"function":{"name":"us-central1-api"},"extension":{},"message":"[runtime-status] [4644] Resolved module firebase-admin {\"declared\":true,\"installed\":true,\"version\":\"12.2.0\",\"resolution\":\"D:\\\\MyDownloads\\\\React\\\\demo24\\\\functions\\\\node_modules\\\\firebase-admin\\\\lib\\\\index.js\"}"}}
[debug] [2024-07-19T12:28:50.140Z] [runtime-status] [4644] Resolved module firebase-functions {"declared":true,"installed":true,"version":"5.0.1","resolution":"D:\\MyDownloads\\React\\demo24\\functions\\node_modules\\firebase-functions\\lib\\v1\\index.js"} {"metadata":{"emulator":{"name":"functions"},"function":{"name":"us-central1-api"},"extension":{},"message":"[runtime-status] [4644] Resolved module firebase-functions {\"declared\":true,\"installed\":true,\"version\":\"5.0.1\",\"resolution\":\"D:\\\\MyDownloads\\\\React\\\\demo24\\\\functions\\\\node_modules\\\\firebase-functions\\\\lib\\\\v1\\\\index.js\"}"}}
[debug] [2024-07-19T12:28:50.140Z] [runtime-status] [4644] firebase-admin has been stubbed. {"adminResolution":{"declared":true,"installed":true,"version":"12.2.0","resolution":"D:\\MyDownloads\\React\\demo24\\functions\\node_modules\\firebase-admin\\lib\\index.js"}} {"metadata":{"emulator":{"name":"functions"},"function":{"name":"us-central1-api"},"extension":{},"message":"[runtime-status] [4644] firebase-admin has been stubbed. {\"adminResolution\":{\"declared\":true,\"installed\":true,\"version\":\"12.2.0\",\"resolution\":\"D:\\\\MyDownloads\\\\React\\\\demo24\\\\functions\\\\node_modules\\\\firebase-admin\\\\lib\\\\index.js\"}}"}}
[debug] [2024-07-19T12:28:50.345Z] [runtime-status] [4644] Functions runtime initialized. {"cwd":"D:\\MyDownloads\\React\\demo24\\functions","node_version":"20.13.1"} {"metadata":{"emulator":{"name":"functions"},"function":{"name":"us-central1-api"},"extension":{},"message":"[runtime-status] [4644] Functions runtime initialized. {\"cwd\":\"D:\\\\MyDownloads\\\\React\\\\demo24\\\\functions\",\"node_version\":\"20.13.1\"}"}}
[info] >  node:events:497 {"user":"node:events:497\r","metadata":{"emulator":{"name":"functions"},"function":{"name":"us-central1-api"},"extension":{},"message":"\u001b[90m> \u001b[39m node:events:497\r"}}
[info] >        throw er; // Unhandled 'error' event {"user":"      throw er; // Unhandled 'error' event\r","metadata":{"emulator":{"name":"functions"},"function":{"name":"us-central1-api"},"extension":{},"message":"\u001b[90m> \u001b[39m       throw er; // Unhandled 'error' event\r"}}
[info] >        ^ {"user":"      ^\r","metadata":{"emulator":{"name":"functions"},"function":{"name":"us-central1-api"},"extension":{},"message":"\u001b[90m> \u001b[39m       ^\r"}}
[info] >   {"user":"\r","metadata":{"emulator":{"name":"functions"},"function":{"name":"us-central1-api"},"extension":{},"message":"\u001b[90m> \u001b[39m \r"}}
[info] >  Error: listen EADDRINUSE: address already in use :::5000 {"user":"Error: listen EADDRINUSE: address already in use :::5000\r","metadata":{"emulator":{"name":"functions"},"function":{"name":"us-central1-api"},"extension":{},"message":"\u001b[90m> \u001b[39m Error: listen EADDRINUSE: address already in use :::5000\r"}}
[info] >      at Server.setupListenHandle [as _listen2] (node:net:1898:16) {"user":"    at Server.setupListenHandle [as _listen2] (node:net:1898:16)\r","metadata":{"emulator":{"name":"functions"},"function":{"name":"us-central1-api"},"extension":{},"message":"\u001b[90m> \u001b[39m     at Server.setupListenHandle [as _listen2] (node:net:1898:16)\r"}}
[info] >      at listenInCluster (node:net:1946:12) {"user":"    at listenInCluster (node:net:1946:12)\r","metadata":{"emulator":{"name":"functions"},"function":{"name":"us-central1-api"},"extension":{},"message":"\u001b[90m> \u001b[39m     at listenInCluster (node:net:1946:12)\r"}}
[info] >      at Server.listen (node:net:2044:7) {"user":"    at Server.listen (node:net:2044:7)\r","metadata":{"emulator":{"name":"functions"},"function":{"name":"us-central1-api"},"extension":{},"message":"\u001b[90m> \u001b[39m     at Server.listen (node:net:2044:7)\r"}}
[info] >      at Function.listen (D:\MyDownloads\React\demo24\functions\node_modules\express\lib\application.js:635:24) {"user":"    at Function.listen (D:\\MyDownloads\\React\\demo24\\functions\\node_modules\\express\\lib\\application.js:635:24)\r","metadata":{"emulator":{"name":"functions"},"function":{"name":"us-central1-api"},"extension":{},"message":"\u001b[90m> \u001b[39m     at Function.listen (D:\\MyDownloads\\React\\demo24\\functions\\node_modules\\express\\lib\\application.js:635:24)\r"}}
[info] >      at Object.<anonymous> (D:\MyDownloads\React\demo24\functions\index.js:37:5) {"user":"    at Object.<anonymous> (D:\\MyDownloads\\React\\demo24\\functions\\index.js:37:5)\r","metadata":{"emulator":{"name":"functions"},"function":{"name":"us-central1-api"},"extension":{},"message":"\u001b[90m> \u001b[39m     at Object.<anonymous> (D:\\MyDownloads\\React\\demo24\\functions\\index.js:37:5)\r"}}
[info] >      at Module._compile (node:internal/modules/cjs/loader:1358:14) {"user":"    at Module._compile (node:internal/modules/cjs/loader:1358:14)\r","metadata":{"emulator":{"name":"functions"},"function":{"name":"us-central1-api"},"extension":{},"message":"\u001b[90m> \u001b[39m     at Module._compile (node:internal/modules/cjs/loader:1358:14)\r"}}
[info] >      at Module._extensions..js (node:internal/modules/cjs/loader:1416:10) {"user":"    at Module._extensions..js (node:internal/modules/cjs/loader:1416:10)\r","metadata":{"emulator":{"name":"functions"},"function":{"name":"us-central1-api"},"extension":{},"message":"\u001b[90m> \u001b[39m     at Module._extensions..js (node:internal/modules/cjs/loader:1416:10)\r"}}
[info] >      at Module.load (node:internal/modules/cjs/loader:1208:32) {"user":"    at Module.load (node:internal/modules/cjs/loader:1208:32)\r","metadata":{"emulator":{"name":"functions"},"function":{"name":"us-central1-api"},"extension":{},"message":"\u001b[90m> \u001b[39m     at Module.load (node:internal/modules/cjs/loader:1208:32)\r"}}
[info] >      at Module._load (node:internal/modules/cjs/loader:1024:12) {"user":"    at Module._load (node:internal/modules/cjs/loader:1024:12)\r","metadata":{"emulator":{"name":"functions"},"function":{"name":"us-central1-api"},"extension":{},"message":"\u001b[90m> \u001b[39m     at Module._load (node:internal/modules/cjs/loader:1024:12)\r"}}
[info] >      at Module.require (node:internal/modules/cjs/loader:1233:19) {"user":"    at Module.require (node:internal/modules/cjs/loader:1233:19)\r","metadata":{"emulator":{"name":"functions"},"function":{"name":"us-central1-api"},"extension":{},"message":"\u001b[90m> \u001b[39m     at Module.require (node:internal/modules/cjs/loader:1233:19)\r"}}
[info] >  Emitted 'error' event on Server instance at: {"user":"Emitted 'error' event on Server instance at:\r","metadata":{"emulator":{"name":"functions"},"function":{"name":"us-central1-api"},"extension":{},"message":"\u001b[90m> \u001b[39m Emitted 'error' event on Server instance at:\r"}}
[info] >      at emitErrorNT (node:net:1925:8) {"user":"    at emitErrorNT (node:net:1925:8)\r","metadata":{"emulator":{"name":"functions"},"function":{"name":"us-central1-api"},"extension":{},"message":"\u001b[90m> \u001b[39m     at emitErrorNT (node:net:1925:8)\r"}}
[info] >      at process.processTicksAndRejections (node:internal/process/task_queues:82:21) { {"user":"    at process.processTicksAndRejections (node:internal/process/task_queues:82:21) {\r","metadata":{"emulator":{"name":"functions"},"function":{"name":"us-central1-api"},"extension":{},"message":"\u001b[90m> \u001b[39m     at process.processTicksAndRejections (node:internal/process/task_queues:82:21) {\r"}}
[info] >    code: 'EADDRINUSE', {"user":"  code: 'EADDRINUSE',\r","metadata":{"emulator":{"name":"functions"},"function":{"name":"us-central1-api"},"extension":{},"message":"\u001b[90m> \u001b[39m   code: 'EADDRINUSE',\r"}}
[info] >    errno: -4091, {"user":"  errno: -4091,\r","metadata":{"emulator":{"name":"functions"},"function":{"name":"us-central1-api"},"extension":{},"message":"\u001b[90m> \u001b[39m   errno: -4091,\r"}}
[info] >    syscall: 'listen', {"user":"  syscall: 'listen',\r","metadata":{"emulator":{"name":"functions"},"function":{"name":"us-central1-api"},"extension":{},"message":"\u001b[90m> \u001b[39m   syscall: 'listen',\r"}}
[info] >    address: '::', {"user":"  address: '::',\r","metadata":{"emulator":{"name":"functions"},"function":{"name":"us-central1-api"},"extension":{},"message":"\u001b[90m> \u001b[39m   address: '::',\r"}}
[info] >    port: 5000 {"user":"  port: 5000\r","metadata":{"emulator":{"name":"functions"},"function":{"name":"us-central1-api"},"extension":{},"message":"\u001b[90m> \u001b[39m   port: 5000\r"}}
[info] >  } {"user":"}\r","metadata":{"emulator":{"name":"functions"},"function":{"name":"us-central1-api"},"extension":{},"message":"\u001b[90m> \u001b[39m }\r"}}
[info] >   {"user":"\r","metadata":{"emulator":{"name":"functions"},"function":{"name":"us-central1-api"},"extension":{},"message":"\u001b[90m> \u001b[39m \r"}}
[info] >  Node.js v20.13.1 {"user":"Node.js v20.13.1\r","metadata":{"emulator":{"name":"functions"},"function":{"name":"us-central1-api"},"extension":{},"message":"\u001b[90m> \u001b[39m Node.js v20.13.1\r"}}
[debug] [2024-07-19T12:28:50.365Z] [worker-us-central1-api-f220473a-3ad1-4815-a8b8-86bb37f60f1a]: exited {"metadata":{"emulator":{"name":"functions"},"function":{"name":"us-central1-api"},"extension":{},"message":"[worker-us-central1-api-f220473a-3ad1-4815-a8b8-86bb37f60f1a]: exited"}}
[debug] [2024-07-19T12:28:50.365Z] [worker-us-central1-api-f220473a-3ad1-4815-a8b8-86bb37f60f1a]: FINISHED {"metadata":{"emulator":{"name":"functions"},"function":{"name":"us-central1-api"},"extension":{},"message":"[worker-us-central1-api-f220473a-3ad1-4815-a8b8-86bb37f60f1a]: FINISHED"}}
[debug] [2024-07-19T12:29:15.191Z] [work-queue] {"queuedWork":["/challenge-db720/us-central1/api/payments/create-2024-07-19T12:29:15.191Z"],"queueLength":1,"runningWork":["/challenge-db720/us-central1/api/payments/create-2024-07-19T12:28:48.225Z"],"workRunningCount":1}
[debug] [2024-07-19T12:29:15.192Z] [work-queue] {"queuedWork":[],"queueLength":0,"runningWork":["/challenge-db720/us-central1/api/payments/create-2024-07-19T12:28:48.225Z","/challenge-db720/us-central1/api/payments/create-2024-07-19T12:29:15.191Z"],"workRunningCount":2}
[debug] [2024-07-19T12:29:15.192Z] Accepted request POST /challenge-db720/us-central1/api/payments/create?total=0 --> us-central1-api
[debug] [2024-07-19T12:29:15.192Z] [functions] Runtime ready! Sending request! {"metadata":{"emulator":{"name":"functions"},"message":"[functions] Runtime ready! Sending request!"}}
[debug] [2024-07-19T12:29:15.192Z] [functions] Got req.url=/challenge-db720/us-central1/api/payments/create?total=0, mapping to path=/payments/create?total=0 {"metadata":{"emulator":{"name":"functions"},"message":"[functions] Got req.url=/challenge-db720/us-central1/api/payments/create?total=0, mapping to path=/payments/create?total=0"}}
[debug] [2024-07-19T12:29:15.192Z] [worker-pool] Cleaned up workers for us-central1-api: 1 --> 0 {"metadata":{"emulator":{"name":"functions"},"message":"[worker-pool] Cleaned up workers for us-central1-api: 1 --> 0"}}
[debug] [2024-07-19T12:29:15.208Z] [worker-pool] addWorker(us-central1-api) {"metadata":{"emulator":{"name":"functions"},"message":"[worker-pool] addWorker(us-central1-api)"}}
[debug] [2024-07-19T12:29:15.208Z] [worker-pool] Adding worker with key us-central1-api, total=1 {"metadata":{"emulator":{"name":"functions"},"message":"[worker-pool] Adding worker with key us-central1-api, total=1"}}
[debug] [2024-07-19T12:29:16.957Z] [runtime-status] [13932] Resolved module firebase-admin {"declared":true,"installed":true,"version":"12.2.0","resolution":"D:\\MyDownloads\\React\\demo24\\functions\\node_modules\\firebase-admin\\lib\\index.js"} {"metadata":{"emulator":{"name":"functions"},"function":{"name":"us-central1-api"},"extension":{},"message":"[runtime-status] [13932] Resolved module firebase-admin {\"declared\":true,\"installed\":true,\"version\":\"12.2.0\",\"resolution\":\"D:\\\\MyDownloads\\\\React\\\\demo24\\\\functions\\\\node_modules\\\\firebase-admin\\\\lib\\\\index.js\"}"}}
[debug] [2024-07-19T12:29:16.959Z] [runtime-status] [13932] Resolved module firebase-functions {"declared":true,"installed":true,"version":"5.0.1","resolution":"D:\\MyDownloads\\React\\demo24\\functions\\node_modules\\firebase-functions\\lib\\v1\\index.js"} {"metadata":{"emulator":{"name":"functions"},"function":{"name":"us-central1-api"},"extension":{},"message":"[runtime-status] [13932] Resolved module firebase-functions {\"declared\":true,\"installed\":true,\"version\":\"5.0.1\",\"resolution\":\"D:\\\\MyDownloads\\\\React\\\\demo24\\\\functions\\\\node_modules\\\\firebase-functions\\\\lib\\\\v1\\\\index.js\"}"}}
[debug] [2024-07-19T12:29:16.959Z] [runtime-status] [13932] Outgoing network have been stubbed. [{"name":"http","status":"mocked"},{"name":"http","status":"mocked"},{"name":"https","status":"mocked"},{"name":"https","status":"mocked"},{"name":"net","status":"mocked"}] {"metadata":{"emulator":{"name":"functions"},"function":{"name":"us-central1-api"},"extension":{},"message":"[runtime-status] [13932] Outgoing network have been stubbed. [{\"name\":\"http\",\"status\":\"mocked\"},{\"name\":\"http\",\"status\":\"mocked\"},{\"name\":\"https\",\"status\":\"mocked\"},{\"name\":\"https\",\"status\":\"mocked\"},{\"name\":\"net\",\"status\":\"mocked\"}]"}}
[debug] [2024-07-19T12:29:16.960Z] [runtime-status] [13932] Resolved module firebase-functions {"declared":true,"installed":true,"version":"5.0.1","resolution":"D:\\MyDownloads\\React\\demo24\\functions\\node_modules\\firebase-functions\\lib\\v1\\index.js"} {"metadata":{"emulator":{"name":"functions"},"function":{"name":"us-central1-api"},"extension":{},"message":"[runtime-status] [13932] Resolved module firebase-functions {\"declared\":true,\"installed\":true,\"version\":\"5.0.1\",\"resolution\":\"D:\\\\MyDownloads\\\\React\\\\demo24\\\\functions\\\\node_modules\\\\firebase-functions\\\\lib\\\\v1\\\\index.js\"}"}}
[debug] [2024-07-19T12:29:17.252Z] [runtime-status] [13932] Checked functions.config() {"config":{}} {"metadata":{"emulator":{"name":"functions"},"function":{"name":"us-central1-api"},"extension":{},"message":"[runtime-status] [13932] Checked functions.config() {\"config\":{}}"}}
[debug] [2024-07-19T12:29:17.253Z] [runtime-status] [13932] firebase-functions has been stubbed. {"functionsResolution":{"declared":true,"installed":true,"version":"5.0.1","resolution":"D:\\MyDownloads\\React\\demo24\\functions\\node_modules\\firebase-functions\\lib\\v1\\index.js"}} {"metadata":{"emulator":{"name":"functions"},"function":{"name":"us-central1-api"},"extension":{},"message":"[runtime-status] [13932] firebase-functions has been stubbed. {\"functionsResolution\":{\"declared\":true,\"installed\":true,\"version\":\"5.0.1\",\"resolution\":\"D:\\\\MyDownloads\\\\React\\\\demo24\\\\functions\\\\node_modules\\\\firebase-functions\\\\lib\\\\v1\\\\index.js\"}}"}}
[debug] [2024-07-19T12:29:17.253Z] [runtime-status] [13932] Resolved module firebase-functions {"declared":true,"installed":true,"version":"5.0.1","resolution":"D:\\MyDownloads\\React\\demo24\\functions\\node_modules\\firebase-functions\\lib\\v1\\index.js"} {"metadata":{"emulator":{"name":"functions"},"function":{"name":"us-central1-api"},"extension":{},"message":"[runtime-status] [13932] Resolved module firebase-functions {\"declared\":true,\"installed\":true,\"version\":\"5.0.1\",\"resolution\":\"D:\\\\MyDownloads\\\\React\\\\demo24\\\\functions\\\\node_modules\\\\firebase-functions\\\\lib\\\\v1\\\\index.js\"}"}}
[debug] [2024-07-19T12:29:17.254Z] [runtime-status] [13932] Resolved module firebase-admin {"declared":true,"installed":true,"version":"12.2.0","resolution":"D:\\MyDownloads\\React\\demo24\\functions\\node_modules\\firebase-admin\\lib\\index.js"} {"metadata":{"emulator":{"name":"functions"},"function":{"name":"us-central1-api"},"extension":{},"message":"[runtime-status] [13932] Resolved module firebase-admin {\"declared\":true,\"installed\":true,\"version\":\"12.2.0\",\"resolution\":\"D:\\\\MyDownloads\\\\React\\\\demo24\\\\functions\\\\node_modules\\\\firebase-admin\\\\lib\\\\index.js\"}"}}
[debug] [2024-07-19T12:29:17.256Z] [runtime-status] [13932] Resolved module firebase-functions {"declared":true,"installed":true,"version":"5.0.1","resolution":"D:\\MyDownloads\\React\\demo24\\functions\\node_modules\\firebase-functions\\lib\\v1\\index.js"} {"metadata":{"emulator":{"name":"functions"},"function":{"name":"us-central1-api"},"extension":{},"message":"[runtime-status] [13932] Resolved module firebase-functions {\"declared\":true,\"installed\":true,\"version\":\"5.0.1\",\"resolution\":\"D:\\\\MyDownloads\\\\React\\\\demo24\\\\functions\\\\node_modules\\\\firebase-functions\\\\lib\\\\v1\\\\index.js\"}"}}
[debug] [2024-07-19T12:29:17.257Z] [runtime-status] [13932] firebase-admin has been stubbed. {"adminResolution":{"declared":true,"installed":true,"version":"12.2.0","resolution":"D:\\MyDownloads\\React\\demo24\\functions\\node_modules\\firebase-admin\\lib\\index.js"}} {"metadata":{"emulator":{"name":"functions"},"function":{"name":"us-central1-api"},"extension":{},"message":"[runtime-status] [13932] firebase-admin has been stubbed. {\"adminResolution\":{\"declared\":true,\"installed\":true,\"version\":\"12.2.0\",\"resolution\":\"D:\\\\MyDownloads\\\\React\\\\demo24\\\\functions\\\\node_modules\\\\firebase-admin\\\\lib\\\\index.js\"}}"}}
[debug] [2024-07-19T12:29:17.463Z] [runtime-status] [13932] Functions runtime initialized. {"cwd":"D:\\MyDownloads\\React\\demo24\\functions","node_version":"20.13.1"} {"metadata":{"emulator":{"name":"functions"},"function":{"name":"us-central1-api"},"extension":{},"message":"[runtime-status] [13932] Functions runtime initialized. {\"cwd\":\"D:\\\\MyDownloads\\\\React\\\\demo24\\\\functions\",\"node_version\":\"20.13.1\"}"}}
[info] >  node:events:497 {"user":"node:events:497\r","metadata":{"emulator":{"name":"functions"},"function":{"name":"us-central1-api"},"extension":{},"message":"\u001b[90m> \u001b[39m node:events:497\r"}}
[info] >        throw er; // Unhandled 'error' event {"user":"      throw er; // Unhandled 'error' event\r","metadata":{"emulator":{"name":"functions"},"function":{"name":"us-central1-api"},"extension":{},"message":"\u001b[90m> \u001b[39m       throw er; // Unhandled 'error' event\r"}}
[info] >        ^ {"user":"      ^\r","metadata":{"emulator":{"name":"functions"},"function":{"name":"us-central1-api"},"extension":{},"message":"\u001b[90m> \u001b[39m       ^\r"}}
[info] >   {"user":"\r","metadata":{"emulator":{"name":"functions"},"function":{"name":"us-central1-api"},"extension":{},"message":"\u001b[90m> \u001b[39m \r"}}
[info] >  Error: listen EADDRINUSE: address already in use :::5000 {"user":"Error: listen EADDRINUSE: address already in use :::5000\r","metadata":{"emulator":{"name":"functions"},"function":{"name":"us-central1-api"},"extension":{},"message":"\u001b[90m> \u001b[39m Error: listen EADDRINUSE: address already in use :::5000\r"}}
[info] >      at Server.setupListenHandle [as _listen2] (node:net:1898:16) {"user":"    at Server.setupListenHandle [as _listen2] (node:net:1898:16)\r","metadata":{"emulator":{"name":"functions"},"function":{"name":"us-central1-api"},"extension":{},"message":"\u001b[90m> \u001b[39m     at Server.setupListenHandle [as _listen2] (node:net:1898:16)\r"}}
[info] >      at listenInCluster (node:net:1946:12) {"user":"    at listenInCluster (node:net:1946:12)\r","metadata":{"emulator":{"name":"functions"},"function":{"name":"us-central1-api"},"extension":{},"message":"\u001b[90m> \u001b[39m     at listenInCluster (node:net:1946:12)\r"}}
[info] >      at Server.listen (node:net:2044:7) {"user":"    at Server.listen (node:net:2044:7)\r","metadata":{"emulator":{"name":"functions"},"function":{"name":"us-central1-api"},"extension":{},"message":"\u001b[90m> \u001b[39m     at Server.listen (node:net:2044:7)\r"}}
[info] >      at Function.listen (D:\MyDownloads\React\demo24\functions\node_modules\express\lib\application.js:635:24) {"user":"    at Function.listen (D:\\MyDownloads\\React\\demo24\\functions\\node_modules\\express\\lib\\application.js:635:24)\r","metadata":{"emulator":{"name":"functions"},"function":{"name":"us-central1-api"},"extension":{},"message":"\u001b[90m> \u001b[39m     at Function.listen (D:\\MyDownloads\\React\\demo24\\functions\\node_modules\\express\\lib\\application.js:635:24)\r"}}
[info] >      at Object.<anonymous> (D:\MyDownloads\React\demo24\functions\index.js:37:5) {"user":"    at Object.<anonymous> (D:\\MyDownloads\\React\\demo24\\functions\\index.js:37:5)\r","metadata":{"emulator":{"name":"functions"},"function":{"name":"us-central1-api"},"extension":{},"message":"\u001b[90m> \u001b[39m     at Object.<anonymous> (D:\\MyDownloads\\React\\demo24\\functions\\index.js:37:5)\r"}}
[info] >      at Module._compile (node:internal/modules/cjs/loader:1358:14) {"user":"    at Module._compile (node:internal/modules/cjs/loader:1358:14)\r","metadata":{"emulator":{"name":"functions"},"function":{"name":"us-central1-api"},"extension":{},"message":"\u001b[90m> \u001b[39m     at Module._compile (node:internal/modules/cjs/loader:1358:14)\r"}}
[info] >      at Module._extensions..js (node:internal/modules/cjs/loader:1416:10) {"user":"    at Module._extensions..js (node:internal/modules/cjs/loader:1416:10)\r","metadata":{"emulator":{"name":"functions"},"function":{"name":"us-central1-api"},"extension":{},"message":"\u001b[90m> \u001b[39m     at Module._extensions..js (node:internal/modules/cjs/loader:1416:10)\r"}}
[info] >      at Module.load (node:internal/modules/cjs/loader:1208:32) {"user":"    at Module.load (node:internal/modules/cjs/loader:1208:32)\r","metadata":{"emulator":{"name":"functions"},"function":{"name":"us-central1-api"},"extension":{},"message":"\u001b[90m> \u001b[39m     at Module.load (node:internal/modules/cjs/loader:1208:32)\r"}}
[info] >      at Module._load (node:internal/modules/cjs/loader:1024:12) {"user":"    at Module._load (node:internal/modules/cjs/loader:1024:12)\r","metadata":{"emulator":{"name":"functions"},"function":{"name":"us-central1-api"},"extension":{},"message":"\u001b[90m> \u001b[39m     at Module._load (node:internal/modules/cjs/loader:1024:12)\r"}}
[info] >      at Module.require (node:internal/modules/cjs/loader:1233:19) {"user":"    at Module.require (node:internal/modules/cjs/loader:1233:19)\r","metadata":{"emulator":{"name":"functions"},"function":{"name":"us-central1-api"},"extension":{},"message":"\u001b[90m> \u001b[39m     at Module.require (node:internal/modules/cjs/loader:1233:19)\r"}}
[info] >  Emitted 'error' event on Server instance at: {"user":"Emitted 'error' event on Server instance at:\r","metadata":{"emulator":{"name":"functions"},"function":{"name":"us-central1-api"},"extension":{},"message":"\u001b[90m> \u001b[39m Emitted 'error' event on Server instance at:\r"}}
[info] >      at emitErrorNT (node:net:1925:8) {"user":"    at emitErrorNT (node:net:1925:8)\r","metadata":{"emulator":{"name":"functions"},"function":{"name":"us-central1-api"},"extension":{},"message":"\u001b[90m> \u001b[39m     at emitErrorNT (node:net:1925:8)\r"}}
[info] >      at process.processTicksAndRejections (node:internal/process/task_queues:82:21) { {"user":"    at process.processTicksAndRejections (node:internal/process/task_queues:82:21) {\r","metadata":{"emulator":{"name":"functions"},"function":{"name":"us-central1-api"},"extension":{},"message":"\u001b[90m> \u001b[39m     at process.processTicksAndRejections (node:internal/process/task_queues:82:21) {\r"}}
[info] >    code: 'EADDRINUSE', {"user":"  code: 'EADDRINUSE',\r","metadata":{"emulator":{"name":"functions"},"function":{"name":"us-central1-api"},"extension":{},"message":"\u001b[90m> \u001b[39m   code: 'EADDRINUSE',\r"}}
[info] >    errno: -4091, {"user":"  errno: -4091,\r","metadata":{"emulator":{"name":"functions"},"function":{"name":"us-central1-api"},"extension":{},"message":"\u001b[90m> \u001b[39m   errno: -4091,\r"}}
[info] >    syscall: 'listen', {"user":"  syscall: 'listen',\r","metadata":{"emulator":{"name":"functions"},"function":{"name":"us-central1-api"},"extension":{},"message":"\u001b[90m> \u001b[39m   syscall: 'listen',\r"}}
[info] >    address: '::', {"user":"  address: '::',\r","metadata":{"emulator":{"name":"functions"},"function":{"name":"us-central1-api"},"extension":{},"message":"\u001b[90m> \u001b[39m   address: '::',\r"}}
[info] >    port: 5000 {"user":"  port: 5000\r","metadata":{"emulator":{"name":"functions"},"function":{"name":"us-central1-api"},"extension":{},"message":"\u001b[90m> \u001b[39m   port: 5000\r"}}
[info] >  } {"user":"}\r","metadata":{"emulator":{"name":"functions"},"function":{"name":"us-central1-api"},"extension":{},"message":"\u001b[90m> \u001b[39m }\r"}}
[info] >   {"user":"\r","metadata":{"emulator":{"name":"functions"},"function":{"name":"us-central1-api"},"extension":{},"message":"\u001b[90m> \u001b[39m \r"}}
[info] >  Node.js v20.13.1 {"user":"Node.js v20.13.1\r","metadata":{"emulator":{"name":"functions"},"function":{"name":"us-central1-api"},"extension":{},"message":"\u001b[90m> \u001b[39m Node.js v20.13.1\r"}}
[debug] [2024-07-19T12:29:17.486Z] [worker-us-central1-api-df0ca01a-6213-4ec4-add5-863aa833a5ea]: exited {"metadata":{"emulator":{"name":"functions"},"function":{"name":"us-central1-api"},"extension":{},"message":"[worker-us-central1-api-df0ca01a-6213-4ec4-add5-863aa833a5ea]: exited"}}
[debug] [2024-07-19T12:29:17.486Z] [worker-us-central1-api-df0ca01a-6213-4ec4-add5-863aa833a5ea]: FINISHED {"metadata":{"emulator":{"name":"functions"},"function":{"name":"us-central1-api"},"extension":{},"message":"[worker-us-central1-api-df0ca01a-6213-4ec4-add5-863aa833a5ea]: FINISHED"}}
[error] !!  functions: Failed to handle request for function us-central1-api {"metadata":{"emulator":{"name":"functions"},"message":"Failed to handle request for function us-central1-api"}}
[error] !!  functions: Failed to start functions in D:\MyDownloads\React\demo24\functions: FirebaseError: Failed to load function. {"metadata":{"emulator":{"name":"functions"},"message":"Failed to start functions in D:\\MyDownloads\\React\\demo24\\functions: FirebaseError: Failed to load function."}}
[debug] [2024-07-19T12:29:18.341Z] [work-queue] {"queuedWork":[],"queueLength":0,"runningWork":["/challenge-db720/us-central1/api/payments/create-2024-07-19T12:29:15.191Z"],"workRunningCount":1}
[debug] [2024-07-19T12:29:25.919Z] [work-queue] {"queuedWork":["/challenge-db720/us-central1/api/payments/create-2024-07-19T12:29:25.919Z"],"queueLength":1,"runningWork":["/challenge-db720/us-central1/api/payments/create-2024-07-19T12:29:15.191Z"],"workRunningCount":1}
[debug] [2024-07-19T12:29:25.920Z] [work-queue] {"queuedWork":[],"queueLength":0,"runningWork":["/challenge-db720/us-central1/api/payments/create-2024-07-19T12:29:15.191Z","/challenge-db720/us-central1/api/payments/create-2024-07-19T12:29:25.919Z"],"workRunningCount":2}
[debug] [2024-07-19T12:29:25.920Z] Accepted request POST /challenge-db720/us-central1/api/payments/create?total=26899 --> us-central1-api
[debug] [2024-07-19T12:29:25.920Z] [functions] Runtime ready! Sending request! {"metadata":{"emulator":{"name":"functions"},"message":"[functions] Runtime ready! Sending request!"}}
[debug] [2024-07-19T12:29:25.920Z] [functions] Got req.url=/challenge-db720/us-central1/api/payments/create?total=26899, mapping to path=/payments/create?total=26899 {"metadata":{"emulator":{"name":"functions"},"message":"[functions] Got req.url=/challenge-db720/us-central1/api/payments/create?total=26899, mapping to path=/payments/create?total=26899"}}
[debug] [2024-07-19T12:29:25.921Z] [worker-pool] Cleaned up workers for us-central1-api: 1 --> 0 {"metadata":{"emulator":{"name":"functions"},"message":"[worker-pool] Cleaned up workers for us-central1-api: 1 --> 0"}}
[debug] [2024-07-19T12:29:25.941Z] [worker-pool] addWorker(us-central1-api) {"metadata":{"emulator":{"name":"functions"},"message":"[worker-pool] addWorker(us-central1-api)"}}
[debug] [2024-07-19T12:29:25.941Z] [worker-pool] Adding worker with key us-central1-api, total=1 {"metadata":{"emulator":{"name":"functions"},"message":"[worker-pool] Adding worker with key us-central1-api, total=1"}}
[debug] [2024-07-19T12:29:27.488Z] [runtime-status] [21852] Resolved module firebase-admin {"declared":true,"installed":true,"version":"12.2.0","resolution":"D:\\MyDownloads\\React\\demo24\\functions\\node_modules\\firebase-admin\\lib\\index.js"} {"metadata":{"emulator":{"name":"functions"},"function":{"name":"us-central1-api"},"extension":{},"message":"[runtime-status] [21852] Resolved module firebase-admin {\"declared\":true,\"installed\":true,\"version\":\"12.2.0\",\"resolution\":\"D:\\\\MyDownloads\\\\React\\\\demo24\\\\functions\\\\node_modules\\\\firebase-admin\\\\lib\\\\index.js\"}"}}
[debug] [2024-07-19T12:29:27.490Z] [runtime-status] [21852] Resolved module firebase-functions {"declared":true,"installed":true,"version":"5.0.1","resolution":"D:\\MyDownloads\\React\\demo24\\functions\\node_modules\\firebase-functions\\lib\\v1\\index.js"} {"metadata":{"emulator":{"name":"functions"},"function":{"name":"us-central1-api"},"extension":{},"message":"[runtime-status] [21852] Resolved module firebase-functions {\"declared\":true,\"installed\":true,\"version\":\"5.0.1\",\"resolution\":\"D:\\\\MyDownloads\\\\React\\\\demo24\\\\functions\\\\node_modules\\\\firebase-functions\\\\lib\\\\v1\\\\index.js\"}"}}
[debug] [2024-07-19T12:29:27.491Z] [runtime-status] [21852] Outgoing network have been stubbed. [{"name":"http","status":"mocked"},{"name":"http","status":"mocked"},{"name":"https","status":"mocked"},{"name":"https","status":"mocked"},{"name":"net","status":"mocked"}] {"metadata":{"emulator":{"name":"functions"},"function":{"name":"us-central1-api"},"extension":{},"message":"[runtime-status] [21852] Outgoing network have been stubbed. [{\"name\":\"http\",\"status\":\"mocked\"},{\"name\":\"http\",\"status\":\"mocked\"},{\"name\":\"https\",\"status\":\"mocked\"},{\"name\":\"https\",\"status\":\"mocked\"},{\"name\":\"net\",\"status\":\"mocked\"}]"}}
[debug] [2024-07-19T12:29:27.493Z] [runtime-status] [21852] Resolved module firebase-functions {"declared":true,"installed":true,"version":"5.0.1","resolution":"D:\\MyDownloads\\React\\demo24\\functions\\node_modules\\firebase-functions\\lib\\v1\\index.js"} {"metadata":{"emulator":{"name":"functions"},"function":{"name":"us-central1-api"},"extension":{},"message":"[runtime-status] [21852] Resolved module firebase-functions {\"declared\":true,\"installed\":true,\"version\":\"5.0.1\",\"resolution\":\"D:\\\\MyDownloads\\\\React\\\\demo24\\\\functions\\\\node_modules\\\\firebase-functions\\\\lib\\\\v1\\\\index.js\"}"}}
[debug] [2024-07-19T12:29:27.797Z] [runtime-status] [21852] Checked functions.config() {"config":{}} {"metadata":{"emulator":{"name":"functions"},"function":{"name":"us-central1-api"},"extension":{},"message":"[runtime-status] [21852] Checked functions.config() {\"config\":{}}"}}
[debug] [2024-07-19T12:29:27.798Z] [runtime-status] [21852] firebase-functions has been stubbed. {"functionsResolution":{"declared":true,"installed":true,"version":"5.0.1","resolution":"D:\\MyDownloads\\React\\demo24\\functions\\node_modules\\firebase-functions\\lib\\v1\\index.js"}} {"metadata":{"emulator":{"name":"functions"},"function":{"name":"us-central1-api"},"extension":{},"message":"[runtime-status] [21852] firebase-functions has been stubbed. {\"functionsResolution\":{\"declared\":true,\"installed\":true,\"version\":\"5.0.1\",\"resolution\":\"D:\\\\MyDownloads\\\\React\\\\demo24\\\\functions\\\\node_modules\\\\firebase-functions\\\\lib\\\\v1\\\\index.js\"}}"}}
[debug] [2024-07-19T12:29:27.798Z] [runtime-status] [21852] Resolved module firebase-functions {"declared":true,"installed":true,"version":"5.0.1","resolution":"D:\\MyDownloads\\React\\demo24\\functions\\node_modules\\firebase-functions\\lib\\v1\\index.js"} {"metadata":{"emulator":{"name":"functions"},"function":{"name":"us-central1-api"},"extension":{},"message":"[runtime-status] [21852] Resolved module firebase-functions {\"declared\":true,\"installed\":true,\"version\":\"5.0.1\",\"resolution\":\"D:\\\\MyDownloads\\\\React\\\\demo24\\\\functions\\\\node_modules\\\\firebase-functions\\\\lib\\\\v1\\\\index.js\"}"}}
[debug] [2024-07-19T12:29:27.799Z] [runtime-status] [21852] Resolved module firebase-admin {"declared":true,"installed":true,"version":"12.2.0","resolution":"D:\\MyDownloads\\React\\demo24\\functions\\node_modules\\firebase-admin\\lib\\index.js"} {"metadata":{"emulator":{"name":"functions"},"function":{"name":"us-central1-api"},"extension":{},"message":"[runtime-status] [21852] Resolved module firebase-admin {\"declared\":true,\"installed\":true,\"version\":\"12.2.0\",\"resolution\":\"D:\\\\MyDownloads\\\\React\\\\demo24\\\\functions\\\\node_modules\\\\firebase-admin\\\\lib\\\\index.js\"}"}}
[debug] [2024-07-19T12:29:27.802Z] [runtime-status] [21852] Resolved module firebase-functions {"declared":true,"installed":true,"version":"5.0.1","resolution":"D:\\MyDownloads\\React\\demo24\\functions\\node_modules\\firebase-functions\\lib\\v1\\index.js"} {"metadata":{"emulator":{"name":"functions"},"function":{"name":"us-central1-api"},"extension":{},"message":"[runtime-status] [21852] Resolved module firebase-functions {\"declared\":true,\"installed\":true,\"version\":\"5.0.1\",\"resolution\":\"D:\\\\MyDownloads\\\\React\\\\demo24\\\\functions\\\\node_modules\\\\firebase-functions\\\\lib\\\\v1\\\\index.js\"}"}}
[debug] [2024-07-19T12:29:27.802Z] [runtime-status] [21852] firebase-admin has been stubbed. {"adminResolution":{"declared":true,"installed":true,"version":"12.2.0","resolution":"D:\\MyDownloads\\React\\demo24\\functions\\node_modules\\firebase-admin\\lib\\index.js"}} {"metadata":{"emulator":{"name":"functions"},"function":{"name":"us-central1-api"},"extension":{},"message":"[runtime-status] [21852] firebase-admin has been stubbed. {\"adminResolution\":{\"declared\":true,\"installed\":true,\"version\":\"12.2.0\",\"resolution\":\"D:\\\\MyDownloads\\\\React\\\\demo24\\\\functions\\\\node_modules\\\\firebase-admin\\\\lib\\\\index.js\"}}"}}
[debug] [2024-07-19T12:29:28.007Z] [runtime-status] [21852] Functions runtime initialized. {"cwd":"D:\\MyDownloads\\React\\demo24\\functions","node_version":"20.13.1"} {"metadata":{"emulator":{"name":"functions"},"function":{"name":"us-central1-api"},"extension":{},"message":"[runtime-status] [21852] Functions runtime initialized. {\"cwd\":\"D:\\\\MyDownloads\\\\React\\\\demo24\\\\functions\",\"node_version\":\"20.13.1\"}"}}
[info] >  node:events:497 {"user":"node:events:497\r","metadata":{"emulator":{"name":"functions"},"function":{"name":"us-central1-api"},"extension":{},"message":"\u001b[90m> \u001b[39m node:events:497\r"}}
[info] >        throw er; // Unhandled 'error' event {"user":"      throw er; // Unhandled 'error' event\r","metadata":{"emulator":{"name":"functions"},"function":{"name":"us-central1-api"},"extension":{},"message":"\u001b[90m> \u001b[39m       throw er; // Unhandled 'error' event\r"}}
[info] >        ^ {"user":"      ^\r","metadata":{"emulator":{"name":"functions"},"function":{"name":"us-central1-api"},"extension":{},"message":"\u001b[90m> \u001b[39m       ^\r"}}
[info] >   {"user":"\r","metadata":{"emulator":{"name":"functions"},"function":{"name":"us-central1-api"},"extension":{},"message":"\u001b[90m> \u001b[39m \r"}}
[info] >  Error: listen EADDRINUSE: address already in use :::5000 {"user":"Error: listen EADDRINUSE: address already in use :::5000\r","metadata":{"emulator":{"name":"functions"},"function":{"name":"us-central1-api"},"extension":{},"message":"\u001b[90m> \u001b[39m Error: listen EADDRINUSE: address already in use :::5000\r"}}
[info] >      at Server.setupListenHandle [as _listen2] (node:net:1898:16) {"user":"    at Server.setupListenHandle [as _listen2] (node:net:1898:16)\r","metadata":{"emulator":{"name":"functions"},"function":{"name":"us-central1-api"},"extension":{},"message":"\u001b[90m> \u001b[39m     at Server.setupListenHandle [as _listen2] (node:net:1898:16)\r"}}
[info] >      at listenInCluster (node:net:1946:12) {"user":"    at listenInCluster (node:net:1946:12)\r","metadata":{"emulator":{"name":"functions"},"function":{"name":"us-central1-api"},"extension":{},"message":"\u001b[90m> \u001b[39m     at listenInCluster (node:net:1946:12)\r"}}
[info] >      at Server.listen (node:net:2044:7) {"user":"    at Server.listen (node:net:2044:7)\r","metadata":{"emulator":{"name":"functions"},"function":{"name":"us-central1-api"},"extension":{},"message":"\u001b[90m> \u001b[39m     at Server.listen (node:net:2044:7)\r"}}
[info] >      at Function.listen (D:\MyDownloads\React\demo24\functions\node_modules\express\lib\application.js:635:24) {"user":"    at Function.listen (D:\\MyDownloads\\React\\demo24\\functions\\node_modules\\express\\lib\\application.js:635:24)\r","metadata":{"emulator":{"name":"functions"},"function":{"name":"us-central1-api"},"extension":{},"message":"\u001b[90m> \u001b[39m     at Function.listen (D:\\MyDownloads\\React\\demo24\\functions\\node_modules\\express\\lib\\application.js:635:24)\r"}}
[info] >      at Object.<anonymous> (D:\MyDownloads\React\demo24\functions\index.js:37:5) {"user":"    at Object.<anonymous> (D:\\MyDownloads\\React\\demo24\\functions\\index.js:37:5)\r","metadata":{"emulator":{"name":"functions"},"function":{"name":"us-central1-api"},"extension":{},"message":"\u001b[90m> \u001b[39m     at Object.<anonymous> (D:\\MyDownloads\\React\\demo24\\functions\\index.js:37:5)\r"}}
[info] >      at Module._compile (node:internal/modules/cjs/loader:1358:14) {"user":"    at Module._compile (node:internal/modules/cjs/loader:1358:14)\r","metadata":{"emulator":{"name":"functions"},"function":{"name":"us-central1-api"},"extension":{},"message":"\u001b[90m> \u001b[39m     at Module._compile (node:internal/modules/cjs/loader:1358:14)\r"}}
[info] >      at Module._extensions..js (node:internal/modules/cjs/loader:1416:10) {"user":"    at Module._extensions..js (node:internal/modules/cjs/loader:1416:10)\r","metadata":{"emulator":{"name":"functions"},"function":{"name":"us-central1-api"},"extension":{},"message":"\u001b[90m> \u001b[39m     at Module._extensions..js (node:internal/modules/cjs/loader:1416:10)\r"}}
[info] >      at Module.load (node:internal/modules/cjs/loader:1208:32) {"user":"    at Module.load (node:internal/modules/cjs/loader:1208:32)\r","metadata":{"emulator":{"name":"functions"},"function":{"name":"us-central1-api"},"extension":{},"message":"\u001b[90m> \u001b[39m     at Module.load (node:internal/modules/cjs/loader:1208:32)\r"}}
[info] >      at Module._load (node:internal/modules/cjs/loader:1024:12) {"user":"    at Module._load (node:internal/modules/cjs/loader:1024:12)\r","metadata":{"emulator":{"name":"functions"},"function":{"name":"us-central1-api"},"extension":{},"message":"\u001b[90m> \u001b[39m     at Module._load (node:internal/modules/cjs/loader:1024:12)\r"}}
[info] >      at Module.require (node:internal/modules/cjs/loader:1233:19) {"user":"    at Module.require (node:internal/modules/cjs/loader:1233:19)\r","metadata":{"emulator":{"name":"functions"},"function":{"name":"us-central1-api"},"extension":{},"message":"\u001b[90m> \u001b[39m     at Module.require (node:internal/modules/cjs/loader:1233:19)\r"}}
[info] >  Emitted 'error' event on Server instance at: {"user":"Emitted 'error' event on Server instance at:\r","metadata":{"emulator":{"name":"functions"},"function":{"name":"us-central1-api"},"extension":{},"message":"\u001b[90m> \u001b[39m Emitted 'error' event on Server instance at:\r"}}
[info] >      at emitErrorNT (node:net:1925:8) {"user":"    at emitErrorNT (node:net:1925:8)\r","metadata":{"emulator":{"name":"functions"},"function":{"name":"us-central1-api"},"extension":{},"message":"\u001b[90m> \u001b[39m     at emitErrorNT (node:net:1925:8)\r"}}
[info] >      at process.processTicksAndRejections (node:internal/process/task_queues:82:21) { {"user":"    at process.processTicksAndRejections (node:internal/process/task_queues:82:21) {\r","metadata":{"emulator":{"name":"functions"},"function":{"name":"us-central1-api"},"extension":{},"message":"\u001b[90m> \u001b[39m     at process.processTicksAndRejections (node:internal/process/task_queues:82:21) {\r"}}
[info] >    code: 'EADDRINUSE', {"user":"  code: 'EADDRINUSE',\r","metadata":{"emulator":{"name":"functions"},"function":{"name":"us-central1-api"},"extension":{},"message":"\u001b[90m> \u001b[39m   code: 'EADDRINUSE',\r"}}
[info] >    errno: -4091, {"user":"  errno: -4091,\r","metadata":{"emulator":{"name":"functions"},"function":{"name":"us-central1-api"},"extension":{},"message":"\u001b[90m> \u001b[39m   errno: -4091,\r"}}
[info] >    syscall: 'listen', {"user":"  syscall: 'listen',\r","metadata":{"emulator":{"name":"functions"},"function":{"name":"us-central1-api"},"extension":{},"message":"\u001b[90m> \u001b[39m   syscall: 'listen',\r"}}
[info] >    address: '::', {"user":"  address: '::',\r","metadata":{"emulator":{"name":"functions"},"function":{"name":"us-central1-api"},"extension":{},"message":"\u001b[90m> \u001b[39m   address: '::',\r"}}
[info] >    port: 5000 {"user":"  port: 5000\r","metadata":{"emulator":{"name":"functions"},"function":{"name":"us-central1-api"},"extension":{},"message":"\u001b[90m> \u001b[39m   port: 5000\r"}}
[info] >  } {"user":"}\r","metadata":{"emulator":{"name":"functions"},"function":{"name":"us-central1-api"},"extension":{},"message":"\u001b[90m> \u001b[39m }\r"}}
[info] >   {"user":"\r","metadata":{"emulator":{"name":"functions"},"function":{"name":"us-central1-api"},"extension":{},"message":"\u001b[90m> \u001b[39m \r"}}
[info] >  Node.js v20.13.1 {"user":"Node.js v20.13.1\r","metadata":{"emulator":{"name":"functions"},"function":{"name":"us-central1-api"},"extension":{},"message":"\u001b[90m> \u001b[39m Node.js v20.13.1\r"}}
[debug] [2024-07-19T12:29:28.037Z] [worker-us-central1-api-4e6ebe39-43f0-4cec-8765-71da7de9e20f]: exited {"metadata":{"emulator":{"name":"functions"},"function":{"name":"us-central1-api"},"extension":{},"message":"[worker-us-central1-api-4e6ebe39-43f0-4cec-8765-71da7de9e20f]: exited"}}
[debug] [2024-07-19T12:29:28.037Z] [worker-us-central1-api-4e6ebe39-43f0-4cec-8765-71da7de9e20f]: FINISHED {"metadata":{"emulator":{"name":"functions"},"function":{"name":"us-central1-api"},"extension":{},"message":"[worker-us-central1-api-4e6ebe39-43f0-4cec-8765-71da7de9e20f]: FINISHED"}}
[error] !!  functions: Failed to handle request for function us-central1-api {"metadata":{"emulator":{"name":"functions"},"message":"Failed to handle request for function us-central1-api"}}
[error] !!  functions: Failed to start functions in D:\MyDownloads\React\demo24\functions: FirebaseError: Failed to load function. {"metadata":{"emulator":{"name":"functions"},"message":"Failed to start functions in D:\\MyDownloads\\React\\demo24\\functions: FirebaseError: Failed to load function."}}
[debug] [2024-07-19T12:29:45.271Z] [work-queue] {"queuedWork":[],"queueLength":0,"runningWork":["/challenge-db720/us-central1/api/payments/create-2024-07-19T12:29:25.919Z"],"workRunningCount":1}
[error] !!  functions: Failed to handle request for function us-central1-api {"metadata":{"emulator":{"name":"functions"},"message":"Failed to handle request for function us-central1-api"}}
[error] !!  functions: Failed to start functions in D:\MyDownloads\React\demo24\functions: FirebaseError: Failed to load function. {"metadata":{"emulator":{"name":"functions"},"message":"Failed to start functions in D:\\MyDownloads\\React\\demo24\\functions: FirebaseError: Failed to load function."}}
[debug] [2024-07-19T12:29:56.014Z] [work-queue] {"queuedWork":[],"queueLength":0,"runningWork":[],"workRunningCount":0}
[debug] [2024-07-19T12:32:29.226Z] [work-queue] {"queuedWork":["/challenge-db720/us-central1/api/payments/create-2024-07-19T12:32:29.226Z"],"queueLength":1,"runningWork":[],"workRunningCount":0}
[debug] [2024-07-19T12:32:29.227Z] [work-queue] {"queuedWork":[],"queueLength":0,"runningWork":["/challenge-db720/us-central1/api/payments/create-2024-07-19T12:32:29.226Z"],"workRunningCount":1}
[debug] [2024-07-19T12:32:29.227Z] Accepted request POST /challenge-db720/us-central1/api/payments/create?total=26899 --> us-central1-api
[debug] [2024-07-19T12:32:29.227Z] [functions] Runtime ready! Sending request! {"metadata":{"emulator":{"name":"functions"},"message":"[functions] Runtime ready! Sending request!"}}
[debug] [2024-07-19T12:32:29.227Z] [functions] Got req.url=/challenge-db720/us-central1/api/payments/create?total=26899, mapping to path=/payments/create?total=26899 {"metadata":{"emulator":{"name":"functions"},"message":"[functions] Got req.url=/challenge-db720/us-central1/api/payments/create?total=26899, mapping to path=/payments/create?total=26899"}}
[debug] [2024-07-19T12:32:29.227Z] [worker-pool] Cleaned up workers for us-central1-api: 1 --> 0 {"metadata":{"emulator":{"name":"functions"},"message":"[worker-pool] Cleaned up workers for us-central1-api: 1 --> 0"}}
[debug] [2024-07-19T12:32:29.241Z] [worker-pool] addWorker(us-central1-api) {"metadata":{"emulator":{"name":"functions"},"message":"[worker-pool] addWorker(us-central1-api)"}}
[debug] [2024-07-19T12:32:29.241Z] [worker-pool] Adding worker with key us-central1-api, total=1 {"metadata":{"emulator":{"name":"functions"},"message":"[worker-pool] Adding worker with key us-central1-api, total=1"}}
[debug] [2024-07-19T12:32:30.804Z] [runtime-status] [10508] Resolved module firebase-admin {"declared":true,"installed":true,"version":"12.2.0","resolution":"D:\\MyDownloads\\React\\demo24\\functions\\node_modules\\firebase-admin\\lib\\index.js"} {"metadata":{"emulator":{"name":"functions"},"function":{"name":"us-central1-api"},"extension":{},"message":"[runtime-status] [10508] Resolved module firebase-admin {\"declared\":true,\"installed\":true,\"version\":\"12.2.0\",\"resolution\":\"D:\\\\MyDownloads\\\\React\\\\demo24\\\\functions\\\\node_modules\\\\firebase-admin\\\\lib\\\\index.js\"}"}}
[debug] [2024-07-19T12:32:30.806Z] [runtime-status] [10508] Resolved module firebase-functions {"declared":true,"installed":true,"version":"5.0.1","resolution":"D:\\MyDownloads\\React\\demo24\\functions\\node_modules\\firebase-functions\\lib\\v1\\index.js"} {"metadata":{"emulator":{"name":"functions"},"function":{"name":"us-central1-api"},"extension":{},"message":"[runtime-status] [10508] Resolved module firebase-functions {\"declared\":true,\"installed\":true,\"version\":\"5.0.1\",\"resolution\":\"D:\\\\MyDownloads\\\\React\\\\demo24\\\\functions\\\\node_modules\\\\firebase-functions\\\\lib\\\\v1\\\\index.js\"}"}}
[debug] [2024-07-19T12:32:30.806Z] [runtime-status] [10508] Outgoing network have been stubbed. [{"name":"http","status":"mocked"},{"name":"http","status":"mocked"},{"name":"https","status":"mocked"},{"name":"https","status":"mocked"},{"name":"net","status":"mocked"}] {"metadata":{"emulator":{"name":"functions"},"function":{"name":"us-central1-api"},"extension":{},"message":"[runtime-status] [10508] Outgoing network have been stubbed. [{\"name\":\"http\",\"status\":\"mocked\"},{\"name\":\"http\",\"status\":\"mocked\"},{\"name\":\"https\",\"status\":\"mocked\"},{\"name\":\"https\",\"status\":\"mocked\"},{\"name\":\"net\",\"status\":\"mocked\"}]"}}
[debug] [2024-07-19T12:32:30.807Z] [runtime-status] [10508] Resolved module firebase-functions {"declared":true,"installed":true,"version":"5.0.1","resolution":"D:\\MyDownloads\\React\\demo24\\functions\\node_modules\\firebase-functions\\lib\\v1\\index.js"} {"metadata":{"emulator":{"name":"functions"},"function":{"name":"us-central1-api"},"extension":{},"message":"[runtime-status] [10508] Resolved module firebase-functions {\"declared\":true,\"installed\":true,\"version\":\"5.0.1\",\"resolution\":\"D:\\\\MyDownloads\\\\React\\\\demo24\\\\functions\\\\node_modules\\\\firebase-functions\\\\lib\\\\v1\\\\index.js\"}"}}
[debug] [2024-07-19T12:32:31.098Z] [runtime-status] [10508] Checked functions.config() {"config":{}} {"metadata":{"emulator":{"name":"functions"},"function":{"name":"us-central1-api"},"extension":{},"message":"[runtime-status] [10508] Checked functions.config() {\"config\":{}}"}}
[debug] [2024-07-19T12:32:31.099Z] [runtime-status] [10508] firebase-functions has been stubbed. {"functionsResolution":{"declared":true,"installed":true,"version":"5.0.1","resolution":"D:\\MyDownloads\\React\\demo24\\functions\\node_modules\\firebase-functions\\lib\\v1\\index.js"}} {"metadata":{"emulator":{"name":"functions"},"function":{"name":"us-central1-api"},"extension":{},"message":"[runtime-status] [10508] firebase-functions has been stubbed. {\"functionsResolution\":{\"declared\":true,\"installed\":true,\"version\":\"5.0.1\",\"resolution\":\"D:\\\\MyDownloads\\\\React\\\\demo24\\\\functions\\\\node_modules\\\\firebase-functions\\\\lib\\\\v1\\\\index.js\"}}"}}
[debug] [2024-07-19T12:32:31.100Z] [runtime-status] [10508] Resolved module firebase-functions {"declared":true,"installed":true,"version":"5.0.1","resolution":"D:\\MyDownloads\\React\\demo24\\functions\\node_modules\\firebase-functions\\lib\\v1\\index.js"} {"metadata":{"emulator":{"name":"functions"},"function":{"name":"us-central1-api"},"extension":{},"message":"[runtime-status] [10508] Resolved module firebase-functions {\"declared\":true,\"installed\":true,\"version\":\"5.0.1\",\"resolution\":\"D:\\\\MyDownloads\\\\React\\\\demo24\\\\functions\\\\node_modules\\\\firebase-functions\\\\lib\\\\v1\\\\index.js\"}"}}
[debug] [2024-07-19T12:32:31.101Z] [runtime-status] [10508] Resolved module firebase-admin {"declared":true,"installed":true,"version":"12.2.0","resolution":"D:\\MyDownloads\\React\\demo24\\functions\\node_modules\\firebase-admin\\lib\\index.js"} {"metadata":{"emulator":{"name":"functions"},"function":{"name":"us-central1-api"},"extension":{},"message":"[runtime-status] [10508] Resolved module firebase-admin {\"declared\":true,\"installed\":true,\"version\":\"12.2.0\",\"resolution\":\"D:\\\\MyDownloads\\\\React\\\\demo24\\\\functions\\\\node_modules\\\\firebase-admin\\\\lib\\\\index.js\"}"}}
[debug] [2024-07-19T12:32:31.103Z] [runtime-status] [10508] Resolved module firebase-functions {"declared":true,"installed":true,"version":"5.0.1","resolution":"D:\\MyDownloads\\React\\demo24\\functions\\node_modules\\firebase-functions\\lib\\v1\\index.js"} {"metadata":{"emulator":{"name":"functions"},"function":{"name":"us-central1-api"},"extension":{},"message":"[runtime-status] [10508] Resolved module firebase-functions {\"declared\":true,\"installed\":true,\"version\":\"5.0.1\",\"resolution\":\"D:\\\\MyDownloads\\\\React\\\\demo24\\\\functions\\\\node_modules\\\\firebase-functions\\\\lib\\\\v1\\\\index.js\"}"}}
[debug] [2024-07-19T12:32:31.104Z] [runtime-status] [10508] firebase-admin has been stubbed. {"adminResolution":{"declared":true,"installed":true,"version":"12.2.0","resolution":"D:\\MyDownloads\\React\\demo24\\functions\\node_modules\\firebase-admin\\lib\\index.js"}} {"metadata":{"emulator":{"name":"functions"},"function":{"name":"us-central1-api"},"extension":{},"message":"[runtime-status] [10508] firebase-admin has been stubbed. {\"adminResolution\":{\"declared\":true,\"installed\":true,\"version\":\"12.2.0\",\"resolution\":\"D:\\\\MyDownloads\\\\React\\\\demo24\\\\functions\\\\node_modules\\\\firebase-admin\\\\lib\\\\index.js\"}}"}}
[debug] [2024-07-19T12:32:31.293Z] [runtime-status] [10508] Functions runtime initialized. {"cwd":"D:\\MyDownloads\\React\\demo24\\functions","node_version":"20.13.1"} {"metadata":{"emulator":{"name":"functions"},"function":{"name":"us-central1-api"},"extension":{},"message":"[runtime-status] [10508] Functions runtime initialized. {\"cwd\":\"D:\\\\MyDownloads\\\\React\\\\demo24\\\\functions\",\"node_version\":\"20.13.1\"}"}}
[info] >  node:events:497 {"user":"node:events:497\r","metadata":{"emulator":{"name":"functions"},"function":{"name":"us-central1-api"},"extension":{},"message":"\u001b[90m> \u001b[39m node:events:497\r"}}
[info] >        throw er; // Unhandled 'error' event {"user":"      throw er; // Unhandled 'error' event\r","metadata":{"emulator":{"name":"functions"},"function":{"name":"us-central1-api"},"extension":{},"message":"\u001b[90m> \u001b[39m       throw er; // Unhandled 'error' event\r"}}
[info] >        ^ {"user":"      ^\r","metadata":{"emulator":{"name":"functions"},"function":{"name":"us-central1-api"},"extension":{},"message":"\u001b[90m> \u001b[39m       ^\r"}}
[info] >   {"user":"\r","metadata":{"emulator":{"name":"functions"},"function":{"name":"us-central1-api"},"extension":{},"message":"\u001b[90m> \u001b[39m \r"}}
[info] >  Error: listen EADDRINUSE: address already in use :::5000 {"user":"Error: listen EADDRINUSE: address already in use :::5000\r","metadata":{"emulator":{"name":"functions"},"function":{"name":"us-central1-api"},"extension":{},"message":"\u001b[90m> \u001b[39m Error: listen EADDRINUSE: address already in use :::5000\r"}}
[info] >      at Server.setupListenHandle [as _listen2] (node:net:1898:16) {"user":"    at Server.setupListenHandle [as _listen2] (node:net:1898:16)\r","metadata":{"emulator":{"name":"functions"},"function":{"name":"us-central1-api"},"extension":{},"message":"\u001b[90m> \u001b[39m     at Server.setupListenHandle [as _listen2] (node:net:1898:16)\r"}}
[info] >      at listenInCluster (node:net:1946:12) {"user":"    at listenInCluster (node:net:1946:12)\r","metadata":{"emulator":{"name":"functions"},"function":{"name":"us-central1-api"},"extension":{},"message":"\u001b[90m> \u001b[39m     at listenInCluster (node:net:1946:12)\r"}}
[info] >      at Server.listen (node:net:2044:7) {"user":"    at Server.listen (node:net:2044:7)\r","metadata":{"emulator":{"name":"functions"},"function":{"name":"us-central1-api"},"extension":{},"message":"\u001b[90m> \u001b[39m     at Server.listen (node:net:2044:7)\r"}}
[info] >      at Function.listen (D:\MyDownloads\React\demo24\functions\node_modules\express\lib\application.js:635:24) {"user":"    at Function.listen (D:\\MyDownloads\\React\\demo24\\functions\\node_modules\\express\\lib\\application.js:635:24)\r","metadata":{"emulator":{"name":"functions"},"function":{"name":"us-central1-api"},"extension":{},"message":"\u001b[90m> \u001b[39m     at Function.listen (D:\\MyDownloads\\React\\demo24\\functions\\node_modules\\express\\lib\\application.js:635:24)\r"}}
[info] >      at Object.<anonymous> (D:\MyDownloads\React\demo24\functions\index.js:37:5) {"user":"    at Object.<anonymous> (D:\\MyDownloads\\React\\demo24\\functions\\index.js:37:5)\r","metadata":{"emulator":{"name":"functions"},"function":{"name":"us-central1-api"},"extension":{},"message":"\u001b[90m> \u001b[39m     at Object.<anonymous> (D:\\MyDownloads\\React\\demo24\\functions\\index.js:37:5)\r"}}
[info] >      at Module._compile (node:internal/modules/cjs/loader:1358:14) {"user":"    at Module._compile (node:internal/modules/cjs/loader:1358:14)\r","metadata":{"emulator":{"name":"functions"},"function":{"name":"us-central1-api"},"extension":{},"message":"\u001b[90m> \u001b[39m     at Module._compile (node:internal/modules/cjs/loader:1358:14)\r"}}
[info] >      at Module._extensions..js (node:internal/modules/cjs/loader:1416:10) {"user":"    at Module._extensions..js (node:internal/modules/cjs/loader:1416:10)\r","metadata":{"emulator":{"name":"functions"},"function":{"name":"us-central1-api"},"extension":{},"message":"\u001b[90m> \u001b[39m     at Module._extensions..js (node:internal/modules/cjs/loader:1416:10)\r"}}
[info] >      at Module.load (node:internal/modules/cjs/loader:1208:32) {"user":"    at Module.load (node:internal/modules/cjs/loader:1208:32)\r","metadata":{"emulator":{"name":"functions"},"function":{"name":"us-central1-api"},"extension":{},"message":"\u001b[90m> \u001b[39m     at Module.load (node:internal/modules/cjs/loader:1208:32)\r"}}
[info] >      at Module._load (node:internal/modules/cjs/loader:1024:12) {"user":"    at Module._load (node:internal/modules/cjs/loader:1024:12)\r","metadata":{"emulator":{"name":"functions"},"function":{"name":"us-central1-api"},"extension":{},"message":"\u001b[90m> \u001b[39m     at Module._load (node:internal/modules/cjs/loader:1024:12)\r"}}
[info] >      at Module.require (node:internal/modules/cjs/loader:1233:19) {"user":"    at Module.require (node:internal/modules/cjs/loader:1233:19)\r","metadata":{"emulator":{"name":"functions"},"function":{"name":"us-central1-api"},"extension":{},"message":"\u001b[90m> \u001b[39m     at Module.require (node:internal/modules/cjs/loader:1233:19)\r"}}
[info] >  Emitted 'error' event on Server instance at: {"user":"Emitted 'error' event on Server instance at:\r","metadata":{"emulator":{"name":"functions"},"function":{"name":"us-central1-api"},"extension":{},"message":"\u001b[90m> \u001b[39m Emitted 'error' event on Server instance at:\r"}}
[info] >      at emitErrorNT (node:net:1925:8) {"user":"    at emitErrorNT (node:net:1925:8)\r","metadata":{"emulator":{"name":"functions"},"function":{"name":"us-central1-api"},"extension":{},"message":"\u001b[90m> \u001b[39m     at emitErrorNT (node:net:1925:8)\r"}}
[info] >      at process.processTicksAndRejections (node:internal/process/task_queues:82:21) { {"user":"    at process.processTicksAndRejections (node:internal/process/task_queues:82:21) {\r","metadata":{"emulator":{"name":"functions"},"function":{"name":"us-central1-api"},"extension":{},"message":"\u001b[90m> \u001b[39m     at process.processTicksAndRejections (node:internal/process/task_queues:82:21) {\r"}}
[info] >    code: 'EADDRINUSE', {"user":"  code: 'EADDRINUSE',\r","metadata":{"emulator":{"name":"functions"},"function":{"name":"us-central1-api"},"extension":{},"message":"\u001b[90m> \u001b[39m   code: 'EADDRINUSE',\r"}}
[info] >    errno: -4091, {"user":"  errno: -4091,\r","metadata":{"emulator":{"name":"functions"},"function":{"name":"us-central1-api"},"extension":{},"message":"\u001b[90m> \u001b[39m   errno: -4091,\r"}}
[info] >    syscall: 'listen', {"user":"  syscall: 'listen',\r","metadata":{"emulator":{"name":"functions"},"function":{"name":"us-central1-api"},"extension":{},"message":"\u001b[90m> \u001b[39m   syscall: 'listen',\r"}}
[info] >    address: '::', {"user":"  address: '::',\r","metadata":{"emulator":{"name":"functions"},"function":{"name":"us-central1-api"},"extension":{},"message":"\u001b[90m> \u001b[39m   address: '::',\r"}}
[info] >    port: 5000 {"user":"  port: 5000\r","metadata":{"emulator":{"name":"functions"},"function":{"name":"us-central1-api"},"extension":{},"message":"\u001b[90m> \u001b[39m   port: 5000\r"}}
[info] >  } {"user":"}\r","metadata":{"emulator":{"name":"functions"},"function":{"name":"us-central1-api"},"extension":{},"message":"\u001b[90m> \u001b[39m }\r"}}
[info] >   {"user":"\r","metadata":{"emulator":{"name":"functions"},"function":{"name":"us-central1-api"},"extension":{},"message":"\u001b[90m> \u001b[39m \r"}}
[info] >  Node.js v20.13.1 {"user":"Node.js v20.13.1\r","metadata":{"emulator":{"name":"functions"},"function":{"name":"us-central1-api"},"extension":{},"message":"\u001b[90m> \u001b[39m Node.js v20.13.1\r"}}
[debug] [2024-07-19T12:32:31.314Z] [worker-us-central1-api-18b6ed5c-0b5d-480c-bc56-f5b0bd448b93]: exited {"metadata":{"emulator":{"name":"functions"},"function":{"name":"us-central1-api"},"extension":{},"message":"[worker-us-central1-api-18b6ed5c-0b5d-480c-bc56-f5b0bd448b93]: exited"}}
[debug] [2024-07-19T12:32:31.315Z] [worker-us-central1-api-18b6ed5c-0b5d-480c-bc56-f5b0bd448b93]: FINISHED {"metadata":{"emulator":{"name":"functions"},"function":{"name":"us-central1-api"},"extension":{},"message":"[worker-us-central1-api-18b6ed5c-0b5d-480c-bc56-f5b0bd448b93]: FINISHED"}}
[debug] [2024-07-19T12:32:49.231Z] [work-queue] {"queuedWork":["/challenge-db720/us-central1/api/payments/create-2024-07-19T12:32:49.231Z"],"queueLength":1,"runningWork":["/challenge-db720/us-central1/api/payments/create-2024-07-19T12:32:29.226Z"],"workRunningCount":1}
[debug] [2024-07-19T12:32:49.231Z] [work-queue] {"queuedWork":[],"queueLength":0,"runningWork":["/challenge-db720/us-central1/api/payments/create-2024-07-19T12:32:29.226Z","/challenge-db720/us-central1/api/payments/create-2024-07-19T12:32:49.231Z"],"workRunningCount":2}
[debug] [2024-07-19T12:32:49.231Z] Accepted request POST /challenge-db720/us-central1/api/payments/create?total=26899 --> us-central1-api
[debug] [2024-07-19T12:32:49.232Z] [functions] Runtime ready! Sending request! {"metadata":{"emulator":{"name":"functions"},"message":"[functions] Runtime ready! Sending request!"}}
[debug] [2024-07-19T12:32:49.232Z] [functions] Got req.url=/challenge-db720/us-central1/api/payments/create?total=26899, mapping to path=/payments/create?total=26899 {"metadata":{"emulator":{"name":"functions"},"message":"[functions] Got req.url=/challenge-db720/us-central1/api/payments/create?total=26899, mapping to path=/payments/create?total=26899"}}
[debug] [2024-07-19T12:32:49.232Z] [worker-pool] Cleaned up workers for us-central1-api: 1 --> 0 {"metadata":{"emulator":{"name":"functions"},"message":"[worker-pool] Cleaned up workers for us-central1-api: 1 --> 0"}}
[debug] [2024-07-19T12:32:49.253Z] [worker-pool] addWorker(us-central1-api) {"metadata":{"emulator":{"name":"functions"},"message":"[worker-pool] addWorker(us-central1-api)"}}
[debug] [2024-07-19T12:32:49.253Z] [worker-pool] Adding worker with key us-central1-api, total=1 {"metadata":{"emulator":{"name":"functions"},"message":"[worker-pool] Adding worker with key us-central1-api, total=1"}}
[debug] [2024-07-19T12:32:50.836Z] [runtime-status] [15136] Resolved module firebase-admin {"declared":true,"installed":true,"version":"12.2.0","resolution":"D:\\MyDownloads\\React\\demo24\\functions\\node_modules\\firebase-admin\\lib\\index.js"} {"metadata":{"emulator":{"name":"functions"},"function":{"name":"us-central1-api"},"extension":{},"message":"[runtime-status] [15136] Resolved module firebase-admin {\"declared\":true,\"installed\":true,\"version\":\"12.2.0\",\"resolution\":\"D:\\\\MyDownloads\\\\React\\\\demo24\\\\functions\\\\node_modules\\\\firebase-admin\\\\lib\\\\index.js\"}"}}
[debug] [2024-07-19T12:32:50.838Z] [runtime-status] [15136] Resolved module firebase-functions {"declared":true,"installed":true,"version":"5.0.1","resolution":"D:\\MyDownloads\\React\\demo24\\functions\\node_modules\\firebase-functions\\lib\\v1\\index.js"} {"metadata":{"emulator":{"name":"functions"},"function":{"name":"us-central1-api"},"extension":{},"message":"[runtime-status] [15136] Resolved module firebase-functions {\"declared\":true,\"installed\":true,\"version\":\"5.0.1\",\"resolution\":\"D:\\\\MyDownloads\\\\React\\\\demo24\\\\functions\\\\node_modules\\\\firebase-functions\\\\lib\\\\v1\\\\index.js\"}"}}
[debug] [2024-07-19T12:32:50.839Z] [runtime-status] [15136] Outgoing network have been stubbed. [{"name":"http","status":"mocked"},{"name":"http","status":"mocked"},{"name":"https","status":"mocked"},{"name":"https","status":"mocked"},{"name":"net","status":"mocked"}] {"metadata":{"emulator":{"name":"functions"},"function":{"name":"us-central1-api"},"extension":{},"message":"[runtime-status] [15136] Outgoing network have been stubbed. [{\"name\":\"http\",\"status\":\"mocked\"},{\"name\":\"http\",\"status\":\"mocked\"},{\"name\":\"https\",\"status\":\"mocked\"},{\"name\":\"https\",\"status\":\"mocked\"},{\"name\":\"net\",\"status\":\"mocked\"}]"}}
[debug] [2024-07-19T12:32:50.839Z] [runtime-status] [15136] Resolved module firebase-functions {"declared":true,"installed":true,"version":"5.0.1","resolution":"D:\\MyDownloads\\React\\demo24\\functions\\node_modules\\firebase-functions\\lib\\v1\\index.js"} {"metadata":{"emulator":{"name":"functions"},"function":{"name":"us-central1-api"},"extension":{},"message":"[runtime-status] [15136] Resolved module firebase-functions {\"declared\":true,\"installed\":true,\"version\":\"5.0.1\",\"resolution\":\"D:\\\\MyDownloads\\\\React\\\\demo24\\\\functions\\\\node_modules\\\\firebase-functions\\\\lib\\\\v1\\\\index.js\"}"}}
[debug] [2024-07-19T12:32:51.133Z] [runtime-status] [15136] Checked functions.config() {"config":{}} {"metadata":{"emulator":{"name":"functions"},"function":{"name":"us-central1-api"},"extension":{},"message":"[runtime-status] [15136] Checked functions.config() {\"config\":{}}"}}
[debug] [2024-07-19T12:32:51.133Z] [runtime-status] [15136] firebase-functions has been stubbed. {"functionsResolution":{"declared":true,"installed":true,"version":"5.0.1","resolution":"D:\\MyDownloads\\React\\demo24\\functions\\node_modules\\firebase-functions\\lib\\v1\\index.js"}} {"metadata":{"emulator":{"name":"functions"},"function":{"name":"us-central1-api"},"extension":{},"message":"[runtime-status] [15136] firebase-functions has been stubbed. {\"functionsResolution\":{\"declared\":true,\"installed\":true,\"version\":\"5.0.1\",\"resolution\":\"D:\\\\MyDownloads\\\\React\\\\demo24\\\\functions\\\\node_modules\\\\firebase-functions\\\\lib\\\\v1\\\\index.js\"}}"}}
[debug] [2024-07-19T12:32:51.134Z] [runtime-status] [15136] Resolved module firebase-functions {"declared":true,"installed":true,"version":"5.0.1","resolution":"D:\\MyDownloads\\React\\demo24\\functions\\node_modules\\firebase-functions\\lib\\v1\\index.js"} {"metadata":{"emulator":{"name":"functions"},"function":{"name":"us-central1-api"},"extension":{},"message":"[runtime-status] [15136] Resolved module firebase-functions {\"declared\":true,\"installed\":true,\"version\":\"5.0.1\",\"resolution\":\"D:\\\\MyDownloads\\\\React\\\\demo24\\\\functions\\\\node_modules\\\\firebase-functions\\\\lib\\\\v1\\\\index.js\"}"}}
[debug] [2024-07-19T12:32:51.135Z] [runtime-status] [15136] Resolved module firebase-admin {"declared":true,"installed":true,"version":"12.2.0","resolution":"D:\\MyDownloads\\React\\demo24\\functions\\node_modules\\firebase-admin\\lib\\index.js"} {"metadata":{"emulator":{"name":"functions"},"function":{"name":"us-central1-api"},"extension":{},"message":"[runtime-status] [15136] Resolved module firebase-admin {\"declared\":true,\"installed\":true,\"version\":\"12.2.0\",\"resolution\":\"D:\\\\MyDownloads\\\\React\\\\demo24\\\\functions\\\\node_modules\\\\firebase-admin\\\\lib\\\\index.js\"}"}}
[debug] [2024-07-19T12:32:51.137Z] [runtime-status] [15136] Resolved module firebase-functions {"declared":true,"installed":true,"version":"5.0.1","resolution":"D:\\MyDownloads\\React\\demo24\\functions\\node_modules\\firebase-functions\\lib\\v1\\index.js"} {"metadata":{"emulator":{"name":"functions"},"function":{"name":"us-central1-api"},"extension":{},"message":"[runtime-status] [15136] Resolved module firebase-functions {\"declared\":true,\"installed\":true,\"version\":\"5.0.1\",\"resolution\":\"D:\\\\MyDownloads\\\\React\\\\demo24\\\\functions\\\\node_modules\\\\firebase-functions\\\\lib\\\\v1\\\\index.js\"}"}}
[debug] [2024-07-19T12:32:51.137Z] [runtime-status] [15136] firebase-admin has been stubbed. {"adminResolution":{"declared":true,"installed":true,"version":"12.2.0","resolution":"D:\\MyDownloads\\React\\demo24\\functions\\node_modules\\firebase-admin\\lib\\index.js"}} {"metadata":{"emulator":{"name":"functions"},"function":{"name":"us-central1-api"},"extension":{},"message":"[runtime-status] [15136] firebase-admin has been stubbed. {\"adminResolution\":{\"declared\":true,\"installed\":true,\"version\":\"12.2.0\",\"resolution\":\"D:\\\\MyDownloads\\\\React\\\\demo24\\\\functions\\\\node_modules\\\\firebase-admin\\\\lib\\\\index.js\"}}"}}
[debug] [2024-07-19T12:32:51.349Z] [runtime-status] [15136] Functions runtime initialized. {"cwd":"D:\\MyDownloads\\React\\demo24\\functions","node_version":"20.13.1"} {"metadata":{"emulator":{"name":"functions"},"function":{"name":"us-central1-api"},"extension":{},"message":"[runtime-status] [15136] Functions runtime initialized. {\"cwd\":\"D:\\\\MyDownloads\\\\React\\\\demo24\\\\functions\",\"node_version\":\"20.13.1\"}"}}
[info] >  node:events:497 {"user":"node:events:497\r","metadata":{"emulator":{"name":"functions"},"function":{"name":"us-central1-api"},"extension":{},"message":"\u001b[90m> \u001b[39m node:events:497\r"}}
[info] >        throw er; // Unhandled 'error' event {"user":"      throw er; // Unhandled 'error' event\r","metadata":{"emulator":{"name":"functions"},"function":{"name":"us-central1-api"},"extension":{},"message":"\u001b[90m> \u001b[39m       throw er; // Unhandled 'error' event\r"}}
[info] >        ^ {"user":"      ^\r","metadata":{"emulator":{"name":"functions"},"function":{"name":"us-central1-api"},"extension":{},"message":"\u001b[90m> \u001b[39m       ^\r"}}
[info] >   {"user":"\r","metadata":{"emulator":{"name":"functions"},"function":{"name":"us-central1-api"},"extension":{},"message":"\u001b[90m> \u001b[39m \r"}}
[info] >  Error: listen EADDRINUSE: address already in use :::5000 {"user":"Error: listen EADDRINUSE: address already in use :::5000\r","metadata":{"emulator":{"name":"functions"},"function":{"name":"us-central1-api"},"extension":{},"message":"\u001b[90m> \u001b[39m Error: listen EADDRINUSE: address already in use :::5000\r"}}
[info] >      at Server.setupListenHandle [as _listen2] (node:net:1898:16) {"user":"    at Server.setupListenHandle [as _listen2] (node:net:1898:16)\r","metadata":{"emulator":{"name":"functions"},"function":{"name":"us-central1-api"},"extension":{},"message":"\u001b[90m> \u001b[39m     at Server.setupListenHandle [as _listen2] (node:net:1898:16)\r"}}
[info] >      at listenInCluster (node:net:1946:12) {"user":"    at listenInCluster (node:net:1946:12)\r","metadata":{"emulator":{"name":"functions"},"function":{"name":"us-central1-api"},"extension":{},"message":"\u001b[90m> \u001b[39m     at listenInCluster (node:net:1946:12)\r"}}
[info] >      at Server.listen (node:net:2044:7) {"user":"    at Server.listen (node:net:2044:7)\r","metadata":{"emulator":{"name":"functions"},"function":{"name":"us-central1-api"},"extension":{},"message":"\u001b[90m> \u001b[39m     at Server.listen (node:net:2044:7)\r"}}
[info] >      at Function.listen (D:\MyDownloads\React\demo24\functions\node_modules\express\lib\application.js:635:24) {"user":"    at Function.listen (D:\\MyDownloads\\React\\demo24\\functions\\node_modules\\express\\lib\\application.js:635:24)\r","metadata":{"emulator":{"name":"functions"},"function":{"name":"us-central1-api"},"extension":{},"message":"\u001b[90m> \u001b[39m     at Function.listen (D:\\MyDownloads\\React\\demo24\\functions\\node_modules\\express\\lib\\application.js:635:24)\r"}}
[info] >      at Object.<anonymous> (D:\MyDownloads\React\demo24\functions\index.js:37:5) {"user":"    at Object.<anonymous> (D:\\MyDownloads\\React\\demo24\\functions\\index.js:37:5)\r","metadata":{"emulator":{"name":"functions"},"function":{"name":"us-central1-api"},"extension":{},"message":"\u001b[90m> \u001b[39m     at Object.<anonymous> (D:\\MyDownloads\\React\\demo24\\functions\\index.js:37:5)\r"}}
[info] >      at Module._compile (node:internal/modules/cjs/loader:1358:14) {"user":"    at Module._compile (node:internal/modules/cjs/loader:1358:14)\r","metadata":{"emulator":{"name":"functions"},"function":{"name":"us-central1-api"},"extension":{},"message":"\u001b[90m> \u001b[39m     at Module._compile (node:internal/modules/cjs/loader:1358:14)\r"}}
[info] >      at Module._extensions..js (node:internal/modules/cjs/loader:1416:10) {"user":"    at Module._extensions..js (node:internal/modules/cjs/loader:1416:10)\r","metadata":{"emulator":{"name":"functions"},"function":{"name":"us-central1-api"},"extension":{},"message":"\u001b[90m> \u001b[39m     at Module._extensions..js (node:internal/modules/cjs/loader:1416:10)\r"}}
[info] >      at Module.load (node:internal/modules/cjs/loader:1208:32) {"user":"    at Module.load (node:internal/modules/cjs/loader:1208:32)\r","metadata":{"emulator":{"name":"functions"},"function":{"name":"us-central1-api"},"extension":{},"message":"\u001b[90m> \u001b[39m     at Module.load (node:internal/modules/cjs/loader:1208:32)\r"}}
[info] >      at Module._load (node:internal/modules/cjs/loader:1024:12) {"user":"    at Module._load (node:internal/modules/cjs/loader:1024:12)\r","metadata":{"emulator":{"name":"functions"},"function":{"name":"us-central1-api"},"extension":{},"message":"\u001b[90m> \u001b[39m     at Module._load (node:internal/modules/cjs/loader:1024:12)\r"}}
[info] >      at Module.require (node:internal/modules/cjs/loader:1233:19) {"user":"    at Module.require (node:internal/modules/cjs/loader:1233:19)\r","metadata":{"emulator":{"name":"functions"},"function":{"name":"us-central1-api"},"extension":{},"message":"\u001b[90m> \u001b[39m     at Module.require (node:internal/modules/cjs/loader:1233:19)\r"}}
[info] >  Emitted 'error' event on Server instance at: {"user":"Emitted 'error' event on Server instance at:\r","metadata":{"emulator":{"name":"functions"},"function":{"name":"us-central1-api"},"extension":{},"message":"\u001b[90m> \u001b[39m Emitted 'error' event on Server instance at:\r"}}
[info] >      at emitErrorNT (node:net:1925:8) {"user":"    at emitErrorNT (node:net:1925:8)\r","metadata":{"emulator":{"name":"functions"},"function":{"name":"us-central1-api"},"extension":{},"message":"\u001b[90m> \u001b[39m     at emitErrorNT (node:net:1925:8)\r"}}
[info] >      at process.processTicksAndRejections (node:internal/process/task_queues:82:21) { {"user":"    at process.processTicksAndRejections (node:internal/process/task_queues:82:21) {\r","metadata":{"emulator":{"name":"functions"},"function":{"name":"us-central1-api"},"extension":{},"message":"\u001b[90m> \u001b[39m     at process.processTicksAndRejections (node:internal/process/task_queues:82:21) {\r"}}
[info] >    code: 'EADDRINUSE', {"user":"  code: 'EADDRINUSE',\r","metadata":{"emulator":{"name":"functions"},"function":{"name":"us-central1-api"},"extension":{},"message":"\u001b[90m> \u001b[39m   code: 'EADDRINUSE',\r"}}
[info] >    errno: -4091, {"user":"  errno: -4091,\r","metadata":{"emulator":{"name":"functions"},"function":{"name":"us-central1-api"},"extension":{},"message":"\u001b[90m> \u001b[39m   errno: -4091,\r"}}
[info] >    syscall: 'listen', {"user":"  syscall: 'listen',\r","metadata":{"emulator":{"name":"functions"},"function":{"name":"us-central1-api"},"extension":{},"message":"\u001b[90m> \u001b[39m   syscall: 'listen',\r"}}
[info] >    address: '::', {"user":"  address: '::',\r","metadata":{"emulator":{"name":"functions"},"function":{"name":"us-central1-api"},"extension":{},"message":"\u001b[90m> \u001b[39m   address: '::',\r"}}
[info] >    port: 5000 {"user":"  port: 5000\r","metadata":{"emulator":{"name":"functions"},"function":{"name":"us-central1-api"},"extension":{},"message":"\u001b[90m> \u001b[39m   port: 5000\r"}}
[info] >  } {"user":"}\r","metadata":{"emulator":{"name":"functions"},"function":{"name":"us-central1-api"},"extension":{},"message":"\u001b[90m> \u001b[39m }\r"}}
[info] >   {"user":"\r","metadata":{"emulator":{"name":"functions"},"function":{"name":"us-central1-api"},"extension":{},"message":"\u001b[90m> \u001b[39m \r"}}
[info] >  Node.js v20.13.1 {"user":"Node.js v20.13.1\r","metadata":{"emulator":{"name":"functions"},"function":{"name":"us-central1-api"},"extension":{},"message":"\u001b[90m> \u001b[39m Node.js v20.13.1\r"}}
[debug] [2024-07-19T12:32:51.372Z] [worker-us-central1-api-7492bd8d-65af-45ba-b6c8-76b948e2d29d]: exited {"metadata":{"emulator":{"name":"functions"},"function":{"name":"us-central1-api"},"extension":{},"message":"[worker-us-central1-api-7492bd8d-65af-45ba-b6c8-76b948e2d29d]: exited"}}
[debug] [2024-07-19T12:32:51.372Z] [worker-us-central1-api-7492bd8d-65af-45ba-b6c8-76b948e2d29d]: FINISHED {"metadata":{"emulator":{"name":"functions"},"function":{"name":"us-central1-api"},"extension":{},"message":"[worker-us-central1-api-7492bd8d-65af-45ba-b6c8-76b948e2d29d]: FINISHED"}}
[error] !!  functions: Failed to handle request for function us-central1-api {"metadata":{"emulator":{"name":"functions"},"message":"Failed to handle request for function us-central1-api"}}
[error] !!  functions: Failed to start functions in D:\MyDownloads\React\demo24\functions: FirebaseError: Failed to load function. {"metadata":{"emulator":{"name":"functions"},"message":"Failed to start functions in D:\\MyDownloads\\React\\demo24\\functions: FirebaseError: Failed to load function."}}
[debug] [2024-07-19T12:32:59.272Z] [work-queue] {"queuedWork":[],"queueLength":0,"runningWork":["/challenge-db720/us-central1/api/payments/create-2024-07-19T12:32:49.231Z"],"workRunningCount":1}
[error] !!  functions: Failed to handle request for function us-central1-api {"metadata":{"emulator":{"name":"functions"},"message":"Failed to handle request for function us-central1-api"}}
[error] !!  functions: Failed to start functions in D:\MyDownloads\React\demo24\functions: FirebaseError: Failed to load function. {"metadata":{"emulator":{"name":"functions"},"message":"Failed to start functions in D:\\MyDownloads\\React\\demo24\\functions: FirebaseError: Failed to load function."}}
[debug] [2024-07-19T12:33:19.336Z] [work-queue] {"queuedWork":[],"queueLength":0,"runningWork":[],"workRunningCount":0}
[debug] [2024-07-19T12:39:31.534Z] File D:\MyDownloads\React\demo24\functions\index.js changed, reloading triggers {"metadata":{"emulator":{"name":"functions"},"message":"File D:\\MyDownloads\\React\\demo24\\functions\\index.js changed, reloading triggers"}}
[debug] [2024-07-19T12:39:32.547Z] Validating nodejs source
[debug] [2024-07-19T12:39:36.093Z] > [functions] package.json contents: {
  "name": "functions",
  "description": "Cloud Functions for Firebase",
  "scripts": {
    "lint": "eslint .",
    "serve": "firebase emulators:start --only functions",
    "shell": "firebase functions:shell",
    "start": "npm run shell",
    "deploy": "firebase deploy --only functions",
    "logs": "firebase functions:log"
  },
  "engines": {
    "node": "20"
  },
  "main": "index.js",
  "dependencies": {
    "cors": "^2.8.5",
    "express": "^4.19.2",
    "firebase-admin": "^12.1.0",
    "firebase-functions": "^5.0.0",
    "stripe": "^16.2.0"
  },
  "devDependencies": {
    "eslint": "^8.15.0",
    "eslint-config-google": "^0.14.0",
    "firebase-functions-test": "^3.1.0"
  },
  "private": true
}
[debug] [2024-07-19T12:39:36.094Z] Building nodejs source
[debug] [2024-07-19T12:39:36.094Z] Failed to find version of module node: reached end of search path D:\MyDownloads\React\demo24\functions\node_modules
[warn] !  functions: Your requested "node" version "18" doesn't match your global version "20". Using node@20 from host. 
[debug] [2024-07-19T12:39:36.095Z] Could not find functions.yaml. Must use http discovery
[debug] [2024-07-19T12:39:36.101Z] Found firebase-functions binary at 'D:\MyDownloads\React\demo24\functions\node_modules\.bin\firebase-functions'
[info] Serving at port 8499

[error] node:events:497
      throw er; // Unhandled 'error' event
      ^

Error: listen EADDRINUSE: address already in use :::5000
    at Server.setupListenHandle [as _listen2] (node:net:1898:16)
    at listenInCluster (node:net:1946:12)
    at Server.listen (node:net:2044:7)
    at Function.listen (D:\MyDownloads\React\demo24\functions\node_modules\express\lib\application.js:635:24)
    at Object.<anonymous> (D:\MyDownloads\React\demo24\functions\index.js:37:5)
    at Module._compile (node:internal/modules/cjs/loader:1358:14)
    at Module._extensions..js (node:internal/modules/cjs/loader:1416:10)
    at Module.load (node:internal/modules/cjs/loader:1208:32)
    at Module._load (node:internal/modules/cjs/loader:1024:12)
    at Module.require (node:internal/modules/cjs/loader:1233:19)
Emitted 'error' event on Server instance at:
    at emitErrorNT (node:net:1925:8)
    at process.processTicksAndRejections (node:internal/process/task_queues:82:21) {
  code: 'EADDRINUSE',
  errno: -4091,
  syscall: 'listen',
  address: '::',
  port: 5000
}

Node.js v20.13.1

[debug] [2024-07-19T12:39:36.947Z] Failed to call quitquitquit. This often means the server failed to start request to http://localhost:8499/__/quitquitquit failed, reason:  {"message":"request to http://localhost:8499/__/quitquitquit failed, reason: ","type":"system","errno":"ECONNREFUSED","code":"ECONNREFUSED"}
[error] !!  functions: Failed to load function definition from source: FetchError: request to http://127.0.0.1:8499/__/functions.yaml failed, reason: read ECONNRESET {"metadata":{"emulator":{"name":"functions"},"message":"Failed to load function definition from source: FetchError: request to http://127.0.0.1:8499/__/functions.yaml failed, reason: read ECONNRESET"}}
[debug] [2024-07-19T12:39:43.390Z] [work-queue] {"queuedWork":["/challenge-db720/us-central1/api/payments/create-2024-07-19T12:39:43.390Z"],"queueLength":1,"runningWork":[],"workRunningCount":0}
[debug] [2024-07-19T12:39:43.390Z] [work-queue] {"queuedWork":[],"queueLength":0,"runningWork":["/challenge-db720/us-central1/api/payments/create-2024-07-19T12:39:43.390Z"],"workRunningCount":1}
[debug] [2024-07-19T12:39:43.390Z] Accepted request POST /challenge-db720/us-central1/api/payments/create?total=0 --> us-central1-api
[debug] [2024-07-19T12:39:43.391Z] [functions] Runtime ready! Sending request! {"metadata":{"emulator":{"name":"functions"},"message":"[functions] Runtime ready! Sending request!"}}
[debug] [2024-07-19T12:39:43.391Z] [functions] Got req.url=/challenge-db720/us-central1/api/payments/create?total=0, mapping to path=/payments/create?total=0 {"metadata":{"emulator":{"name":"functions"},"message":"[functions] Got req.url=/challenge-db720/us-central1/api/payments/create?total=0, mapping to path=/payments/create?total=0"}}
[debug] [2024-07-19T12:39:43.391Z] [worker-pool] Cleaned up workers for us-central1-api: 1 --> 0 {"metadata":{"emulator":{"name":"functions"},"message":"[worker-pool] Cleaned up workers for us-central1-api: 1 --> 0"}}
[debug] [2024-07-19T12:39:43.407Z] [worker-pool] addWorker(us-central1-api) {"metadata":{"emulator":{"name":"functions"},"message":"[worker-pool] addWorker(us-central1-api)"}}
[debug] [2024-07-19T12:39:43.407Z] [worker-pool] Adding worker with key us-central1-api, total=1 {"metadata":{"emulator":{"name":"functions"},"message":"[worker-pool] Adding worker with key us-central1-api, total=1"}}
[debug] [2024-07-19T12:39:45.275Z] [runtime-status] [25124] Resolved module firebase-admin {"declared":true,"installed":true,"version":"12.2.0","resolution":"D:\\MyDownloads\\React\\demo24\\functions\\node_modules\\firebase-admin\\lib\\index.js"} {"metadata":{"emulator":{"name":"functions"},"function":{"name":"us-central1-api"},"extension":{},"message":"[runtime-status] [25124] Resolved module firebase-admin {\"declared\":true,\"installed\":true,\"version\":\"12.2.0\",\"resolution\":\"D:\\\\MyDownloads\\\\React\\\\demo24\\\\functions\\\\node_modules\\\\firebase-admin\\\\lib\\\\index.js\"}"}}
[debug] [2024-07-19T12:39:45.278Z] [runtime-status] [25124] Resolved module firebase-functions {"declared":true,"installed":true,"version":"5.0.1","resolution":"D:\\MyDownloads\\React\\demo24\\functions\\node_modules\\firebase-functions\\lib\\v1\\index.js"} {"metadata":{"emulator":{"name":"functions"},"function":{"name":"us-central1-api"},"extension":{},"message":"[runtime-status] [25124] Resolved module firebase-functions {\"declared\":true,\"installed\":true,\"version\":\"5.0.1\",\"resolution\":\"D:\\\\MyDownloads\\\\React\\\\demo24\\\\functions\\\\node_modules\\\\firebase-functions\\\\lib\\\\v1\\\\index.js\"}"}}
[debug] [2024-07-19T12:39:45.279Z] [runtime-status] [25124] Outgoing network have been stubbed. [{"name":"http","status":"mocked"},{"name":"http","status":"mocked"},{"name":"https","status":"mocked"},{"name":"https","status":"mocked"},{"name":"net","status":"mocked"}] {"metadata":{"emulator":{"name":"functions"},"function":{"name":"us-central1-api"},"extension":{},"message":"[runtime-status] [25124] Outgoing network have been stubbed. [{\"name\":\"http\",\"status\":\"mocked\"},{\"name\":\"http\",\"status\":\"mocked\"},{\"name\":\"https\",\"status\":\"mocked\"},{\"name\":\"https\",\"status\":\"mocked\"},{\"name\":\"net\",\"status\":\"mocked\"}]"}}
[debug] [2024-07-19T12:39:45.280Z] [runtime-status] [25124] Resolved module firebase-functions {"declared":true,"installed":true,"version":"5.0.1","resolution":"D:\\MyDownloads\\React\\demo24\\functions\\node_modules\\firebase-functions\\lib\\v1\\index.js"} {"metadata":{"emulator":{"name":"functions"},"function":{"name":"us-central1-api"},"extension":{},"message":"[runtime-status] [25124] Resolved module firebase-functions {\"declared\":true,\"installed\":true,\"version\":\"5.0.1\",\"resolution\":\"D:\\\\MyDownloads\\\\React\\\\demo24\\\\functions\\\\node_modules\\\\firebase-functions\\\\lib\\\\v1\\\\index.js\"}"}}
[debug] [2024-07-19T12:39:45.611Z] [runtime-status] [25124] Checked functions.config() {"config":{}} {"metadata":{"emulator":{"name":"functions"},"function":{"name":"us-central1-api"},"extension":{},"message":"[runtime-status] [25124] Checked functions.config() {\"config\":{}}"}}
[debug] [2024-07-19T12:39:45.612Z] [runtime-status] [25124] firebase-functions has been stubbed. {"functionsResolution":{"declared":true,"installed":true,"version":"5.0.1","resolution":"D:\\MyDownloads\\React\\demo24\\functions\\node_modules\\firebase-functions\\lib\\v1\\index.js"}} {"metadata":{"emulator":{"name":"functions"},"function":{"name":"us-central1-api"},"extension":{},"message":"[runtime-status] [25124] firebase-functions has been stubbed. {\"functionsResolution\":{\"declared\":true,\"installed\":true,\"version\":\"5.0.1\",\"resolution\":\"D:\\\\MyDownloads\\\\React\\\\demo24\\\\functions\\\\node_modules\\\\firebase-functions\\\\lib\\\\v1\\\\index.js\"}}"}}
[debug] [2024-07-19T12:39:45.612Z] [runtime-status] [25124] Resolved module firebase-functions {"declared":true,"installed":true,"version":"5.0.1","resolution":"D:\\MyDownloads\\React\\demo24\\functions\\node_modules\\firebase-functions\\lib\\v1\\index.js"} {"metadata":{"emulator":{"name":"functions"},"function":{"name":"us-central1-api"},"extension":{},"message":"[runtime-status] [25124] Resolved module firebase-functions {\"declared\":true,\"installed\":true,\"version\":\"5.0.1\",\"resolution\":\"D:\\\\MyDownloads\\\\React\\\\demo24\\\\functions\\\\node_modules\\\\firebase-functions\\\\lib\\\\v1\\\\index.js\"}"}}
[debug] [2024-07-19T12:39:45.613Z] [runtime-status] [25124] Resolved module firebase-admin {"declared":true,"installed":true,"version":"12.2.0","resolution":"D:\\MyDownloads\\React\\demo24\\functions\\node_modules\\firebase-admin\\lib\\index.js"} {"metadata":{"emulator":{"name":"functions"},"function":{"name":"us-central1-api"},"extension":{},"message":"[runtime-status] [25124] Resolved module firebase-admin {\"declared\":true,\"installed\":true,\"version\":\"12.2.0\",\"resolution\":\"D:\\\\MyDownloads\\\\React\\\\demo24\\\\functions\\\\node_modules\\\\firebase-admin\\\\lib\\\\index.js\"}"}}
[debug] [2024-07-19T12:39:45.615Z] [runtime-status] [25124] Resolved module firebase-functions {"declared":true,"installed":true,"version":"5.0.1","resolution":"D:\\MyDownloads\\React\\demo24\\functions\\node_modules\\firebase-functions\\lib\\v1\\index.js"} {"metadata":{"emulator":{"name":"functions"},"function":{"name":"us-central1-api"},"extension":{},"message":"[runtime-status] [25124] Resolved module firebase-functions {\"declared\":true,\"installed\":true,\"version\":\"5.0.1\",\"resolution\":\"D:\\\\MyDownloads\\\\React\\\\demo24\\\\functions\\\\node_modules\\\\firebase-functions\\\\lib\\\\v1\\\\index.js\"}"}}
[debug] [2024-07-19T12:39:45.615Z] [runtime-status] [25124] firebase-admin has been stubbed. {"adminResolution":{"declared":true,"installed":true,"version":"12.2.0","resolution":"D:\\MyDownloads\\React\\demo24\\functions\\node_modules\\firebase-admin\\lib\\index.js"}} {"metadata":{"emulator":{"name":"functions"},"function":{"name":"us-central1-api"},"extension":{},"message":"[runtime-status] [25124] firebase-admin has been stubbed. {\"adminResolution\":{\"declared\":true,\"installed\":true,\"version\":\"12.2.0\",\"resolution\":\"D:\\\\MyDownloads\\\\React\\\\demo24\\\\functions\\\\node_modules\\\\firebase-admin\\\\lib\\\\index.js\"}}"}}
[debug] [2024-07-19T12:39:45.813Z] [runtime-status] [25124] Functions runtime initialized. {"cwd":"D:\\MyDownloads\\React\\demo24\\functions","node_version":"20.13.1"} {"metadata":{"emulator":{"name":"functions"},"function":{"name":"us-central1-api"},"extension":{},"message":"[runtime-status] [25124] Functions runtime initialized. {\"cwd\":\"D:\\\\MyDownloads\\\\React\\\\demo24\\\\functions\",\"node_version\":\"20.13.1\"}"}}
[info] >  node:events:497 {"user":"node:events:497\r","metadata":{"emulator":{"name":"functions"},"function":{"name":"us-central1-api"},"extension":{},"message":"\u001b[90m> \u001b[39m node:events:497\r"}}
[info] >        throw er; // Unhandled 'error' event {"user":"      throw er; // Unhandled 'error' event\r","metadata":{"emulator":{"name":"functions"},"function":{"name":"us-central1-api"},"extension":{},"message":"\u001b[90m> \u001b[39m       throw er; // Unhandled 'error' event\r"}}
[info] >        ^ {"user":"      ^\r","metadata":{"emulator":{"name":"functions"},"function":{"name":"us-central1-api"},"extension":{},"message":"\u001b[90m> \u001b[39m       ^\r"}}
[info] >   {"user":"\r","metadata":{"emulator":{"name":"functions"},"function":{"name":"us-central1-api"},"extension":{},"message":"\u001b[90m> \u001b[39m \r"}}
[info] >  Error: listen EADDRINUSE: address already in use :::5000 {"user":"Error: listen EADDRINUSE: address already in use :::5000\r","metadata":{"emulator":{"name":"functions"},"function":{"name":"us-central1-api"},"extension":{},"message":"\u001b[90m> \u001b[39m Error: listen EADDRINUSE: address already in use :::5000\r"}}
[info] >      at Server.setupListenHandle [as _listen2] (node:net:1898:16) {"user":"    at Server.setupListenHandle [as _listen2] (node:net:1898:16)\r","metadata":{"emulator":{"name":"functions"},"function":{"name":"us-central1-api"},"extension":{},"message":"\u001b[90m> \u001b[39m     at Server.setupListenHandle [as _listen2] (node:net:1898:16)\r"}}
[info] >      at listenInCluster (node:net:1946:12) {"user":"    at listenInCluster (node:net:1946:12)\r","metadata":{"emulator":{"name":"functions"},"function":{"name":"us-central1-api"},"extension":{},"message":"\u001b[90m> \u001b[39m     at listenInCluster (node:net:1946:12)\r"}}
[info] >      at Server.listen (node:net:2044:7) {"user":"    at Server.listen (node:net:2044:7)\r","metadata":{"emulator":{"name":"functions"},"function":{"name":"us-central1-api"},"extension":{},"message":"\u001b[90m> \u001b[39m     at Server.listen (node:net:2044:7)\r"}}
[info] >      at Function.listen (D:\MyDownloads\React\demo24\functions\node_modules\express\lib\application.js:635:24) {"user":"    at Function.listen (D:\\MyDownloads\\React\\demo24\\functions\\node_modules\\express\\lib\\application.js:635:24)\r","metadata":{"emulator":{"name":"functions"},"function":{"name":"us-central1-api"},"extension":{},"message":"\u001b[90m> \u001b[39m     at Function.listen (D:\\MyDownloads\\React\\demo24\\functions\\node_modules\\express\\lib\\application.js:635:24)\r"}}
[info] >      at Object.<anonymous> (D:\MyDownloads\React\demo24\functions\index.js:37:5) {"user":"    at Object.<anonymous> (D:\\MyDownloads\\React\\demo24\\functions\\index.js:37:5)\r","metadata":{"emulator":{"name":"functions"},"function":{"name":"us-central1-api"},"extension":{},"message":"\u001b[90m> \u001b[39m     at Object.<anonymous> (D:\\MyDownloads\\React\\demo24\\functions\\index.js:37:5)\r"}}
[info] >      at Module._compile (node:internal/modules/cjs/loader:1358:14) {"user":"    at Module._compile (node:internal/modules/cjs/loader:1358:14)\r","metadata":{"emulator":{"name":"functions"},"function":{"name":"us-central1-api"},"extension":{},"message":"\u001b[90m> \u001b[39m     at Module._compile (node:internal/modules/cjs/loader:1358:14)\r"}}
[info] >      at Module._extensions..js (node:internal/modules/cjs/loader:1416:10) {"user":"    at Module._extensions..js (node:internal/modules/cjs/loader:1416:10)\r","metadata":{"emulator":{"name":"functions"},"function":{"name":"us-central1-api"},"extension":{},"message":"\u001b[90m> \u001b[39m     at Module._extensions..js (node:internal/modules/cjs/loader:1416:10)\r"}}
[info] >      at Module.load (node:internal/modules/cjs/loader:1208:32) {"user":"    at Module.load (node:internal/modules/cjs/loader:1208:32)\r","metadata":{"emulator":{"name":"functions"},"function":{"name":"us-central1-api"},"extension":{},"message":"\u001b[90m> \u001b[39m     at Module.load (node:internal/modules/cjs/loader:1208:32)\r"}}
[info] >      at Module._load (node:internal/modules/cjs/loader:1024:12) {"user":"    at Module._load (node:internal/modules/cjs/loader:1024:12)\r","metadata":{"emulator":{"name":"functions"},"function":{"name":"us-central1-api"},"extension":{},"message":"\u001b[90m> \u001b[39m     at Module._load (node:internal/modules/cjs/loader:1024:12)\r"}}
[info] >      at Module.require (node:internal/modules/cjs/loader:1233:19) {"user":"    at Module.require (node:internal/modules/cjs/loader:1233:19)\r","metadata":{"emulator":{"name":"functions"},"function":{"name":"us-central1-api"},"extension":{},"message":"\u001b[90m> \u001b[39m     at Module.require (node:internal/modules/cjs/loader:1233:19)\r"}}
[info] >  Emitted 'error' event on Server instance at: {"user":"Emitted 'error' event on Server instance at:\r","metadata":{"emulator":{"name":"functions"},"function":{"name":"us-central1-api"},"extension":{},"message":"\u001b[90m> \u001b[39m Emitted 'error' event on Server instance at:\r"}}
[info] >      at emitErrorNT (node:net:1925:8) {"user":"    at emitErrorNT (node:net:1925:8)\r","metadata":{"emulator":{"name":"functions"},"function":{"name":"us-central1-api"},"extension":{},"message":"\u001b[90m> \u001b[39m     at emitErrorNT (node:net:1925:8)\r"}}
[info] >      at process.processTicksAndRejections (node:internal/process/task_queues:82:21) { {"user":"    at process.processTicksAndRejections (node:internal/process/task_queues:82:21) {\r","metadata":{"emulator":{"name":"functions"},"function":{"name":"us-central1-api"},"extension":{},"message":"\u001b[90m> \u001b[39m     at process.processTicksAndRejections (node:internal/process/task_queues:82:21) {\r"}}
[info] >    code: 'EADDRINUSE', {"user":"  code: 'EADDRINUSE',\r","metadata":{"emulator":{"name":"functions"},"function":{"name":"us-central1-api"},"extension":{},"message":"\u001b[90m> \u001b[39m   code: 'EADDRINUSE',\r"}}
[info] >    errno: -4091, {"user":"  errno: -4091,\r","metadata":{"emulator":{"name":"functions"},"function":{"name":"us-central1-api"},"extension":{},"message":"\u001b[90m> \u001b[39m   errno: -4091,\r"}}
[info] >    syscall: 'listen', {"user":"  syscall: 'listen',\r","metadata":{"emulator":{"name":"functions"},"function":{"name":"us-central1-api"},"extension":{},"message":"\u001b[90m> \u001b[39m   syscall: 'listen',\r"}}
[info] >    address: '::', {"user":"  address: '::',\r","metadata":{"emulator":{"name":"functions"},"function":{"name":"us-central1-api"},"extension":{},"message":"\u001b[90m> \u001b[39m   address: '::',\r"}}
[info] >    port: 5000 {"user":"  port: 5000\r","metadata":{"emulator":{"name":"functions"},"function":{"name":"us-central1-api"},"extension":{},"message":"\u001b[90m> \u001b[39m   port: 5000\r"}}
[info] >  } {"user":"}\r","metadata":{"emulator":{"name":"functions"},"function":{"name":"us-central1-api"},"extension":{},"message":"\u001b[90m> \u001b[39m }\r"}}
[info] >   {"user":"\r","metadata":{"emulator":{"name":"functions"},"function":{"name":"us-central1-api"},"extension":{},"message":"\u001b[90m> \u001b[39m \r"}}
[info] >  Node.js v20.13.1 {"user":"Node.js v20.13.1\r","metadata":{"emulator":{"name":"functions"},"function":{"name":"us-central1-api"},"extension":{},"message":"\u001b[90m> \u001b[39m Node.js v20.13.1\r"}}
[debug] [2024-07-19T12:39:45.832Z] [worker-us-central1-api-cdfce62b-75a7-4feb-a653-c94a59e7ffd7]: exited {"metadata":{"emulator":{"name":"functions"},"function":{"name":"us-central1-api"},"extension":{},"message":"[worker-us-central1-api-cdfce62b-75a7-4feb-a653-c94a59e7ffd7]: exited"}}
[debug] [2024-07-19T12:39:45.832Z] [worker-us-central1-api-cdfce62b-75a7-4feb-a653-c94a59e7ffd7]: FINISHED {"metadata":{"emulator":{"name":"functions"},"function":{"name":"us-central1-api"},"extension":{},"message":"[worker-us-central1-api-cdfce62b-75a7-4feb-a653-c94a59e7ffd7]: FINISHED"}}
[debug] [2024-07-19T12:39:53.302Z] [work-queue] {"queuedWork":["/challenge-db720/us-central1/api/payments/create-2024-07-19T12:39:53.302Z"],"queueLength":1,"runningWork":["/challenge-db720/us-central1/api/payments/create-2024-07-19T12:39:43.390Z"],"workRunningCount":1}
[debug] [2024-07-19T12:39:53.302Z] [work-queue] {"queuedWork":[],"queueLength":0,"runningWork":["/challenge-db720/us-central1/api/payments/create-2024-07-19T12:39:43.390Z","/challenge-db720/us-central1/api/payments/create-2024-07-19T12:39:53.302Z"],"workRunningCount":2}
[debug] [2024-07-19T12:39:53.302Z] Accepted request POST /challenge-db720/us-central1/api/payments/create?total=33799 --> us-central1-api
[debug] [2024-07-19T12:39:53.303Z] [functions] Runtime ready! Sending request! {"metadata":{"emulator":{"name":"functions"},"message":"[functions] Runtime ready! Sending request!"}}
[debug] [2024-07-19T12:39:53.303Z] [functions] Got req.url=/challenge-db720/us-central1/api/payments/create?total=33799, mapping to path=/payments/create?total=33799 {"metadata":{"emulator":{"name":"functions"},"message":"[functions] Got req.url=/challenge-db720/us-central1/api/payments/create?total=33799, mapping to path=/payments/create?total=33799"}}
[debug] [2024-07-19T12:39:53.303Z] [worker-pool] Cleaned up workers for us-central1-api: 1 --> 0 {"metadata":{"emulator":{"name":"functions"},"message":"[worker-pool] Cleaned up workers for us-central1-api: 1 --> 0"}}
[debug] [2024-07-19T12:39:53.321Z] [worker-pool] addWorker(us-central1-api) {"metadata":{"emulator":{"name":"functions"},"message":"[worker-pool] addWorker(us-central1-api)"}}
[debug] [2024-07-19T12:39:53.321Z] [worker-pool] Adding worker with key us-central1-api, total=1 {"metadata":{"emulator":{"name":"functions"},"message":"[worker-pool] Adding worker with key us-central1-api, total=1"}}
[debug] [2024-07-19T12:39:54.941Z] [runtime-status] [2596] Resolved module firebase-admin {"declared":true,"installed":true,"version":"12.2.0","resolution":"D:\\MyDownloads\\React\\demo24\\functions\\node_modules\\firebase-admin\\lib\\index.js"} {"metadata":{"emulator":{"name":"functions"},"function":{"name":"us-central1-api"},"extension":{},"message":"[runtime-status] [2596] Resolved module firebase-admin {\"declared\":true,\"installed\":true,\"version\":\"12.2.0\",\"resolution\":\"D:\\\\MyDownloads\\\\React\\\\demo24\\\\functions\\\\node_modules\\\\firebase-admin\\\\lib\\\\index.js\"}"}}
[debug] [2024-07-19T12:39:54.943Z] [runtime-status] [2596] Resolved module firebase-functions {"declared":true,"installed":true,"version":"5.0.1","resolution":"D:\\MyDownloads\\React\\demo24\\functions\\node_modules\\firebase-functions\\lib\\v1\\index.js"} {"metadata":{"emulator":{"name":"functions"},"function":{"name":"us-central1-api"},"extension":{},"message":"[runtime-status] [2596] Resolved module firebase-functions {\"declared\":true,\"installed\":true,\"version\":\"5.0.1\",\"resolution\":\"D:\\\\MyDownloads\\\\React\\\\demo24\\\\functions\\\\node_modules\\\\firebase-functions\\\\lib\\\\v1\\\\index.js\"}"}}
[debug] [2024-07-19T12:39:54.943Z] [runtime-status] [2596] Outgoing network have been stubbed. [{"name":"http","status":"mocked"},{"name":"http","status":"mocked"},{"name":"https","status":"mocked"},{"name":"https","status":"mocked"},{"name":"net","status":"mocked"}] {"metadata":{"emulator":{"name":"functions"},"function":{"name":"us-central1-api"},"extension":{},"message":"[runtime-status] [2596] Outgoing network have been stubbed. [{\"name\":\"http\",\"status\":\"mocked\"},{\"name\":\"http\",\"status\":\"mocked\"},{\"name\":\"https\",\"status\":\"mocked\"},{\"name\":\"https\",\"status\":\"mocked\"},{\"name\":\"net\",\"status\":\"mocked\"}]"}}
[debug] [2024-07-19T12:39:54.944Z] [runtime-status] [2596] Resolved module firebase-functions {"declared":true,"installed":true,"version":"5.0.1","resolution":"D:\\MyDownloads\\React\\demo24\\functions\\node_modules\\firebase-functions\\lib\\v1\\index.js"} {"metadata":{"emulator":{"name":"functions"},"function":{"name":"us-central1-api"},"extension":{},"message":"[runtime-status] [2596] Resolved module firebase-functions {\"declared\":true,\"installed\":true,\"version\":\"5.0.1\",\"resolution\":\"D:\\\\MyDownloads\\\\React\\\\demo24\\\\functions\\\\node_modules\\\\firebase-functions\\\\lib\\\\v1\\\\index.js\"}"}}
[debug] [2024-07-19T12:39:55.256Z] [runtime-status] [2596] Checked functions.config() {"config":{}} {"metadata":{"emulator":{"name":"functions"},"function":{"name":"us-central1-api"},"extension":{},"message":"[runtime-status] [2596] Checked functions.config() {\"config\":{}}"}}
[debug] [2024-07-19T12:39:55.256Z] [runtime-status] [2596] firebase-functions has been stubbed. {"functionsResolution":{"declared":true,"installed":true,"version":"5.0.1","resolution":"D:\\MyDownloads\\React\\demo24\\functions\\node_modules\\firebase-functions\\lib\\v1\\index.js"}} {"metadata":{"emulator":{"name":"functions"},"function":{"name":"us-central1-api"},"extension":{},"message":"[runtime-status] [2596] firebase-functions has been stubbed. {\"functionsResolution\":{\"declared\":true,\"installed\":true,\"version\":\"5.0.1\",\"resolution\":\"D:\\\\MyDownloads\\\\React\\\\demo24\\\\functions\\\\node_modules\\\\firebase-functions\\\\lib\\\\v1\\\\index.js\"}}"}}
[debug] [2024-07-19T12:39:55.258Z] [runtime-status] [2596] Resolved module firebase-functions {"declared":true,"installed":true,"version":"5.0.1","resolution":"D:\\MyDownloads\\React\\demo24\\functions\\node_modules\\firebase-functions\\lib\\v1\\index.js"} {"metadata":{"emulator":{"name":"functions"},"function":{"name":"us-central1-api"},"extension":{},"message":"[runtime-status] [2596] Resolved module firebase-functions {\"declared\":true,\"installed\":true,\"version\":\"5.0.1\",\"resolution\":\"D:\\\\MyDownloads\\\\React\\\\demo24\\\\functions\\\\node_modules\\\\firebase-functions\\\\lib\\\\v1\\\\index.js\"}"}}
[debug] [2024-07-19T12:39:55.259Z] [runtime-status] [2596] Resolved module firebase-admin {"declared":true,"installed":true,"version":"12.2.0","resolution":"D:\\MyDownloads\\React\\demo24\\functions\\node_modules\\firebase-admin\\lib\\index.js"} {"metadata":{"emulator":{"name":"functions"},"function":{"name":"us-central1-api"},"extension":{},"message":"[runtime-status] [2596] Resolved module firebase-admin {\"declared\":true,\"installed\":true,\"version\":\"12.2.0\",\"resolution\":\"D:\\\\MyDownloads\\\\React\\\\demo24\\\\functions\\\\node_modules\\\\firebase-admin\\\\lib\\\\index.js\"}"}}
[debug] [2024-07-19T12:39:55.261Z] [runtime-status] [2596] Resolved module firebase-functions {"declared":true,"installed":true,"version":"5.0.1","resolution":"D:\\MyDownloads\\React\\demo24\\functions\\node_modules\\firebase-functions\\lib\\v1\\index.js"} {"metadata":{"emulator":{"name":"functions"},"function":{"name":"us-central1-api"},"extension":{},"message":"[runtime-status] [2596] Resolved module firebase-functions {\"declared\":true,\"installed\":true,\"version\":\"5.0.1\",\"resolution\":\"D:\\\\MyDownloads\\\\React\\\\demo24\\\\functions\\\\node_modules\\\\firebase-functions\\\\lib\\\\v1\\\\index.js\"}"}}
[debug] [2024-07-19T12:39:55.262Z] [runtime-status] [2596] firebase-admin has been stubbed. {"adminResolution":{"declared":true,"installed":true,"version":"12.2.0","resolution":"D:\\MyDownloads\\React\\demo24\\functions\\node_modules\\firebase-admin\\lib\\index.js"}} {"metadata":{"emulator":{"name":"functions"},"function":{"name":"us-central1-api"},"extension":{},"message":"[runtime-status] [2596] firebase-admin has been stubbed. {\"adminResolution\":{\"declared\":true,\"installed\":true,\"version\":\"12.2.0\",\"resolution\":\"D:\\\\MyDownloads\\\\React\\\\demo24\\\\functions\\\\node_modules\\\\firebase-admin\\\\lib\\\\index.js\"}}"}}
[debug] [2024-07-19T12:39:55.457Z] [runtime-status] [2596] Functions runtime initialized. {"cwd":"D:\\MyDownloads\\React\\demo24\\functions","node_version":"20.13.1"} {"metadata":{"emulator":{"name":"functions"},"function":{"name":"us-central1-api"},"extension":{},"message":"[runtime-status] [2596] Functions runtime initialized. {\"cwd\":\"D:\\\\MyDownloads\\\\React\\\\demo24\\\\functions\",\"node_version\":\"20.13.1\"}"}}
[info] >  node:events:497 {"user":"node:events:497\r","metadata":{"emulator":{"name":"functions"},"function":{"name":"us-central1-api"},"extension":{},"message":"\u001b[90m> \u001b[39m node:events:497\r"}}
[info] >        throw er; // Unhandled 'error' event {"user":"      throw er; // Unhandled 'error' event\r","metadata":{"emulator":{"name":"functions"},"function":{"name":"us-central1-api"},"extension":{},"message":"\u001b[90m> \u001b[39m       throw er; // Unhandled 'error' event\r"}}
[info] >        ^ {"user":"      ^\r","metadata":{"emulator":{"name":"functions"},"function":{"name":"us-central1-api"},"extension":{},"message":"\u001b[90m> \u001b[39m       ^\r"}}
[info] >   {"user":"\r","metadata":{"emulator":{"name":"functions"},"function":{"name":"us-central1-api"},"extension":{},"message":"\u001b[90m> \u001b[39m \r"}}
[info] >  Error: listen EADDRINUSE: address already in use :::5000 {"user":"Error: listen EADDRINUSE: address already in use :::5000\r","metadata":{"emulator":{"name":"functions"},"function":{"name":"us-central1-api"},"extension":{},"message":"\u001b[90m> \u001b[39m Error: listen EADDRINUSE: address already in use :::5000\r"}}
[info] >      at Server.setupListenHandle [as _listen2] (node:net:1898:16) {"user":"    at Server.setupListenHandle [as _listen2] (node:net:1898:16)\r","metadata":{"emulator":{"name":"functions"},"function":{"name":"us-central1-api"},"extension":{},"message":"\u001b[90m> \u001b[39m     at Server.setupListenHandle [as _listen2] (node:net:1898:16)\r"}}
[info] >      at listenInCluster (node:net:1946:12) {"user":"    at listenInCluster (node:net:1946:12)\r","metadata":{"emulator":{"name":"functions"},"function":{"name":"us-central1-api"},"extension":{},"message":"\u001b[90m> \u001b[39m     at listenInCluster (node:net:1946:12)\r"}}
[info] >      at Server.listen (node:net:2044:7) {"user":"    at Server.listen (node:net:2044:7)\r","metadata":{"emulator":{"name":"functions"},"function":{"name":"us-central1-api"},"extension":{},"message":"\u001b[90m> \u001b[39m     at Server.listen (node:net:2044:7)\r"}}
[info] >      at Function.listen (D:\MyDownloads\React\demo24\functions\node_modules\express\lib\application.js:635:24) {"user":"    at Function.listen (D:\\MyDownloads\\React\\demo24\\functions\\node_modules\\express\\lib\\application.js:635:24)\r","metadata":{"emulator":{"name":"functions"},"function":{"name":"us-central1-api"},"extension":{},"message":"\u001b[90m> \u001b[39m     at Function.listen (D:\\MyDownloads\\React\\demo24\\functions\\node_modules\\express\\lib\\application.js:635:24)\r"}}
[info] >      at Object.<anonymous> (D:\MyDownloads\React\demo24\functions\index.js:37:5) {"user":"    at Object.<anonymous> (D:\\MyDownloads\\React\\demo24\\functions\\index.js:37:5)\r","metadata":{"emulator":{"name":"functions"},"function":{"name":"us-central1-api"},"extension":{},"message":"\u001b[90m> \u001b[39m     at Object.<anonymous> (D:\\MyDownloads\\React\\demo24\\functions\\index.js:37:5)\r"}}
[info] >      at Module._compile (node:internal/modules/cjs/loader:1358:14) {"user":"    at Module._compile (node:internal/modules/cjs/loader:1358:14)\r","metadata":{"emulator":{"name":"functions"},"function":{"name":"us-central1-api"},"extension":{},"message":"\u001b[90m> \u001b[39m     at Module._compile (node:internal/modules/cjs/loader:1358:14)\r"}}
[info] >      at Module._extensions..js (node:internal/modules/cjs/loader:1416:10) {"user":"    at Module._extensions..js (node:internal/modules/cjs/loader:1416:10)\r","metadata":{"emulator":{"name":"functions"},"function":{"name":"us-central1-api"},"extension":{},"message":"\u001b[90m> \u001b[39m     at Module._extensions..js (node:internal/modules/cjs/loader:1416:10)\r"}}
[info] >      at Module.load (node:internal/modules/cjs/loader:1208:32) {"user":"    at Module.load (node:internal/modules/cjs/loader:1208:32)\r","metadata":{"emulator":{"name":"functions"},"function":{"name":"us-central1-api"},"extension":{},"message":"\u001b[90m> \u001b[39m     at Module.load (node:internal/modules/cjs/loader:1208:32)\r"}}
[info] >      at Module._load (node:internal/modules/cjs/loader:1024:12) {"user":"    at Module._load (node:internal/modules/cjs/loader:1024:12)\r","metadata":{"emulator":{"name":"functions"},"function":{"name":"us-central1-api"},"extension":{},"message":"\u001b[90m> \u001b[39m     at Module._load (node:internal/modules/cjs/loader:1024:12)\r"}}
[info] >      at Module.require (node:internal/modules/cjs/loader:1233:19) {"user":"    at Module.require (node:internal/modules/cjs/loader:1233:19)\r","metadata":{"emulator":{"name":"functions"},"function":{"name":"us-central1-api"},"extension":{},"message":"\u001b[90m> \u001b[39m     at Module.require (node:internal/modules/cjs/loader:1233:19)\r"}}
[info] >  Emitted 'error' event on Server instance at: {"user":"Emitted 'error' event on Server instance at:\r","metadata":{"emulator":{"name":"functions"},"function":{"name":"us-central1-api"},"extension":{},"message":"\u001b[90m> \u001b[39m Emitted 'error' event on Server instance at:\r"}}
[info] >      at emitErrorNT (node:net:1925:8) {"user":"    at emitErrorNT (node:net:1925:8)\r","metadata":{"emulator":{"name":"functions"},"function":{"name":"us-central1-api"},"extension":{},"message":"\u001b[90m> \u001b[39m     at emitErrorNT (node:net:1925:8)\r"}}
[info] >      at process.processTicksAndRejections (node:internal/process/task_queues:82:21) { {"user":"    at process.processTicksAndRejections (node:internal/process/task_queues:82:21) {\r","metadata":{"emulator":{"name":"functions"},"function":{"name":"us-central1-api"},"extension":{},"message":"\u001b[90m> \u001b[39m     at process.processTicksAndRejections (node:internal/process/task_queues:82:21) {\r"}}
[info] >    code: 'EADDRINUSE', {"user":"  code: 'EADDRINUSE',\r","metadata":{"emulator":{"name":"functions"},"function":{"name":"us-central1-api"},"extension":{},"message":"\u001b[90m> \u001b[39m   code: 'EADDRINUSE',\r"}}
[info] >    errno: -4091, {"user":"  errno: -4091,\r","metadata":{"emulator":{"name":"functions"},"function":{"name":"us-central1-api"},"extension":{},"message":"\u001b[90m> \u001b[39m   errno: -4091,\r"}}
[info] >    syscall: 'listen', {"user":"  syscall: 'listen',\r","metadata":{"emulator":{"name":"functions"},"function":{"name":"us-central1-api"},"extension":{},"message":"\u001b[90m> \u001b[39m   syscall: 'listen',\r"}}
[info] >    address: '::', {"user":"  address: '::',\r","metadata":{"emulator":{"name":"functions"},"function":{"name":"us-central1-api"},"extension":{},"message":"\u001b[90m> \u001b[39m   address: '::',\r"}}
[info] >    port: 5000 {"user":"  port: 5000\r","metadata":{"emulator":{"name":"functions"},"function":{"name":"us-central1-api"},"extension":{},"message":"\u001b[90m> \u001b[39m   port: 5000\r"}}
[info] >  } {"user":"}\r","metadata":{"emulator":{"name":"functions"},"function":{"name":"us-central1-api"},"extension":{},"message":"\u001b[90m> \u001b[39m }\r"}}
[info] >   {"user":"\r","metadata":{"emulator":{"name":"functions"},"function":{"name":"us-central1-api"},"extension":{},"message":"\u001b[90m> \u001b[39m \r"}}
[info] >  Node.js v20.13.1 {"user":"Node.js v20.13.1\r","metadata":{"emulator":{"name":"functions"},"function":{"name":"us-central1-api"},"extension":{},"message":"\u001b[90m> \u001b[39m Node.js v20.13.1\r"}}
[debug] [2024-07-19T12:39:55.482Z] [worker-us-central1-api-c5250760-5453-4dc6-ac6f-4b26e9d38f06]: exited {"metadata":{"emulator":{"name":"functions"},"function":{"name":"us-central1-api"},"extension":{},"message":"[worker-us-central1-api-c5250760-5453-4dc6-ac6f-4b26e9d38f06]: exited"}}
[debug] [2024-07-19T12:39:55.482Z] [worker-us-central1-api-c5250760-5453-4dc6-ac6f-4b26e9d38f06]: FINISHED {"metadata":{"emulator":{"name":"functions"},"function":{"name":"us-central1-api"},"extension":{},"message":"[worker-us-central1-api-c5250760-5453-4dc6-ac6f-4b26e9d38f06]: FINISHED"}}
[error] !!  functions: Failed to handle request for function us-central1-api {"metadata":{"emulator":{"name":"functions"},"message":"Failed to handle request for function us-central1-api"}}
[error] !!  functions: Failed to start functions in D:\MyDownloads\React\demo24\functions: FirebaseError: Failed to load function. {"metadata":{"emulator":{"name":"functions"},"message":"Failed to start functions in D:\\MyDownloads\\React\\demo24\\functions: FirebaseError: Failed to load function."}}
[debug] [2024-07-19T12:40:13.427Z] [work-queue] {"queuedWork":[],"queueLength":0,"runningWork":["/challenge-db720/us-central1/api/payments/create-2024-07-19T12:39:53.302Z"],"workRunningCount":1}
[error] !!  functions: Failed to handle request for function us-central1-api {"metadata":{"emulator":{"name":"functions"},"message":"Failed to handle request for function us-central1-api"}}
[error] !!  functions: Failed to start functions in D:\MyDownloads\React\demo24\functions: FirebaseError: Failed to load function. {"metadata":{"emulator":{"name":"functions"},"message":"Failed to start functions in D:\\MyDownloads\\React\\demo24\\functions: FirebaseError: Failed to load function."}}
[debug] [2024-07-19T12:40:23.330Z] [work-queue] {"queuedWork":[],"queueLength":0,"runningWork":[],"workRunningCount":0}
[debug] [2024-07-19T12:40:58.435Z] File D:\MyDownloads\React\demo24\functions\index.js changed, reloading triggers {"metadata":{"emulator":{"name":"functions"},"message":"File D:\\MyDownloads\\React\\demo24\\functions\\index.js changed, reloading triggers"}}
[debug] [2024-07-19T12:40:59.438Z] Validating nodejs source
[debug] [2024-07-19T12:41:01.127Z] > [functions] package.json contents: {
  "name": "functions",
  "description": "Cloud Functions for Firebase",
  "scripts": {
    "lint": "eslint .",
    "serve": "firebase emulators:start --only functions",
    "shell": "firebase functions:shell",
    "start": "npm run shell",
    "deploy": "firebase deploy --only functions",
    "logs": "firebase functions:log"
  },
  "engines": {
    "node": "20"
  },
  "main": "index.js",
  "dependencies": {
    "cors": "^2.8.5",
    "express": "^4.19.2",
    "firebase-admin": "^12.1.0",
    "firebase-functions": "^5.0.0",
    "stripe": "^16.2.0"
  },
  "devDependencies": {
    "eslint": "^8.15.0",
    "eslint-config-google": "^0.14.0",
    "firebase-functions-test": "^3.1.0"
  },
  "private": true
}
[debug] [2024-07-19T12:41:01.127Z] Building nodejs source
[debug] [2024-07-19T12:41:01.127Z] Failed to find version of module node: reached end of search path D:\MyDownloads\React\demo24\functions\node_modules
[warn] !  functions: Your requested "node" version "18" doesn't match your global version "20". Using node@20 from host. 
[debug] [2024-07-19T12:41:01.129Z] Could not find functions.yaml. Must use http discovery
[debug] [2024-07-19T12:41:01.136Z] Found firebase-functions binary at 'D:\MyDownloads\React\demo24\functions\node_modules\.bin\firebase-functions'
[info] Serving at port 8633

[error] node:events:497
      throw er; // Unhandled 'error' event
      ^

Error: listen EADDRINUSE: address already in use :::5000
    at Server.setupListenHandle [as _listen2] (node:net:1898:16)
    at listenInCluster (node:net:1946:12)
    at Server.listen (node:net:2044:7)
    at Function.listen (D:\MyDownloads\React\demo24\functions\node_modules\express\lib\application.js:635:24)
    at Object.<anonymous> (D:\MyDownloads\React\demo24\functions\index.js:37:5)
    at Module._compile (node:internal/modules/cjs/loader:1358:14)
    at Module._extensions..js (node:internal/modules/cjs/loader:1416:10)
    at Module.load (node:internal/modules/cjs/loader:1208:32)
    at Module._load (node:internal/modules/cjs/loader:1024:12)
    at Module.require (node:internal/modules/cjs/loader:1233:19)
Emitted 'error' event on Server instance at:
    at emitErrorNT (node:net:1925:8)
    at process.processTicksAndRejections (node:internal/process/task_queues:82:21) {
  code: 'EADDRINUSE',
  errno: -4091,
  syscall: 'listen',
  address: '::',
  port: 5000
}

Node.js v20.13.1

[debug] [2024-07-19T12:41:01.888Z] Failed to call quitquitquit. This often means the server failed to start request to http://localhost:8633/__/quitquitquit failed, reason:  {"message":"request to http://localhost:8633/__/quitquitquit failed, reason: ","type":"system","errno":"ECONNREFUSED","code":"ECONNREFUSED"}
[error] !!  functions: Failed to load function definition from source: FetchError: request to http://127.0.0.1:8633/__/functions.yaml failed, reason: read ECONNRESET {"metadata":{"emulator":{"name":"functions"},"message":"Failed to load function definition from source: FetchError: request to http://127.0.0.1:8633/__/functions.yaml failed, reason: read ECONNRESET"}}
[debug] [2024-07-19T12:41:04.718Z] [work-queue] {"queuedWork":["/challenge-db720/us-central1/api/payments/create-2024-07-19T12:41:04.718Z"],"queueLength":1,"runningWork":[],"workRunningCount":0}
[debug] [2024-07-19T12:41:04.718Z] [work-queue] {"queuedWork":[],"queueLength":0,"runningWork":["/challenge-db720/us-central1/api/payments/create-2024-07-19T12:41:04.718Z"],"workRunningCount":1}
[debug] [2024-07-19T12:41:04.718Z] Accepted request POST /challenge-db720/us-central1/api/payments/create?total=0 --> us-central1-api
[debug] [2024-07-19T12:41:04.719Z] [functions] Runtime ready! Sending request! {"metadata":{"emulator":{"name":"functions"},"message":"[functions] Runtime ready! Sending request!"}}
[debug] [2024-07-19T12:41:04.719Z] [functions] Got req.url=/challenge-db720/us-central1/api/payments/create?total=0, mapping to path=/payments/create?total=0 {"metadata":{"emulator":{"name":"functions"},"message":"[functions] Got req.url=/challenge-db720/us-central1/api/payments/create?total=0, mapping to path=/payments/create?total=0"}}
[debug] [2024-07-19T12:41:04.719Z] [worker-pool] Cleaned up workers for us-central1-api: 1 --> 0 {"metadata":{"emulator":{"name":"functions"},"message":"[worker-pool] Cleaned up workers for us-central1-api: 1 --> 0"}}
[debug] [2024-07-19T12:41:04.735Z] [worker-pool] addWorker(us-central1-api) {"metadata":{"emulator":{"name":"functions"},"message":"[worker-pool] addWorker(us-central1-api)"}}
[debug] [2024-07-19T12:41:04.736Z] [worker-pool] Adding worker with key us-central1-api, total=1 {"metadata":{"emulator":{"name":"functions"},"message":"[worker-pool] Adding worker with key us-central1-api, total=1"}}
[debug] [2024-07-19T12:41:06.559Z] [runtime-status] [26056] Resolved module firebase-admin {"declared":true,"installed":true,"version":"12.2.0","resolution":"D:\\MyDownloads\\React\\demo24\\functions\\node_modules\\firebase-admin\\lib\\index.js"} {"metadata":{"emulator":{"name":"functions"},"function":{"name":"us-central1-api"},"extension":{},"message":"[runtime-status] [26056] Resolved module firebase-admin {\"declared\":true,\"installed\":true,\"version\":\"12.2.0\",\"resolution\":\"D:\\\\MyDownloads\\\\React\\\\demo24\\\\functions\\\\node_modules\\\\firebase-admin\\\\lib\\\\index.js\"}"}}
[debug] [2024-07-19T12:41:06.561Z] [runtime-status] [26056] Resolved module firebase-functions {"declared":true,"installed":true,"version":"5.0.1","resolution":"D:\\MyDownloads\\React\\demo24\\functions\\node_modules\\firebase-functions\\lib\\v1\\index.js"} {"metadata":{"emulator":{"name":"functions"},"function":{"name":"us-central1-api"},"extension":{},"message":"[runtime-status] [26056] Resolved module firebase-functions {\"declared\":true,\"installed\":true,\"version\":\"5.0.1\",\"resolution\":\"D:\\\\MyDownloads\\\\React\\\\demo24\\\\functions\\\\node_modules\\\\firebase-functions\\\\lib\\\\v1\\\\index.js\"}"}}
[debug] [2024-07-19T12:41:06.562Z] [runtime-status] [26056] Outgoing network have been stubbed. [{"name":"http","status":"mocked"},{"name":"http","status":"mocked"},{"name":"https","status":"mocked"},{"name":"https","status":"mocked"},{"name":"net","status":"mocked"}] {"metadata":{"emulator":{"name":"functions"},"function":{"name":"us-central1-api"},"extension":{},"message":"[runtime-status] [26056] Outgoing network have been stubbed. [{\"name\":\"http\",\"status\":\"mocked\"},{\"name\":\"http\",\"status\":\"mocked\"},{\"name\":\"https\",\"status\":\"mocked\"},{\"name\":\"https\",\"status\":\"mocked\"},{\"name\":\"net\",\"status\":\"mocked\"}]"}}
[debug] [2024-07-19T12:41:06.563Z] [runtime-status] [26056] Resolved module firebase-functions {"declared":true,"installed":true,"version":"5.0.1","resolution":"D:\\MyDownloads\\React\\demo24\\functions\\node_modules\\firebase-functions\\lib\\v1\\index.js"} {"metadata":{"emulator":{"name":"functions"},"function":{"name":"us-central1-api"},"extension":{},"message":"[runtime-status] [26056] Resolved module firebase-functions {\"declared\":true,\"installed\":true,\"version\":\"5.0.1\",\"resolution\":\"D:\\\\MyDownloads\\\\React\\\\demo24\\\\functions\\\\node_modules\\\\firebase-functions\\\\lib\\\\v1\\\\index.js\"}"}}
[debug] [2024-07-19T12:41:06.844Z] [runtime-status] [26056] Checked functions.config() {"config":{}} {"metadata":{"emulator":{"name":"functions"},"function":{"name":"us-central1-api"},"extension":{},"message":"[runtime-status] [26056] Checked functions.config() {\"config\":{}}"}}
[debug] [2024-07-19T12:41:06.845Z] [runtime-status] [26056] firebase-functions has been stubbed. {"functionsResolution":{"declared":true,"installed":true,"version":"5.0.1","resolution":"D:\\MyDownloads\\React\\demo24\\functions\\node_modules\\firebase-functions\\lib\\v1\\index.js"}} {"metadata":{"emulator":{"name":"functions"},"function":{"name":"us-central1-api"},"extension":{},"message":"[runtime-status] [26056] firebase-functions has been stubbed. {\"functionsResolution\":{\"declared\":true,\"installed\":true,\"version\":\"5.0.1\",\"resolution\":\"D:\\\\MyDownloads\\\\React\\\\demo24\\\\functions\\\\node_modules\\\\firebase-functions\\\\lib\\\\v1\\\\index.js\"}}"}}
[debug] [2024-07-19T12:41:06.846Z] [runtime-status] [26056] Resolved module firebase-functions {"declared":true,"installed":true,"version":"5.0.1","resolution":"D:\\MyDownloads\\React\\demo24\\functions\\node_modules\\firebase-functions\\lib\\v1\\index.js"} {"metadata":{"emulator":{"name":"functions"},"function":{"name":"us-central1-api"},"extension":{},"message":"[runtime-status] [26056] Resolved module firebase-functions {\"declared\":true,\"installed\":true,\"version\":\"5.0.1\",\"resolution\":\"D:\\\\MyDownloads\\\\React\\\\demo24\\\\functions\\\\node_modules\\\\firebase-functions\\\\lib\\\\v1\\\\index.js\"}"}}
[debug] [2024-07-19T12:41:06.847Z] [runtime-status] [26056] Resolved module firebase-admin {"declared":true,"installed":true,"version":"12.2.0","resolution":"D:\\MyDownloads\\React\\demo24\\functions\\node_modules\\firebase-admin\\lib\\index.js"} {"metadata":{"emulator":{"name":"functions"},"function":{"name":"us-central1-api"},"extension":{},"message":"[runtime-status] [26056] Resolved module firebase-admin {\"declared\":true,\"installed\":true,\"version\":\"12.2.0\",\"resolution\":\"D:\\\\MyDownloads\\\\React\\\\demo24\\\\functions\\\\node_modules\\\\firebase-admin\\\\lib\\\\index.js\"}"}}
[debug] [2024-07-19T12:41:06.850Z] [runtime-status] [26056] Resolved module firebase-functions {"declared":true,"installed":true,"version":"5.0.1","resolution":"D:\\MyDownloads\\React\\demo24\\functions\\node_modules\\firebase-functions\\lib\\v1\\index.js"} {"metadata":{"emulator":{"name":"functions"},"function":{"name":"us-central1-api"},"extension":{},"message":"[runtime-status] [26056] Resolved module firebase-functions {\"declared\":true,\"installed\":true,\"version\":\"5.0.1\",\"resolution\":\"D:\\\\MyDownloads\\\\React\\\\demo24\\\\functions\\\\node_modules\\\\firebase-functions\\\\lib\\\\v1\\\\index.js\"}"}}
[debug] [2024-07-19T12:41:06.850Z] [runtime-status] [26056] firebase-admin has been stubbed. {"adminResolution":{"declared":true,"installed":true,"version":"12.2.0","resolution":"D:\\MyDownloads\\React\\demo24\\functions\\node_modules\\firebase-admin\\lib\\index.js"}} {"metadata":{"emulator":{"name":"functions"},"function":{"name":"us-central1-api"},"extension":{},"message":"[runtime-status] [26056] firebase-admin has been stubbed. {\"adminResolution\":{\"declared\":true,\"installed\":true,\"version\":\"12.2.0\",\"resolution\":\"D:\\\\MyDownloads\\\\React\\\\demo24\\\\functions\\\\node_modules\\\\firebase-admin\\\\lib\\\\index.js\"}}"}}
[debug] [2024-07-19T12:41:07.065Z] [runtime-status] [26056] Functions runtime initialized. {"cwd":"D:\\MyDownloads\\React\\demo24\\functions","node_version":"20.13.1"} {"metadata":{"emulator":{"name":"functions"},"function":{"name":"us-central1-api"},"extension":{},"message":"[runtime-status] [26056] Functions runtime initialized. {\"cwd\":\"D:\\\\MyDownloads\\\\React\\\\demo24\\\\functions\",\"node_version\":\"20.13.1\"}"}}
[info] >  node:events:497 {"user":"node:events:497\r","metadata":{"emulator":{"name":"functions"},"function":{"name":"us-central1-api"},"extension":{},"message":"\u001b[90m> \u001b[39m node:events:497\r"}}
[info] >        throw er; // Unhandled 'error' event {"user":"      throw er; // Unhandled 'error' event\r","metadata":{"emulator":{"name":"functions"},"function":{"name":"us-central1-api"},"extension":{},"message":"\u001b[90m> \u001b[39m       throw er; // Unhandled 'error' event\r"}}
[info] >        ^ {"user":"      ^\r","metadata":{"emulator":{"name":"functions"},"function":{"name":"us-central1-api"},"extension":{},"message":"\u001b[90m> \u001b[39m       ^\r"}}
[info] >   {"user":"\r","metadata":{"emulator":{"name":"functions"},"function":{"name":"us-central1-api"},"extension":{},"message":"\u001b[90m> \u001b[39m \r"}}
[info] >  Error: listen EADDRINUSE: address already in use :::5000 {"user":"Error: listen EADDRINUSE: address already in use :::5000\r","metadata":{"emulator":{"name":"functions"},"function":{"name":"us-central1-api"},"extension":{},"message":"\u001b[90m> \u001b[39m Error: listen EADDRINUSE: address already in use :::5000\r"}}
[info] >      at Server.setupListenHandle [as _listen2] (node:net:1898:16) {"user":"    at Server.setupListenHandle [as _listen2] (node:net:1898:16)\r","metadata":{"emulator":{"name":"functions"},"function":{"name":"us-central1-api"},"extension":{},"message":"\u001b[90m> \u001b[39m     at Server.setupListenHandle [as _listen2] (node:net:1898:16)\r"}}
[info] >      at listenInCluster (node:net:1946:12) {"user":"    at listenInCluster (node:net:1946:12)\r","metadata":{"emulator":{"name":"functions"},"function":{"name":"us-central1-api"},"extension":{},"message":"\u001b[90m> \u001b[39m     at listenInCluster (node:net:1946:12)\r"}}
[info] >      at Server.listen (node:net:2044:7) {"user":"    at Server.listen (node:net:2044:7)\r","metadata":{"emulator":{"name":"functions"},"function":{"name":"us-central1-api"},"extension":{},"message":"\u001b[90m> \u001b[39m     at Server.listen (node:net:2044:7)\r"}}
[info] >      at Function.listen (D:\MyDownloads\React\demo24\functions\node_modules\express\lib\application.js:635:24) {"user":"    at Function.listen (D:\\MyDownloads\\React\\demo24\\functions\\node_modules\\express\\lib\\application.js:635:24)\r","metadata":{"emulator":{"name":"functions"},"function":{"name":"us-central1-api"},"extension":{},"message":"\u001b[90m> \u001b[39m     at Function.listen (D:\\MyDownloads\\React\\demo24\\functions\\node_modules\\express\\lib\\application.js:635:24)\r"}}
[info] >      at Object.<anonymous> (D:\MyDownloads\React\demo24\functions\index.js:37:5) {"user":"    at Object.<anonymous> (D:\\MyDownloads\\React\\demo24\\functions\\index.js:37:5)\r","metadata":{"emulator":{"name":"functions"},"function":{"name":"us-central1-api"},"extension":{},"message":"\u001b[90m> \u001b[39m     at Object.<anonymous> (D:\\MyDownloads\\React\\demo24\\functions\\index.js:37:5)\r"}}
[info] >      at Module._compile (node:internal/modules/cjs/loader:1358:14) {"user":"    at Module._compile (node:internal/modules/cjs/loader:1358:14)\r","metadata":{"emulator":{"name":"functions"},"function":{"name":"us-central1-api"},"extension":{},"message":"\u001b[90m> \u001b[39m     at Module._compile (node:internal/modules/cjs/loader:1358:14)\r"}}
[info] >      at Module._extensions..js (node:internal/modules/cjs/loader:1416:10) {"user":"    at Module._extensions..js (node:internal/modules/cjs/loader:1416:10)\r","metadata":{"emulator":{"name":"functions"},"function":{"name":"us-central1-api"},"extension":{},"message":"\u001b[90m> \u001b[39m     at Module._extensions..js (node:internal/modules/cjs/loader:1416:10)\r"}}
[info] >      at Module.load (node:internal/modules/cjs/loader:1208:32) {"user":"    at Module.load (node:internal/modules/cjs/loader:1208:32)\r","metadata":{"emulator":{"name":"functions"},"function":{"name":"us-central1-api"},"extension":{},"message":"\u001b[90m> \u001b[39m     at Module.load (node:internal/modules/cjs/loader:1208:32)\r"}}
[info] >      at Module._load (node:internal/modules/cjs/loader:1024:12) {"user":"    at Module._load (node:internal/modules/cjs/loader:1024:12)\r","metadata":{"emulator":{"name":"functions"},"function":{"name":"us-central1-api"},"extension":{},"message":"\u001b[90m> \u001b[39m     at Module._load (node:internal/modules/cjs/loader:1024:12)\r"}}
[info] >      at Module.require (node:internal/modules/cjs/loader:1233:19) {"user":"    at Module.require (node:internal/modules/cjs/loader:1233:19)\r","metadata":{"emulator":{"name":"functions"},"function":{"name":"us-central1-api"},"extension":{},"message":"\u001b[90m> \u001b[39m     at Module.require (node:internal/modules/cjs/loader:1233:19)\r"}}
[info] >  Emitted 'error' event on Server instance at: {"user":"Emitted 'error' event on Server instance at:\r","metadata":{"emulator":{"name":"functions"},"function":{"name":"us-central1-api"},"extension":{},"message":"\u001b[90m> \u001b[39m Emitted 'error' event on Server instance at:\r"}}
[info] >      at emitErrorNT (node:net:1925:8) {"user":"    at emitErrorNT (node:net:1925:8)\r","metadata":{"emulator":{"name":"functions"},"function":{"name":"us-central1-api"},"extension":{},"message":"\u001b[90m> \u001b[39m     at emitErrorNT (node:net:1925:8)\r"}}
[info] >      at process.processTicksAndRejections (node:internal/process/task_queues:82:21) { {"user":"    at process.processTicksAndRejections (node:internal/process/task_queues:82:21) {\r","metadata":{"emulator":{"name":"functions"},"function":{"name":"us-central1-api"},"extension":{},"message":"\u001b[90m> \u001b[39m     at process.processTicksAndRejections (node:internal/process/task_queues:82:21) {\r"}}
[info] >    code: 'EADDRINUSE', {"user":"  code: 'EADDRINUSE',\r","metadata":{"emulator":{"name":"functions"},"function":{"name":"us-central1-api"},"extension":{},"message":"\u001b[90m> \u001b[39m   code: 'EADDRINUSE',\r"}}
[info] >    errno: -4091, {"user":"  errno: -4091,\r","metadata":{"emulator":{"name":"functions"},"function":{"name":"us-central1-api"},"extension":{},"message":"\u001b[90m> \u001b[39m   errno: -4091,\r"}}
[info] >    syscall: 'listen', {"user":"  syscall: 'listen',\r","metadata":{"emulator":{"name":"functions"},"function":{"name":"us-central1-api"},"extension":{},"message":"\u001b[90m> \u001b[39m   syscall: 'listen',\r"}}
[info] >    address: '::', {"user":"  address: '::',\r","metadata":{"emulator":{"name":"functions"},"function":{"name":"us-central1-api"},"extension":{},"message":"\u001b[90m> \u001b[39m   address: '::',\r"}}
[info] >    port: 5000 {"user":"  port: 5000\r","metadata":{"emulator":{"name":"functions"},"function":{"name":"us-central1-api"},"extension":{},"message":"\u001b[90m> \u001b[39m   port: 5000\r"}}
[info] >  } {"user":"}\r","metadata":{"emulator":{"name":"functions"},"function":{"name":"us-central1-api"},"extension":{},"message":"\u001b[90m> \u001b[39m }\r"}}
[info] >   {"user":"\r","metadata":{"emulator":{"name":"functions"},"function":{"name":"us-central1-api"},"extension":{},"message":"\u001b[90m> \u001b[39m \r"}}
[info] >  Node.js v20.13.1 {"user":"Node.js v20.13.1\r","metadata":{"emulator":{"name":"functions"},"function":{"name":"us-central1-api"},"extension":{},"message":"\u001b[90m> \u001b[39m Node.js v20.13.1\r"}}
[debug] [2024-07-19T12:41:07.088Z] [worker-us-central1-api-446cd83f-15e3-4a1f-826d-2cbe3a62590c]: exited {"metadata":{"emulator":{"name":"functions"},"function":{"name":"us-central1-api"},"extension":{},"message":"[worker-us-central1-api-446cd83f-15e3-4a1f-826d-2cbe3a62590c]: exited"}}
[debug] [2024-07-19T12:41:07.088Z] [worker-us-central1-api-446cd83f-15e3-4a1f-826d-2cbe3a62590c]: FINISHED {"metadata":{"emulator":{"name":"functions"},"function":{"name":"us-central1-api"},"extension":{},"message":"[worker-us-central1-api-446cd83f-15e3-4a1f-826d-2cbe3a62590c]: FINISHED"}}
[debug] [2024-07-19T12:41:11.525Z] [work-queue] {"queuedWork":["/challenge-db720/us-central1/api/payments/create-2024-07-19T12:41:11.525Z"],"queueLength":1,"runningWork":["/challenge-db720/us-central1/api/payments/create-2024-07-19T12:41:04.718Z"],"workRunningCount":1}
[debug] [2024-07-19T12:41:11.525Z] [work-queue] {"queuedWork":[],"queueLength":0,"runningWork":["/challenge-db720/us-central1/api/payments/create-2024-07-19T12:41:04.718Z","/challenge-db720/us-central1/api/payments/create-2024-07-19T12:41:11.525Z"],"workRunningCount":2}
[debug] [2024-07-19T12:41:11.525Z] Accepted request POST /challenge-db720/us-central1/api/payments/create?total=26899 --> us-central1-api
[debug] [2024-07-19T12:41:11.525Z] [functions] Runtime ready! Sending request! {"metadata":{"emulator":{"name":"functions"},"message":"[functions] Runtime ready! Sending request!"}}
[debug] [2024-07-19T12:41:11.526Z] [functions] Got req.url=/challenge-db720/us-central1/api/payments/create?total=26899, mapping to path=/payments/create?total=26899 {"metadata":{"emulator":{"name":"functions"},"message":"[functions] Got req.url=/challenge-db720/us-central1/api/payments/create?total=26899, mapping to path=/payments/create?total=26899"}}
[debug] [2024-07-19T12:41:11.526Z] [worker-pool] Cleaned up workers for us-central1-api: 1 --> 0 {"metadata":{"emulator":{"name":"functions"},"message":"[worker-pool] Cleaned up workers for us-central1-api: 1 --> 0"}}
[debug] [2024-07-19T12:41:11.545Z] [worker-pool] addWorker(us-central1-api) {"metadata":{"emulator":{"name":"functions"},"message":"[worker-pool] addWorker(us-central1-api)"}}
[debug] [2024-07-19T12:41:11.545Z] [worker-pool] Adding worker with key us-central1-api, total=1 {"metadata":{"emulator":{"name":"functions"},"message":"[worker-pool] Adding worker with key us-central1-api, total=1"}}
[debug] [2024-07-19T12:41:13.159Z] [runtime-status] [27000] Resolved module firebase-admin {"declared":true,"installed":true,"version":"12.2.0","resolution":"D:\\MyDownloads\\React\\demo24\\functions\\node_modules\\firebase-admin\\lib\\index.js"} {"metadata":{"emulator":{"name":"functions"},"function":{"name":"us-central1-api"},"extension":{},"message":"[runtime-status] [27000] Resolved module firebase-admin {\"declared\":true,\"installed\":true,\"version\":\"12.2.0\",\"resolution\":\"D:\\\\MyDownloads\\\\React\\\\demo24\\\\functions\\\\node_modules\\\\firebase-admin\\\\lib\\\\index.js\"}"}}
[debug] [2024-07-19T12:41:13.162Z] [runtime-status] [27000] Resolved module firebase-functions {"declared":true,"installed":true,"version":"5.0.1","resolution":"D:\\MyDownloads\\React\\demo24\\functions\\node_modules\\firebase-functions\\lib\\v1\\index.js"} {"metadata":{"emulator":{"name":"functions"},"function":{"name":"us-central1-api"},"extension":{},"message":"[runtime-status] [27000] Resolved module firebase-functions {\"declared\":true,\"installed\":true,\"version\":\"5.0.1\",\"resolution\":\"D:\\\\MyDownloads\\\\React\\\\demo24\\\\functions\\\\node_modules\\\\firebase-functions\\\\lib\\\\v1\\\\index.js\"}"}}
[debug] [2024-07-19T12:41:13.163Z] [runtime-status] [27000] Outgoing network have been stubbed. [{"name":"http","status":"mocked"},{"name":"http","status":"mocked"},{"name":"https","status":"mocked"},{"name":"https","status":"mocked"},{"name":"net","status":"mocked"}] {"metadata":{"emulator":{"name":"functions"},"function":{"name":"us-central1-api"},"extension":{},"message":"[runtime-status] [27000] Outgoing network have been stubbed. [{\"name\":\"http\",\"status\":\"mocked\"},{\"name\":\"http\",\"status\":\"mocked\"},{\"name\":\"https\",\"status\":\"mocked\"},{\"name\":\"https\",\"status\":\"mocked\"},{\"name\":\"net\",\"status\":\"mocked\"}]"}}
[debug] [2024-07-19T12:41:13.164Z] [runtime-status] [27000] Resolved module firebase-functions {"declared":true,"installed":true,"version":"5.0.1","resolution":"D:\\MyDownloads\\React\\demo24\\functions\\node_modules\\firebase-functions\\lib\\v1\\index.js"} {"metadata":{"emulator":{"name":"functions"},"function":{"name":"us-central1-api"},"extension":{},"message":"[runtime-status] [27000] Resolved module firebase-functions {\"declared\":true,\"installed\":true,\"version\":\"5.0.1\",\"resolution\":\"D:\\\\MyDownloads\\\\React\\\\demo24\\\\functions\\\\node_modules\\\\firebase-functions\\\\lib\\\\v1\\\\index.js\"}"}}
[debug] [2024-07-19T12:41:13.458Z] [runtime-status] [27000] Checked functions.config() {"config":{}} {"metadata":{"emulator":{"name":"functions"},"function":{"name":"us-central1-api"},"extension":{},"message":"[runtime-status] [27000] Checked functions.config() {\"config\":{}}"}}
[debug] [2024-07-19T12:41:13.459Z] [runtime-status] [27000] firebase-functions has been stubbed. {"functionsResolution":{"declared":true,"installed":true,"version":"5.0.1","resolution":"D:\\MyDownloads\\React\\demo24\\functions\\node_modules\\firebase-functions\\lib\\v1\\index.js"}} {"metadata":{"emulator":{"name":"functions"},"function":{"name":"us-central1-api"},"extension":{},"message":"[runtime-status] [27000] firebase-functions has been stubbed. {\"functionsResolution\":{\"declared\":true,\"installed\":true,\"version\":\"5.0.1\",\"resolution\":\"D:\\\\MyDownloads\\\\React\\\\demo24\\\\functions\\\\node_modules\\\\firebase-functions\\\\lib\\\\v1\\\\index.js\"}}"}}
[debug] [2024-07-19T12:41:13.460Z] [runtime-status] [27000] Resolved module firebase-functions {"declared":true,"installed":true,"version":"5.0.1","resolution":"D:\\MyDownloads\\React\\demo24\\functions\\node_modules\\firebase-functions\\lib\\v1\\index.js"} {"metadata":{"emulator":{"name":"functions"},"function":{"name":"us-central1-api"},"extension":{},"message":"[runtime-status] [27000] Resolved module firebase-functions {\"declared\":true,\"installed\":true,\"version\":\"5.0.1\",\"resolution\":\"D:\\\\MyDownloads\\\\React\\\\demo24\\\\functions\\\\node_modules\\\\firebase-functions\\\\lib\\\\v1\\\\index.js\"}"}}
[debug] [2024-07-19T12:41:13.462Z] [runtime-status] [27000] Resolved module firebase-admin {"declared":true,"installed":true,"version":"12.2.0","resolution":"D:\\MyDownloads\\React\\demo24\\functions\\node_modules\\firebase-admin\\lib\\index.js"} {"metadata":{"emulator":{"name":"functions"},"function":{"name":"us-central1-api"},"extension":{},"message":"[runtime-status] [27000] Resolved module firebase-admin {\"declared\":true,\"installed\":true,\"version\":\"12.2.0\",\"resolution\":\"D:\\\\MyDownloads\\\\React\\\\demo24\\\\functions\\\\node_modules\\\\firebase-admin\\\\lib\\\\index.js\"}"}}
[debug] [2024-07-19T12:41:13.465Z] [runtime-status] [27000] Resolved module firebase-functions {"declared":true,"installed":true,"version":"5.0.1","resolution":"D:\\MyDownloads\\React\\demo24\\functions\\node_modules\\firebase-functions\\lib\\v1\\index.js"} {"metadata":{"emulator":{"name":"functions"},"function":{"name":"us-central1-api"},"extension":{},"message":"[runtime-status] [27000] Resolved module firebase-functions {\"declared\":true,\"installed\":true,\"version\":\"5.0.1\",\"resolution\":\"D:\\\\MyDownloads\\\\React\\\\demo24\\\\functions\\\\node_modules\\\\firebase-functions\\\\lib\\\\v1\\\\index.js\"}"}}
[debug] [2024-07-19T12:41:13.465Z] [runtime-status] [27000] firebase-admin has been stubbed. {"adminResolution":{"declared":true,"installed":true,"version":"12.2.0","resolution":"D:\\MyDownloads\\React\\demo24\\functions\\node_modules\\firebase-admin\\lib\\index.js"}} {"metadata":{"emulator":{"name":"functions"},"function":{"name":"us-central1-api"},"extension":{},"message":"[runtime-status] [27000] firebase-admin has been stubbed. {\"adminResolution\":{\"declared\":true,\"installed\":true,\"version\":\"12.2.0\",\"resolution\":\"D:\\\\MyDownloads\\\\React\\\\demo24\\\\functions\\\\node_modules\\\\firebase-admin\\\\lib\\\\index.js\"}}"}}
[debug] [2024-07-19T12:41:13.705Z] [runtime-status] [27000] Functions runtime initialized. {"cwd":"D:\\MyDownloads\\React\\demo24\\functions","node_version":"20.13.1"} {"metadata":{"emulator":{"name":"functions"},"function":{"name":"us-central1-api"},"extension":{},"message":"[runtime-status] [27000] Functions runtime initialized. {\"cwd\":\"D:\\\\MyDownloads\\\\React\\\\demo24\\\\functions\",\"node_version\":\"20.13.1\"}"}}
[info] >  node:events:497 {"user":"node:events:497\r","metadata":{"emulator":{"name":"functions"},"function":{"name":"us-central1-api"},"extension":{},"message":"\u001b[90m> \u001b[39m node:events:497\r"}}
[info] >        throw er; // Unhandled 'error' event {"user":"      throw er; // Unhandled 'error' event\r","metadata":{"emulator":{"name":"functions"},"function":{"name":"us-central1-api"},"extension":{},"message":"\u001b[90m> \u001b[39m       throw er; // Unhandled 'error' event\r"}}
[info] >        ^ {"user":"      ^\r","metadata":{"emulator":{"name":"functions"},"function":{"name":"us-central1-api"},"extension":{},"message":"\u001b[90m> \u001b[39m       ^\r"}}
[info] >   {"user":"\r","metadata":{"emulator":{"name":"functions"},"function":{"name":"us-central1-api"},"extension":{},"message":"\u001b[90m> \u001b[39m \r"}}
[info] >  Error: listen EADDRINUSE: address already in use :::5000 {"user":"Error: listen EADDRINUSE: address already in use :::5000\r","metadata":{"emulator":{"name":"functions"},"function":{"name":"us-central1-api"},"extension":{},"message":"\u001b[90m> \u001b[39m Error: listen EADDRINUSE: address already in use :::5000\r"}}
[info] >      at Server.setupListenHandle [as _listen2] (node:net:1898:16) {"user":"    at Server.setupListenHandle [as _listen2] (node:net:1898:16)\r","metadata":{"emulator":{"name":"functions"},"function":{"name":"us-central1-api"},"extension":{},"message":"\u001b[90m> \u001b[39m     at Server.setupListenHandle [as _listen2] (node:net:1898:16)\r"}}
[info] >      at listenInCluster (node:net:1946:12) {"user":"    at listenInCluster (node:net:1946:12)\r","metadata":{"emulator":{"name":"functions"},"function":{"name":"us-central1-api"},"extension":{},"message":"\u001b[90m> \u001b[39m     at listenInCluster (node:net:1946:12)\r"}}
[info] >      at Server.listen (node:net:2044:7) {"user":"    at Server.listen (node:net:2044:7)\r","metadata":{"emulator":{"name":"functions"},"function":{"name":"us-central1-api"},"extension":{},"message":"\u001b[90m> \u001b[39m     at Server.listen (node:net:2044:7)\r"}}
[info] >      at Function.listen (D:\MyDownloads\React\demo24\functions\node_modules\express\lib\application.js:635:24) {"user":"    at Function.listen (D:\\MyDownloads\\React\\demo24\\functions\\node_modules\\express\\lib\\application.js:635:24)\r","metadata":{"emulator":{"name":"functions"},"function":{"name":"us-central1-api"},"extension":{},"message":"\u001b[90m> \u001b[39m     at Function.listen (D:\\MyDownloads\\React\\demo24\\functions\\node_modules\\express\\lib\\application.js:635:24)\r"}}
[info] >      at Object.<anonymous> (D:\MyDownloads\React\demo24\functions\index.js:37:5) {"user":"    at Object.<anonymous> (D:\\MyDownloads\\React\\demo24\\functions\\index.js:37:5)\r","metadata":{"emulator":{"name":"functions"},"function":{"name":"us-central1-api"},"extension":{},"message":"\u001b[90m> \u001b[39m     at Object.<anonymous> (D:\\MyDownloads\\React\\demo24\\functions\\index.js:37:5)\r"}}
[info] >      at Module._compile (node:internal/modules/cjs/loader:1358:14) {"user":"    at Module._compile (node:internal/modules/cjs/loader:1358:14)\r","metadata":{"emulator":{"name":"functions"},"function":{"name":"us-central1-api"},"extension":{},"message":"\u001b[90m> \u001b[39m     at Module._compile (node:internal/modules/cjs/loader:1358:14)\r"}}
[info] >      at Module._extensions..js (node:internal/modules/cjs/loader:1416:10) {"user":"    at Module._extensions..js (node:internal/modules/cjs/loader:1416:10)\r","metadata":{"emulator":{"name":"functions"},"function":{"name":"us-central1-api"},"extension":{},"message":"\u001b[90m> \u001b[39m     at Module._extensions..js (node:internal/modules/cjs/loader:1416:10)\r"}}
[info] >      at Module.load (node:internal/modules/cjs/loader:1208:32) {"user":"    at Module.load (node:internal/modules/cjs/loader:1208:32)\r","metadata":{"emulator":{"name":"functions"},"function":{"name":"us-central1-api"},"extension":{},"message":"\u001b[90m> \u001b[39m     at Module.load (node:internal/modules/cjs/loader:1208:32)\r"}}
[info] >      at Module._load (node:internal/modules/cjs/loader:1024:12) {"user":"    at Module._load (node:internal/modules/cjs/loader:1024:12)\r","metadata":{"emulator":{"name":"functions"},"function":{"name":"us-central1-api"},"extension":{},"message":"\u001b[90m> \u001b[39m     at Module._load (node:internal/modules/cjs/loader:1024:12)\r"}}
[info] >      at Module.require (node:internal/modules/cjs/loader:1233:19) {"user":"    at Module.require (node:internal/modules/cjs/loader:1233:19)\r","metadata":{"emulator":{"name":"functions"},"function":{"name":"us-central1-api"},"extension":{},"message":"\u001b[90m> \u001b[39m     at Module.require (node:internal/modules/cjs/loader:1233:19)\r"}}
[info] >  Emitted 'error' event on Server instance at: {"user":"Emitted 'error' event on Server instance at:\r","metadata":{"emulator":{"name":"functions"},"function":{"name":"us-central1-api"},"extension":{},"message":"\u001b[90m> \u001b[39m Emitted 'error' event on Server instance at:\r"}}
[info] >      at emitErrorNT (node:net:1925:8) {"user":"    at emitErrorNT (node:net:1925:8)\r","metadata":{"emulator":{"name":"functions"},"function":{"name":"us-central1-api"},"extension":{},"message":"\u001b[90m> \u001b[39m     at emitErrorNT (node:net:1925:8)\r"}}
[info] >      at process.processTicksAndRejections (node:internal/process/task_queues:82:21) { {"user":"    at process.processTicksAndRejections (node:internal/process/task_queues:82:21) {\r","metadata":{"emulator":{"name":"functions"},"function":{"name":"us-central1-api"},"extension":{},"message":"\u001b[90m> \u001b[39m     at process.processTicksAndRejections (node:internal/process/task_queues:82:21) {\r"}}
[info] >    code: 'EADDRINUSE', {"user":"  code: 'EADDRINUSE',\r","metadata":{"emulator":{"name":"functions"},"function":{"name":"us-central1-api"},"extension":{},"message":"\u001b[90m> \u001b[39m   code: 'EADDRINUSE',\r"}}
[info] >    errno: -4091, {"user":"  errno: -4091,\r","metadata":{"emulator":{"name":"functions"},"function":{"name":"us-central1-api"},"extension":{},"message":"\u001b[90m> \u001b[39m   errno: -4091,\r"}}
[info] >    syscall: 'listen', {"user":"  syscall: 'listen',\r","metadata":{"emulator":{"name":"functions"},"function":{"name":"us-central1-api"},"extension":{},"message":"\u001b[90m> \u001b[39m   syscall: 'listen',\r"}}
[info] >    address: '::', {"user":"  address: '::',\r","metadata":{"emulator":{"name":"functions"},"function":{"name":"us-central1-api"},"extension":{},"message":"\u001b[90m> \u001b[39m   address: '::',\r"}}
[info] >    port: 5000 {"user":"  port: 5000\r","metadata":{"emulator":{"name":"functions"},"function":{"name":"us-central1-api"},"extension":{},"message":"\u001b[90m> \u001b[39m   port: 5000\r"}}
[info] >  } {"user":"}\r","metadata":{"emulator":{"name":"functions"},"function":{"name":"us-central1-api"},"extension":{},"message":"\u001b[90m> \u001b[39m }\r"}}
[info] >   {"user":"\r","metadata":{"emulator":{"name":"functions"},"function":{"name":"us-central1-api"},"extension":{},"message":"\u001b[90m> \u001b[39m \r"}}
[info] >  Node.js v20.13.1 {"user":"Node.js v20.13.1\r","metadata":{"emulator":{"name":"functions"},"function":{"name":"us-central1-api"},"extension":{},"message":"\u001b[90m> \u001b[39m Node.js v20.13.1\r"}}
[debug] [2024-07-19T12:41:13.733Z] [worker-us-central1-api-6f368b47-55ca-4f32-b790-e9442af2d1fd]: exited {"metadata":{"emulator":{"name":"functions"},"function":{"name":"us-central1-api"},"extension":{},"message":"[worker-us-central1-api-6f368b47-55ca-4f32-b790-e9442af2d1fd]: exited"}}
[debug] [2024-07-19T12:41:13.733Z] [worker-us-central1-api-6f368b47-55ca-4f32-b790-e9442af2d1fd]: FINISHED {"metadata":{"emulator":{"name":"functions"},"function":{"name":"us-central1-api"},"extension":{},"message":"[worker-us-central1-api-6f368b47-55ca-4f32-b790-e9442af2d1fd]: FINISHED"}}
[error] !!  functions: Failed to handle request for function us-central1-api {"metadata":{"emulator":{"name":"functions"},"message":"Failed to handle request for function us-central1-api"}}
[error] !!  functions: Failed to start functions in D:\MyDownloads\React\demo24\functions: FirebaseError: Failed to load function. {"metadata":{"emulator":{"name":"functions"},"message":"Failed to start functions in D:\\MyDownloads\\React\\demo24\\functions: FirebaseError: Failed to load function."}}
[debug] [2024-07-19T12:41:34.839Z] [work-queue] {"queuedWork":[],"queueLength":0,"runningWork":["/challenge-db720/us-central1/api/payments/create-2024-07-19T12:41:11.525Z"],"workRunningCount":1}
[error] !!  functions: Failed to handle request for function us-central1-api {"metadata":{"emulator":{"name":"functions"},"message":"Failed to handle request for function us-central1-api"}}
[error] !!  functions: Failed to start functions in D:\MyDownloads\React\demo24\functions: FirebaseError: Failed to load function. {"metadata":{"emulator":{"name":"functions"},"message":"Failed to start functions in D:\\MyDownloads\\React\\demo24\\functions: FirebaseError: Failed to load function."}}
[debug] [2024-07-19T12:41:41.589Z] [work-queue] {"queuedWork":[],"queueLength":0,"runningWork":[],"workRunningCount":0}
[debug] [2024-07-19T12:43:12.693Z] File D:\MyDownloads\React\demo24\functions\index.js changed, reloading triggers {"metadata":{"emulator":{"name":"functions"},"message":"File D:\\MyDownloads\\React\\demo24\\functions\\index.js changed, reloading triggers"}}
[debug] [2024-07-19T12:43:13.700Z] Validating nodejs source
[debug] [2024-07-19T12:43:15.571Z] > [functions] package.json contents: {
  "name": "functions",
  "description": "Cloud Functions for Firebase",
  "scripts": {
    "lint": "eslint .",
    "serve": "firebase emulators:start --only functions",
    "shell": "firebase functions:shell",
    "start": "npm run shell",
    "deploy": "firebase deploy --only functions",
    "logs": "firebase functions:log"
  },
  "engines": {
    "node": "20"
  },
  "main": "index.js",
  "dependencies": {
    "cors": "^2.8.5",
    "express": "^4.19.2",
    "firebase-admin": "^12.1.0",
    "firebase-functions": "^5.0.0",
    "stripe": "^16.2.0"
  },
  "devDependencies": {
    "eslint": "^8.15.0",
    "eslint-config-google": "^0.14.0",
    "firebase-functions-test": "^3.1.0"
  },
  "private": true
}
[debug] [2024-07-19T12:43:15.571Z] Building nodejs source
[debug] [2024-07-19T12:43:15.571Z] Failed to find version of module node: reached end of search path D:\MyDownloads\React\demo24\functions\node_modules
[warn] !  functions: Your requested "node" version "18" doesn't match your global version "20". Using node@20 from host. 
[debug] [2024-07-19T12:43:15.573Z] Could not find functions.yaml. Must use http discovery
[debug] [2024-07-19T12:43:15.582Z] Found firebase-functions binary at 'D:\MyDownloads\React\demo24\functions\node_modules\.bin\firebase-functions'
[info] Serving at port 8773

[error] node:events:497
      throw er; // Unhandled 'error' event
      ^

Error: listen EADDRINUSE: address already in use :::5000
    at Server.setupListenHandle [as _listen2] (node:net:1898:16)
    at listenInCluster (node:net:1946:12)
    at Server.listen (node:net:2044:7)
    at Function.listen (D:\MyDownloads\React\demo24\functions\node_modules\express\lib\application.js:635:24)
    at Object.<anonymous> (D:\MyDownloads\React\demo24\functions\index.js:37:5)
    at Module._compile (node:internal/modules/cjs/loader:1358:14)
    at Module._extensions..js (node:internal/modules/cjs/loader:1416:10)
    at Module.load (node:internal/modules/cjs/loader:1208:32)
    at Module._load (node:internal/modules/cjs/loader:1024:12)
    at Module.require (node:internal/modules/cjs/loader:1233:19)
Emitted 'error' event on Server instance at:
    at emitErrorNT (node:net:1925:8)
    at process.processTicksAndRejections (node:internal/process/task_queues:82:21) {
  code: 'EADDRINUSE',
  errno: -4091,
  syscall: 'listen',
  address: '::',
  port: 5000
}

Node.js v20.13.1

[debug] [2024-07-19T12:43:17.106Z] Failed to call quitquitquit. This often means the server failed to start request to http://localhost:8773/__/quitquitquit failed, reason:  {"message":"request to http://localhost:8773/__/quitquitquit failed, reason: ","type":"system","errno":"ECONNREFUSED","code":"ECONNREFUSED"}
[error] !!  functions: Failed to load function definition from source: FetchError: request to http://127.0.0.1:8773/__/functions.yaml failed, reason: read ECONNRESET {"metadata":{"emulator":{"name":"functions"},"message":"Failed to load function definition from source: FetchError: request to http://127.0.0.1:8773/__/functions.yaml failed, reason: read ECONNRESET"}}
[debug] [2024-07-19T12:43:25.577Z] [work-queue] {"queuedWork":["/challenge-db720/us-central1/api/payments/create-2024-07-19T12:43:25.577Z"],"queueLength":1,"runningWork":[],"workRunningCount":0}
[debug] [2024-07-19T12:43:25.578Z] [work-queue] {"queuedWork":[],"queueLength":0,"runningWork":["/challenge-db720/us-central1/api/payments/create-2024-07-19T12:43:25.577Z"],"workRunningCount":1}
[debug] [2024-07-19T12:43:25.578Z] Accepted request POST /challenge-db720/us-central1/api/payments/create?total=0 --> us-central1-api
[debug] [2024-07-19T12:43:25.578Z] [functions] Runtime ready! Sending request! {"metadata":{"emulator":{"name":"functions"},"message":"[functions] Runtime ready! Sending request!"}}
[debug] [2024-07-19T12:43:25.578Z] [functions] Got req.url=/challenge-db720/us-central1/api/payments/create?total=0, mapping to path=/payments/create?total=0 {"metadata":{"emulator":{"name":"functions"},"message":"[functions] Got req.url=/challenge-db720/us-central1/api/payments/create?total=0, mapping to path=/payments/create?total=0"}}
[debug] [2024-07-19T12:43:25.579Z] [worker-pool] Cleaned up workers for us-central1-api: 1 --> 0 {"metadata":{"emulator":{"name":"functions"},"message":"[worker-pool] Cleaned up workers for us-central1-api: 1 --> 0"}}
[debug] [2024-07-19T12:43:25.596Z] [worker-pool] addWorker(us-central1-api) {"metadata":{"emulator":{"name":"functions"},"message":"[worker-pool] addWorker(us-central1-api)"}}
[debug] [2024-07-19T12:43:25.596Z] [worker-pool] Adding worker with key us-central1-api, total=1 {"metadata":{"emulator":{"name":"functions"},"message":"[worker-pool] Adding worker with key us-central1-api, total=1"}}
[debug] [2024-07-19T12:43:27.369Z] [runtime-status] [10068] Resolved module firebase-admin {"declared":true,"installed":true,"version":"12.2.0","resolution":"D:\\MyDownloads\\React\\demo24\\functions\\node_modules\\firebase-admin\\lib\\index.js"} {"metadata":{"emulator":{"name":"functions"},"function":{"name":"us-central1-api"},"extension":{},"message":"[runtime-status] [10068] Resolved module firebase-admin {\"declared\":true,\"installed\":true,\"version\":\"12.2.0\",\"resolution\":\"D:\\\\MyDownloads\\\\React\\\\demo24\\\\functions\\\\node_modules\\\\firebase-admin\\\\lib\\\\index.js\"}"}}
[debug] [2024-07-19T12:43:27.370Z] [runtime-status] [10068] Resolved module firebase-functions {"declared":true,"installed":true,"version":"5.0.1","resolution":"D:\\MyDownloads\\React\\demo24\\functions\\node_modules\\firebase-functions\\lib\\v1\\index.js"} {"metadata":{"emulator":{"name":"functions"},"function":{"name":"us-central1-api"},"extension":{},"message":"[runtime-status] [10068] Resolved module firebase-functions {\"declared\":true,\"installed\":true,\"version\":\"5.0.1\",\"resolution\":\"D:\\\\MyDownloads\\\\React\\\\demo24\\\\functions\\\\node_modules\\\\firebase-functions\\\\lib\\\\v1\\\\index.js\"}"}}
[debug] [2024-07-19T12:43:27.371Z] [runtime-status] [10068] Outgoing network have been stubbed. [{"name":"http","status":"mocked"},{"name":"http","status":"mocked"},{"name":"https","status":"mocked"},{"name":"https","status":"mocked"},{"name":"net","status":"mocked"}] {"metadata":{"emulator":{"name":"functions"},"function":{"name":"us-central1-api"},"extension":{},"message":"[runtime-status] [10068] Outgoing network have been stubbed. [{\"name\":\"http\",\"status\":\"mocked\"},{\"name\":\"http\",\"status\":\"mocked\"},{\"name\":\"https\",\"status\":\"mocked\"},{\"name\":\"https\",\"status\":\"mocked\"},{\"name\":\"net\",\"status\":\"mocked\"}]"}}
[debug] [2024-07-19T12:43:27.372Z] [runtime-status] [10068] Resolved module firebase-functions {"declared":true,"installed":true,"version":"5.0.1","resolution":"D:\\MyDownloads\\React\\demo24\\functions\\node_modules\\firebase-functions\\lib\\v1\\index.js"} {"metadata":{"emulator":{"name":"functions"},"function":{"name":"us-central1-api"},"extension":{},"message":"[runtime-status] [10068] Resolved module firebase-functions {\"declared\":true,\"installed\":true,\"version\":\"5.0.1\",\"resolution\":\"D:\\\\MyDownloads\\\\React\\\\demo24\\\\functions\\\\node_modules\\\\firebase-functions\\\\lib\\\\v1\\\\index.js\"}"}}
[debug] [2024-07-19T12:43:27.703Z] [runtime-status] [10068] Checked functions.config() {"config":{}} {"metadata":{"emulator":{"name":"functions"},"function":{"name":"us-central1-api"},"extension":{},"message":"[runtime-status] [10068] Checked functions.config() {\"config\":{}}"}}
[debug] [2024-07-19T12:43:27.703Z] [runtime-status] [10068] firebase-functions has been stubbed. {"functionsResolution":{"declared":true,"installed":true,"version":"5.0.1","resolution":"D:\\MyDownloads\\React\\demo24\\functions\\node_modules\\firebase-functions\\lib\\v1\\index.js"}} {"metadata":{"emulator":{"name":"functions"},"function":{"name":"us-central1-api"},"extension":{},"message":"[runtime-status] [10068] firebase-functions has been stubbed. {\"functionsResolution\":{\"declared\":true,\"installed\":true,\"version\":\"5.0.1\",\"resolution\":\"D:\\\\MyDownloads\\\\React\\\\demo24\\\\functions\\\\node_modules\\\\firebase-functions\\\\lib\\\\v1\\\\index.js\"}}"}}
[debug] [2024-07-19T12:43:27.705Z] [runtime-status] [10068] Resolved module firebase-functions {"declared":true,"installed":true,"version":"5.0.1","resolution":"D:\\MyDownloads\\React\\demo24\\functions\\node_modules\\firebase-functions\\lib\\v1\\index.js"} {"metadata":{"emulator":{"name":"functions"},"function":{"name":"us-central1-api"},"extension":{},"message":"[runtime-status] [10068] Resolved module firebase-functions {\"declared\":true,\"installed\":true,\"version\":\"5.0.1\",\"resolution\":\"D:\\\\MyDownloads\\\\React\\\\demo24\\\\functions\\\\node_modules\\\\firebase-functions\\\\lib\\\\v1\\\\index.js\"}"}}
[debug] [2024-07-19T12:43:27.706Z] [runtime-status] [10068] Resolved module firebase-admin {"declared":true,"installed":true,"version":"12.2.0","resolution":"D:\\MyDownloads\\React\\demo24\\functions\\node_modules\\firebase-admin\\lib\\index.js"} {"metadata":{"emulator":{"name":"functions"},"function":{"name":"us-central1-api"},"extension":{},"message":"[runtime-status] [10068] Resolved module firebase-admin {\"declared\":true,\"installed\":true,\"version\":\"12.2.0\",\"resolution\":\"D:\\\\MyDownloads\\\\React\\\\demo24\\\\functions\\\\node_modules\\\\firebase-admin\\\\lib\\\\index.js\"}"}}
[debug] [2024-07-19T12:43:27.710Z] [runtime-status] [10068] Resolved module firebase-functions {"declared":true,"installed":true,"version":"5.0.1","resolution":"D:\\MyDownloads\\React\\demo24\\functions\\node_modules\\firebase-functions\\lib\\v1\\index.js"} {"metadata":{"emulator":{"name":"functions"},"function":{"name":"us-central1-api"},"extension":{},"message":"[runtime-status] [10068] Resolved module firebase-functions {\"declared\":true,\"installed\":true,\"version\":\"5.0.1\",\"resolution\":\"D:\\\\MyDownloads\\\\React\\\\demo24\\\\functions\\\\node_modules\\\\firebase-functions\\\\lib\\\\v1\\\\index.js\"}"}}
[debug] [2024-07-19T12:43:27.711Z] [runtime-status] [10068] firebase-admin has been stubbed. {"adminResolution":{"declared":true,"installed":true,"version":"12.2.0","resolution":"D:\\MyDownloads\\React\\demo24\\functions\\node_modules\\firebase-admin\\lib\\index.js"}} {"metadata":{"emulator":{"name":"functions"},"function":{"name":"us-central1-api"},"extension":{},"message":"[runtime-status] [10068] firebase-admin has been stubbed. {\"adminResolution\":{\"declared\":true,\"installed\":true,\"version\":\"12.2.0\",\"resolution\":\"D:\\\\MyDownloads\\\\React\\\\demo24\\\\functions\\\\node_modules\\\\firebase-admin\\\\lib\\\\index.js\"}}"}}
[debug] [2024-07-19T12:43:27.958Z] [runtime-status] [10068] Functions runtime initialized. {"cwd":"D:\\MyDownloads\\React\\demo24\\functions","node_version":"20.13.1"} {"metadata":{"emulator":{"name":"functions"},"function":{"name":"us-central1-api"},"extension":{},"message":"[runtime-status] [10068] Functions runtime initialized. {\"cwd\":\"D:\\\\MyDownloads\\\\React\\\\demo24\\\\functions\",\"node_version\":\"20.13.1\"}"}}
[info] >  node:events:497 {"user":"node:events:497\r","metadata":{"emulator":{"name":"functions"},"function":{"name":"us-central1-api"},"extension":{},"message":"\u001b[90m> \u001b[39m node:events:497\r"}}
[info] >        throw er; // Unhandled 'error' event {"user":"      throw er; // Unhandled 'error' event\r","metadata":{"emulator":{"name":"functions"},"function":{"name":"us-central1-api"},"extension":{},"message":"\u001b[90m> \u001b[39m       throw er; // Unhandled 'error' event\r"}}
[info] >        ^ {"user":"      ^\r","metadata":{"emulator":{"name":"functions"},"function":{"name":"us-central1-api"},"extension":{},"message":"\u001b[90m> \u001b[39m       ^\r"}}
[info] >   {"user":"\r","metadata":{"emulator":{"name":"functions"},"function":{"name":"us-central1-api"},"extension":{},"message":"\u001b[90m> \u001b[39m \r"}}
[info] >  Error: listen EADDRINUSE: address already in use :::5000 {"user":"Error: listen EADDRINUSE: address already in use :::5000\r","metadata":{"emulator":{"name":"functions"},"function":{"name":"us-central1-api"},"extension":{},"message":"\u001b[90m> \u001b[39m Error: listen EADDRINUSE: address already in use :::5000\r"}}
[info] >      at Server.setupListenHandle [as _listen2] (node:net:1898:16) {"user":"    at Server.setupListenHandle [as _listen2] (node:net:1898:16)\r","metadata":{"emulator":{"name":"functions"},"function":{"name":"us-central1-api"},"extension":{},"message":"\u001b[90m> \u001b[39m     at Server.setupListenHandle [as _listen2] (node:net:1898:16)\r"}}
[info] >      at listenInCluster (node:net:1946:12) {"user":"    at listenInCluster (node:net:1946:12)\r","metadata":{"emulator":{"name":"functions"},"function":{"name":"us-central1-api"},"extension":{},"message":"\u001b[90m> \u001b[39m     at listenInCluster (node:net:1946:12)\r"}}
[info] >      at Server.listen (node:net:2044:7) {"user":"    at Server.listen (node:net:2044:7)\r","metadata":{"emulator":{"name":"functions"},"function":{"name":"us-central1-api"},"extension":{},"message":"\u001b[90m> \u001b[39m     at Server.listen (node:net:2044:7)\r"}}
[info] >      at Function.listen (D:\MyDownloads\React\demo24\functions\node_modules\express\lib\application.js:635:24) {"user":"    at Function.listen (D:\\MyDownloads\\React\\demo24\\functions\\node_modules\\express\\lib\\application.js:635:24)\r","metadata":{"emulator":{"name":"functions"},"function":{"name":"us-central1-api"},"extension":{},"message":"\u001b[90m> \u001b[39m     at Function.listen (D:\\MyDownloads\\React\\demo24\\functions\\node_modules\\express\\lib\\application.js:635:24)\r"}}
[info] >      at Object.<anonymous> (D:\MyDownloads\React\demo24\functions\index.js:37:5) {"user":"    at Object.<anonymous> (D:\\MyDownloads\\React\\demo24\\functions\\index.js:37:5)\r","metadata":{"emulator":{"name":"functions"},"function":{"name":"us-central1-api"},"extension":{},"message":"\u001b[90m> \u001b[39m     at Object.<anonymous> (D:\\MyDownloads\\React\\demo24\\functions\\index.js:37:5)\r"}}
[info] >      at Module._compile (node:internal/modules/cjs/loader:1358:14) {"user":"    at Module._compile (node:internal/modules/cjs/loader:1358:14)\r","metadata":{"emulator":{"name":"functions"},"function":{"name":"us-central1-api"},"extension":{},"message":"\u001b[90m> \u001b[39m     at Module._compile (node:internal/modules/cjs/loader:1358:14)\r"}}
[info] >      at Module._extensions..js (node:internal/modules/cjs/loader:1416:10) {"user":"    at Module._extensions..js (node:internal/modules/cjs/loader:1416:10)\r","metadata":{"emulator":{"name":"functions"},"function":{"name":"us-central1-api"},"extension":{},"message":"\u001b[90m> \u001b[39m     at Module._extensions..js (node:internal/modules/cjs/loader:1416:10)\r"}}
[info] >      at Module.load (node:internal/modules/cjs/loader:1208:32) {"user":"    at Module.load (node:internal/modules/cjs/loader:1208:32)\r","metadata":{"emulator":{"name":"functions"},"function":{"name":"us-central1-api"},"extension":{},"message":"\u001b[90m> \u001b[39m     at Module.load (node:internal/modules/cjs/loader:1208:32)\r"}}
[info] >      at Module._load (node:internal/modules/cjs/loader:1024:12) {"user":"    at Module._load (node:internal/modules/cjs/loader:1024:12)\r","metadata":{"emulator":{"name":"functions"},"function":{"name":"us-central1-api"},"extension":{},"message":"\u001b[90m> \u001b[39m     at Module._load (node:internal/modules/cjs/loader:1024:12)\r"}}
[info] >      at Module.require (node:internal/modules/cjs/loader:1233:19) {"user":"    at Module.require (node:internal/modules/cjs/loader:1233:19)\r","metadata":{"emulator":{"name":"functions"},"function":{"name":"us-central1-api"},"extension":{},"message":"\u001b[90m> \u001b[39m     at Module.require (node:internal/modules/cjs/loader:1233:19)\r"}}
[info] >  Emitted 'error' event on Server instance at: {"user":"Emitted 'error' event on Server instance at:\r","metadata":{"emulator":{"name":"functions"},"function":{"name":"us-central1-api"},"extension":{},"message":"\u001b[90m> \u001b[39m Emitted 'error' event on Server instance at:\r"}}
[info] >      at emitErrorNT (node:net:1925:8) {"user":"    at emitErrorNT (node:net:1925:8)\r","metadata":{"emulator":{"name":"functions"},"function":{"name":"us-central1-api"},"extension":{},"message":"\u001b[90m> \u001b[39m     at emitErrorNT (node:net:1925:8)\r"}}
[info] >      at process.processTicksAndRejections (node:internal/process/task_queues:82:21) { {"user":"    at process.processTicksAndRejections (node:internal/process/task_queues:82:21) {\r","metadata":{"emulator":{"name":"functions"},"function":{"name":"us-central1-api"},"extension":{},"message":"\u001b[90m> \u001b[39m     at process.processTicksAndRejections (node:internal/process/task_queues:82:21) {\r"}}
[info] >    code: 'EADDRINUSE', {"user":"  code: 'EADDRINUSE',\r","metadata":{"emulator":{"name":"functions"},"function":{"name":"us-central1-api"},"extension":{},"message":"\u001b[90m> \u001b[39m   code: 'EADDRINUSE',\r"}}
[info] >    errno: -4091, {"user":"  errno: -4091,\r","metadata":{"emulator":{"name":"functions"},"function":{"name":"us-central1-api"},"extension":{},"message":"\u001b[90m> \u001b[39m   errno: -4091,\r"}}
[info] >    syscall: 'listen', {"user":"  syscall: 'listen',\r","metadata":{"emulator":{"name":"functions"},"function":{"name":"us-central1-api"},"extension":{},"message":"\u001b[90m> \u001b[39m   syscall: 'listen',\r"}}
[info] >    address: '::', {"user":"  address: '::',\r","metadata":{"emulator":{"name":"functions"},"function":{"name":"us-central1-api"},"extension":{},"message":"\u001b[90m> \u001b[39m   address: '::',\r"}}
[info] >    port: 5000 {"user":"  port: 5000\r","metadata":{"emulator":{"name":"functions"},"function":{"name":"us-central1-api"},"extension":{},"message":"\u001b[90m> \u001b[39m   port: 5000\r"}}
[info] >  } {"user":"}\r","metadata":{"emulator":{"name":"functions"},"function":{"name":"us-central1-api"},"extension":{},"message":"\u001b[90m> \u001b[39m }\r"}}
[info] >   {"user":"\r","metadata":{"emulator":{"name":"functions"},"function":{"name":"us-central1-api"},"extension":{},"message":"\u001b[90m> \u001b[39m \r"}}
[info] >  Node.js v20.13.1 {"user":"Node.js v20.13.1\r","metadata":{"emulator":{"name":"functions"},"function":{"name":"us-central1-api"},"extension":{},"message":"\u001b[90m> \u001b[39m Node.js v20.13.1\r"}}
[debug] [2024-07-19T12:43:27.982Z] [worker-us-central1-api-1253e903-5973-4784-8444-a21d57835912]: exited {"metadata":{"emulator":{"name":"functions"},"function":{"name":"us-central1-api"},"extension":{},"message":"[worker-us-central1-api-1253e903-5973-4784-8444-a21d57835912]: exited"}}
[debug] [2024-07-19T12:43:27.983Z] [worker-us-central1-api-1253e903-5973-4784-8444-a21d57835912]: FINISHED {"metadata":{"emulator":{"name":"functions"},"function":{"name":"us-central1-api"},"extension":{},"message":"[worker-us-central1-api-1253e903-5973-4784-8444-a21d57835912]: FINISHED"}}
[error] !!  functions: Failed to handle request for function us-central1-api {"metadata":{"emulator":{"name":"functions"},"message":"Failed to handle request for function us-central1-api"}}
[error] !!  functions: Failed to start functions in D:\MyDownloads\React\demo24\functions: FirebaseError: Failed to load function. {"metadata":{"emulator":{"name":"functions"},"message":"Failed to start functions in D:\\MyDownloads\\React\\demo24\\functions: FirebaseError: Failed to load function."}}
[debug] [2024-07-19T12:43:55.673Z] [work-queue] {"queuedWork":[],"queueLength":0,"runningWork":[],"workRunningCount":0}
[debug] [2024-07-19T12:46:03.375Z] [work-queue] {"queuedWork":["/challenge-db720/us-central1/api/payments/create-2024-07-19T12:46:03.375Z"],"queueLength":1,"runningWork":[],"workRunningCount":0}
[debug] [2024-07-19T12:46:03.375Z] [work-queue] {"queuedWork":[],"queueLength":0,"runningWork":["/challenge-db720/us-central1/api/payments/create-2024-07-19T12:46:03.375Z"],"workRunningCount":1}
[debug] [2024-07-19T12:46:03.375Z] Accepted request POST /challenge-db720/us-central1/api/payments/create?total=26899 --> us-central1-api
[debug] [2024-07-19T12:46:03.376Z] [functions] Runtime ready! Sending request! {"metadata":{"emulator":{"name":"functions"},"message":"[functions] Runtime ready! Sending request!"}}
[debug] [2024-07-19T12:46:03.376Z] [functions] Got req.url=/challenge-db720/us-central1/api/payments/create?total=26899, mapping to path=/payments/create?total=26899 {"metadata":{"emulator":{"name":"functions"},"message":"[functions] Got req.url=/challenge-db720/us-central1/api/payments/create?total=26899, mapping to path=/payments/create?total=26899"}}
[debug] [2024-07-19T12:46:03.376Z] [worker-pool] Cleaned up workers for us-central1-api: 1 --> 0 {"metadata":{"emulator":{"name":"functions"},"message":"[worker-pool] Cleaned up workers for us-central1-api: 1 --> 0"}}
[debug] [2024-07-19T12:46:03.394Z] [worker-pool] addWorker(us-central1-api) {"metadata":{"emulator":{"name":"functions"},"message":"[worker-pool] addWorker(us-central1-api)"}}
[debug] [2024-07-19T12:46:03.395Z] [worker-pool] Adding worker with key us-central1-api, total=1 {"metadata":{"emulator":{"name":"functions"},"message":"[worker-pool] Adding worker with key us-central1-api, total=1"}}
[debug] [2024-07-19T12:46:04.909Z] [runtime-status] [21372] Resolved module firebase-admin {"declared":true,"installed":true,"version":"12.2.0","resolution":"D:\\MyDownloads\\React\\demo24\\functions\\node_modules\\firebase-admin\\lib\\index.js"} {"metadata":{"emulator":{"name":"functions"},"function":{"name":"us-central1-api"},"extension":{},"message":"[runtime-status] [21372] Resolved module firebase-admin {\"declared\":true,\"installed\":true,\"version\":\"12.2.0\",\"resolution\":\"D:\\\\MyDownloads\\\\React\\\\demo24\\\\functions\\\\node_modules\\\\firebase-admin\\\\lib\\\\index.js\"}"}}
[debug] [2024-07-19T12:46:04.911Z] [runtime-status] [21372] Resolved module firebase-functions {"declared":true,"installed":true,"version":"5.0.1","resolution":"D:\\MyDownloads\\React\\demo24\\functions\\node_modules\\firebase-functions\\lib\\v1\\index.js"} {"metadata":{"emulator":{"name":"functions"},"function":{"name":"us-central1-api"},"extension":{},"message":"[runtime-status] [21372] Resolved module firebase-functions {\"declared\":true,\"installed\":true,\"version\":\"5.0.1\",\"resolution\":\"D:\\\\MyDownloads\\\\React\\\\demo24\\\\functions\\\\node_modules\\\\firebase-functions\\\\lib\\\\v1\\\\index.js\"}"}}
[debug] [2024-07-19T12:46:04.911Z] [runtime-status] [21372] Outgoing network have been stubbed. [{"name":"http","status":"mocked"},{"name":"http","status":"mocked"},{"name":"https","status":"mocked"},{"name":"https","status":"mocked"},{"name":"net","status":"mocked"}] {"metadata":{"emulator":{"name":"functions"},"function":{"name":"us-central1-api"},"extension":{},"message":"[runtime-status] [21372] Outgoing network have been stubbed. [{\"name\":\"http\",\"status\":\"mocked\"},{\"name\":\"http\",\"status\":\"mocked\"},{\"name\":\"https\",\"status\":\"mocked\"},{\"name\":\"https\",\"status\":\"mocked\"},{\"name\":\"net\",\"status\":\"mocked\"}]"}}
[debug] [2024-07-19T12:46:04.912Z] [runtime-status] [21372] Resolved module firebase-functions {"declared":true,"installed":true,"version":"5.0.1","resolution":"D:\\MyDownloads\\React\\demo24\\functions\\node_modules\\firebase-functions\\lib\\v1\\index.js"} {"metadata":{"emulator":{"name":"functions"},"function":{"name":"us-central1-api"},"extension":{},"message":"[runtime-status] [21372] Resolved module firebase-functions {\"declared\":true,\"installed\":true,\"version\":\"5.0.1\",\"resolution\":\"D:\\\\MyDownloads\\\\React\\\\demo24\\\\functions\\\\node_modules\\\\firebase-functions\\\\lib\\\\v1\\\\index.js\"}"}}
[debug] [2024-07-19T12:46:05.195Z] [runtime-status] [21372] Checked functions.config() {"config":{}} {"metadata":{"emulator":{"name":"functions"},"function":{"name":"us-central1-api"},"extension":{},"message":"[runtime-status] [21372] Checked functions.config() {\"config\":{}}"}}
[debug] [2024-07-19T12:46:05.195Z] [runtime-status] [21372] firebase-functions has been stubbed. {"functionsResolution":{"declared":true,"installed":true,"version":"5.0.1","resolution":"D:\\MyDownloads\\React\\demo24\\functions\\node_modules\\firebase-functions\\lib\\v1\\index.js"}} {"metadata":{"emulator":{"name":"functions"},"function":{"name":"us-central1-api"},"extension":{},"message":"[runtime-status] [21372] firebase-functions has been stubbed. {\"functionsResolution\":{\"declared\":true,\"installed\":true,\"version\":\"5.0.1\",\"resolution\":\"D:\\\\MyDownloads\\\\React\\\\demo24\\\\functions\\\\node_modules\\\\firebase-functions\\\\lib\\\\v1\\\\index.js\"}}"}}
[debug] [2024-07-19T12:46:05.203Z] [runtime-status] [21372] Resolved module firebase-functions {"declared":true,"installed":true,"version":"5.0.1","resolution":"D:\\MyDownloads\\React\\demo24\\functions\\node_modules\\firebase-functions\\lib\\v1\\index.js"} {"metadata":{"emulator":{"name":"functions"},"function":{"name":"us-central1-api"},"extension":{},"message":"[runtime-status] [21372] Resolved module firebase-functions {\"declared\":true,\"installed\":true,\"version\":\"5.0.1\",\"resolution\":\"D:\\\\MyDownloads\\\\React\\\\demo24\\\\functions\\\\node_modules\\\\firebase-functions\\\\lib\\\\v1\\\\index.js\"}"}}
[debug] [2024-07-19T12:46:05.205Z] [runtime-status] [21372] Resolved module firebase-admin {"declared":true,"installed":true,"version":"12.2.0","resolution":"D:\\MyDownloads\\React\\demo24\\functions\\node_modules\\firebase-admin\\lib\\index.js"} {"metadata":{"emulator":{"name":"functions"},"function":{"name":"us-central1-api"},"extension":{},"message":"[runtime-status] [21372] Resolved module firebase-admin {\"declared\":true,\"installed\":true,\"version\":\"12.2.0\",\"resolution\":\"D:\\\\MyDownloads\\\\React\\\\demo24\\\\functions\\\\node_modules\\\\firebase-admin\\\\lib\\\\index.js\"}"}}
[debug] [2024-07-19T12:46:05.208Z] [runtime-status] [21372] Resolved module firebase-functions {"declared":true,"installed":true,"version":"5.0.1","resolution":"D:\\MyDownloads\\React\\demo24\\functions\\node_modules\\firebase-functions\\lib\\v1\\index.js"} {"metadata":{"emulator":{"name":"functions"},"function":{"name":"us-central1-api"},"extension":{},"message":"[runtime-status] [21372] Resolved module firebase-functions {\"declared\":true,\"installed\":true,\"version\":\"5.0.1\",\"resolution\":\"D:\\\\MyDownloads\\\\React\\\\demo24\\\\functions\\\\node_modules\\\\firebase-functions\\\\lib\\\\v1\\\\index.js\"}"}}
[debug] [2024-07-19T12:46:05.209Z] [runtime-status] [21372] firebase-admin has been stubbed. {"adminResolution":{"declared":true,"installed":true,"version":"12.2.0","resolution":"D:\\MyDownloads\\React\\demo24\\functions\\node_modules\\firebase-admin\\lib\\index.js"}} {"metadata":{"emulator":{"name":"functions"},"function":{"name":"us-central1-api"},"extension":{},"message":"[runtime-status] [21372] firebase-admin has been stubbed. {\"adminResolution\":{\"declared\":true,\"installed\":true,\"version\":\"12.2.0\",\"resolution\":\"D:\\\\MyDownloads\\\\React\\\\demo24\\\\functions\\\\node_modules\\\\firebase-admin\\\\lib\\\\index.js\"}}"}}
[debug] [2024-07-19T12:46:05.411Z] [runtime-status] [21372] Functions runtime initialized. {"cwd":"D:\\MyDownloads\\React\\demo24\\functions","node_version":"20.13.1"} {"metadata":{"emulator":{"name":"functions"},"function":{"name":"us-central1-api"},"extension":{},"message":"[runtime-status] [21372] Functions runtime initialized. {\"cwd\":\"D:\\\\MyDownloads\\\\React\\\\demo24\\\\functions\",\"node_version\":\"20.13.1\"}"}}
[info] >  node:events:497 {"user":"node:events:497\r","metadata":{"emulator":{"name":"functions"},"function":{"name":"us-central1-api"},"extension":{},"message":"\u001b[90m> \u001b[39m node:events:497\r"}}
[info] >        throw er; // Unhandled 'error' event {"user":"      throw er; // Unhandled 'error' event\r","metadata":{"emulator":{"name":"functions"},"function":{"name":"us-central1-api"},"extension":{},"message":"\u001b[90m> \u001b[39m       throw er; // Unhandled 'error' event\r"}}
[info] >        ^ {"user":"      ^\r","metadata":{"emulator":{"name":"functions"},"function":{"name":"us-central1-api"},"extension":{},"message":"\u001b[90m> \u001b[39m       ^\r"}}
[info] >   {"user":"\r","metadata":{"emulator":{"name":"functions"},"function":{"name":"us-central1-api"},"extension":{},"message":"\u001b[90m> \u001b[39m \r"}}
[info] >  Error: listen EADDRINUSE: address already in use :::5000 {"user":"Error: listen EADDRINUSE: address already in use :::5000\r","metadata":{"emulator":{"name":"functions"},"function":{"name":"us-central1-api"},"extension":{},"message":"\u001b[90m> \u001b[39m Error: listen EADDRINUSE: address already in use :::5000\r"}}
[info] >      at Server.setupListenHandle [as _listen2] (node:net:1898:16) {"user":"    at Server.setupListenHandle [as _listen2] (node:net:1898:16)\r","metadata":{"emulator":{"name":"functions"},"function":{"name":"us-central1-api"},"extension":{},"message":"\u001b[90m> \u001b[39m     at Server.setupListenHandle [as _listen2] (node:net:1898:16)\r"}}
[info] >      at listenInCluster (node:net:1946:12) {"user":"    at listenInCluster (node:net:1946:12)\r","metadata":{"emulator":{"name":"functions"},"function":{"name":"us-central1-api"},"extension":{},"message":"\u001b[90m> \u001b[39m     at listenInCluster (node:net:1946:12)\r"}}
[info] >      at Server.listen (node:net:2044:7) {"user":"    at Server.listen (node:net:2044:7)\r","metadata":{"emulator":{"name":"functions"},"function":{"name":"us-central1-api"},"extension":{},"message":"\u001b[90m> \u001b[39m     at Server.listen (node:net:2044:7)\r"}}
[info] >      at Function.listen (D:\MyDownloads\React\demo24\functions\node_modules\express\lib\application.js:635:24) {"user":"    at Function.listen (D:\\MyDownloads\\React\\demo24\\functions\\node_modules\\express\\lib\\application.js:635:24)\r","metadata":{"emulator":{"name":"functions"},"function":{"name":"us-central1-api"},"extension":{},"message":"\u001b[90m> \u001b[39m     at Function.listen (D:\\MyDownloads\\React\\demo24\\functions\\node_modules\\express\\lib\\application.js:635:24)\r"}}
[info] >      at Object.<anonymous> (D:\MyDownloads\React\demo24\functions\index.js:37:5) {"user":"    at Object.<anonymous> (D:\\MyDownloads\\React\\demo24\\functions\\index.js:37:5)\r","metadata":{"emulator":{"name":"functions"},"function":{"name":"us-central1-api"},"extension":{},"message":"\u001b[90m> \u001b[39m     at Object.<anonymous> (D:\\MyDownloads\\React\\demo24\\functions\\index.js:37:5)\r"}}
[info] >      at Module._compile (node:internal/modules/cjs/loader:1358:14) {"user":"    at Module._compile (node:internal/modules/cjs/loader:1358:14)\r","metadata":{"emulator":{"name":"functions"},"function":{"name":"us-central1-api"},"extension":{},"message":"\u001b[90m> \u001b[39m     at Module._compile (node:internal/modules/cjs/loader:1358:14)\r"}}
[info] >      at Module._extensions..js (node:internal/modules/cjs/loader:1416:10) {"user":"    at Module._extensions..js (node:internal/modules/cjs/loader:1416:10)\r","metadata":{"emulator":{"name":"functions"},"function":{"name":"us-central1-api"},"extension":{},"message":"\u001b[90m> \u001b[39m     at Module._extensions..js (node:internal/modules/cjs/loader:1416:10)\r"}}
[info] >      at Module.load (node:internal/modules/cjs/loader:1208:32) {"user":"    at Module.load (node:internal/modules/cjs/loader:1208:32)\r","metadata":{"emulator":{"name":"functions"},"function":{"name":"us-central1-api"},"extension":{},"message":"\u001b[90m> \u001b[39m     at Module.load (node:internal/modules/cjs/loader:1208:32)\r"}}
[info] >      at Module._load (node:internal/modules/cjs/loader:1024:12) {"user":"    at Module._load (node:internal/modules/cjs/loader:1024:12)\r","metadata":{"emulator":{"name":"functions"},"function":{"name":"us-central1-api"},"extension":{},"message":"\u001b[90m> \u001b[39m     at Module._load (node:internal/modules/cjs/loader:1024:12)\r"}}
[info] >      at Module.require (node:internal/modules/cjs/loader:1233:19) {"user":"    at Module.require (node:internal/modules/cjs/loader:1233:19)\r","metadata":{"emulator":{"name":"functions"},"function":{"name":"us-central1-api"},"extension":{},"message":"\u001b[90m> \u001b[39m     at Module.require (node:internal/modules/cjs/loader:1233:19)\r"}}
[info] >  Emitted 'error' event on Server instance at: {"user":"Emitted 'error' event on Server instance at:\r","metadata":{"emulator":{"name":"functions"},"function":{"name":"us-central1-api"},"extension":{},"message":"\u001b[90m> \u001b[39m Emitted 'error' event on Server instance at:\r"}}
[info] >      at emitErrorNT (node:net:1925:8) {"user":"    at emitErrorNT (node:net:1925:8)\r","metadata":{"emulator":{"name":"functions"},"function":{"name":"us-central1-api"},"extension":{},"message":"\u001b[90m> \u001b[39m     at emitErrorNT (node:net:1925:8)\r"}}
[info] >      at process.processTicksAndRejections (node:internal/process/task_queues:82:21) { {"user":"    at process.processTicksAndRejections (node:internal/process/task_queues:82:21) {\r","metadata":{"emulator":{"name":"functions"},"function":{"name":"us-central1-api"},"extension":{},"message":"\u001b[90m> \u001b[39m     at process.processTicksAndRejections (node:internal/process/task_queues:82:21) {\r"}}
[info] >    code: 'EADDRINUSE', {"user":"  code: 'EADDRINUSE',\r","metadata":{"emulator":{"name":"functions"},"function":{"name":"us-central1-api"},"extension":{},"message":"\u001b[90m> \u001b[39m   code: 'EADDRINUSE',\r"}}
[info] >    errno: -4091, {"user":"  errno: -4091,\r","metadata":{"emulator":{"name":"functions"},"function":{"name":"us-central1-api"},"extension":{},"message":"\u001b[90m> \u001b[39m   errno: -4091,\r"}}
[info] >    syscall: 'listen', {"user":"  syscall: 'listen',\r","metadata":{"emulator":{"name":"functions"},"function":{"name":"us-central1-api"},"extension":{},"message":"\u001b[90m> \u001b[39m   syscall: 'listen',\r"}}
[info] >    address: '::', {"user":"  address: '::',\r","metadata":{"emulator":{"name":"functions"},"function":{"name":"us-central1-api"},"extension":{},"message":"\u001b[90m> \u001b[39m   address: '::',\r"}}
[info] >    port: 5000 {"user":"  port: 5000\r","metadata":{"emulator":{"name":"functions"},"function":{"name":"us-central1-api"},"extension":{},"message":"\u001b[90m> \u001b[39m   port: 5000\r"}}
[info] >  } {"user":"}\r","metadata":{"emulator":{"name":"functions"},"function":{"name":"us-central1-api"},"extension":{},"message":"\u001b[90m> \u001b[39m }\r"}}
[info] >   {"user":"\r","metadata":{"emulator":{"name":"functions"},"function":{"name":"us-central1-api"},"extension":{},"message":"\u001b[90m> \u001b[39m \r"}}
[info] >  Node.js v20.13.1 {"user":"Node.js v20.13.1\r","metadata":{"emulator":{"name":"functions"},"function":{"name":"us-central1-api"},"extension":{},"message":"\u001b[90m> \u001b[39m Node.js v20.13.1\r"}}
[debug] [2024-07-19T12:46:05.434Z] [worker-us-central1-api-a4be42ef-8350-43ba-aa44-c1f66b48a535]: exited {"metadata":{"emulator":{"name":"functions"},"function":{"name":"us-central1-api"},"extension":{},"message":"[worker-us-central1-api-a4be42ef-8350-43ba-aa44-c1f66b48a535]: exited"}}
[debug] [2024-07-19T12:46:05.434Z] [worker-us-central1-api-a4be42ef-8350-43ba-aa44-c1f66b48a535]: FINISHED {"metadata":{"emulator":{"name":"functions"},"function":{"name":"us-central1-api"},"extension":{},"message":"[worker-us-central1-api-a4be42ef-8350-43ba-aa44-c1f66b48a535]: FINISHED"}}
[error] !!  functions: Failed to handle request for function us-central1-api {"metadata":{"emulator":{"name":"functions"},"message":"Failed to handle request for function us-central1-api"}}
[error] !!  functions: Failed to start functions in D:\MyDownloads\React\demo24\functions: FirebaseError: Failed to load function. {"metadata":{"emulator":{"name":"functions"},"message":"Failed to start functions in D:\\MyDownloads\\React\\demo24\\functions: FirebaseError: Failed to load function."}}
[debug] [2024-07-19T12:46:33.426Z] [work-queue] {"queuedWork":[],"queueLength":0,"runningWork":[],"workRunningCount":0}
[debug] [2024-07-19T12:46:56.237Z] [work-queue] {"queuedWork":["/challenge-db720/us-central1/api/payments/create-2024-07-19T12:46:56.237Z"],"queueLength":1,"runningWork":[],"workRunningCount":0}
[debug] [2024-07-19T12:46:56.237Z] [work-queue] {"queuedWork":[],"queueLength":0,"runningWork":["/challenge-db720/us-central1/api/payments/create-2024-07-19T12:46:56.237Z"],"workRunningCount":1}
[debug] [2024-07-19T12:46:56.237Z] Accepted request POST /challenge-db720/us-central1/api/payments/create?total=26899 --> us-central1-api
[debug] [2024-07-19T12:46:56.237Z] [functions] Runtime ready! Sending request! {"metadata":{"emulator":{"name":"functions"},"message":"[functions] Runtime ready! Sending request!"}}
[debug] [2024-07-19T12:46:56.238Z] [functions] Got req.url=/challenge-db720/us-central1/api/payments/create?total=26899, mapping to path=/payments/create?total=26899 {"metadata":{"emulator":{"name":"functions"},"message":"[functions] Got req.url=/challenge-db720/us-central1/api/payments/create?total=26899, mapping to path=/payments/create?total=26899"}}
[debug] [2024-07-19T12:46:56.238Z] [worker-pool] Cleaned up workers for us-central1-api: 1 --> 0 {"metadata":{"emulator":{"name":"functions"},"message":"[worker-pool] Cleaned up workers for us-central1-api: 1 --> 0"}}
[debug] [2024-07-19T12:46:56.257Z] [worker-pool] addWorker(us-central1-api) {"metadata":{"emulator":{"name":"functions"},"message":"[worker-pool] addWorker(us-central1-api)"}}
[debug] [2024-07-19T12:46:56.258Z] [worker-pool] Adding worker with key us-central1-api, total=1 {"metadata":{"emulator":{"name":"functions"},"message":"[worker-pool] Adding worker with key us-central1-api, total=1"}}
[debug] [2024-07-19T12:46:57.730Z] [runtime-status] [23436] Resolved module firebase-admin {"declared":true,"installed":true,"version":"12.2.0","resolution":"D:\\MyDownloads\\React\\demo24\\functions\\node_modules\\firebase-admin\\lib\\index.js"} {"metadata":{"emulator":{"name":"functions"},"function":{"name":"us-central1-api"},"extension":{},"message":"[runtime-status] [23436] Resolved module firebase-admin {\"declared\":true,\"installed\":true,\"version\":\"12.2.0\",\"resolution\":\"D:\\\\MyDownloads\\\\React\\\\demo24\\\\functions\\\\node_modules\\\\firebase-admin\\\\lib\\\\index.js\"}"}}
[debug] [2024-07-19T12:46:57.732Z] [runtime-status] [23436] Resolved module firebase-functions {"declared":true,"installed":true,"version":"5.0.1","resolution":"D:\\MyDownloads\\React\\demo24\\functions\\node_modules\\firebase-functions\\lib\\v1\\index.js"} {"metadata":{"emulator":{"name":"functions"},"function":{"name":"us-central1-api"},"extension":{},"message":"[runtime-status] [23436] Resolved module firebase-functions {\"declared\":true,\"installed\":true,\"version\":\"5.0.1\",\"resolution\":\"D:\\\\MyDownloads\\\\React\\\\demo24\\\\functions\\\\node_modules\\\\firebase-functions\\\\lib\\\\v1\\\\index.js\"}"}}
[debug] [2024-07-19T12:46:57.733Z] [runtime-status] [23436] Outgoing network have been stubbed. [{"name":"http","status":"mocked"},{"name":"http","status":"mocked"},{"name":"https","status":"mocked"},{"name":"https","status":"mocked"},{"name":"net","status":"mocked"}] {"metadata":{"emulator":{"name":"functions"},"function":{"name":"us-central1-api"},"extension":{},"message":"[runtime-status] [23436] Outgoing network have been stubbed. [{\"name\":\"http\",\"status\":\"mocked\"},{\"name\":\"http\",\"status\":\"mocked\"},{\"name\":\"https\",\"status\":\"mocked\"},{\"name\":\"https\",\"status\":\"mocked\"},{\"name\":\"net\",\"status\":\"mocked\"}]"}}
[debug] [2024-07-19T12:46:57.734Z] [runtime-status] [23436] Resolved module firebase-functions {"declared":true,"installed":true,"version":"5.0.1","resolution":"D:\\MyDownloads\\React\\demo24\\functions\\node_modules\\firebase-functions\\lib\\v1\\index.js"} {"metadata":{"emulator":{"name":"functions"},"function":{"name":"us-central1-api"},"extension":{},"message":"[runtime-status] [23436] Resolved module firebase-functions {\"declared\":true,\"installed\":true,\"version\":\"5.0.1\",\"resolution\":\"D:\\\\MyDownloads\\\\React\\\\demo24\\\\functions\\\\node_modules\\\\firebase-functions\\\\lib\\\\v1\\\\index.js\"}"}}
[debug] [2024-07-19T12:46:58.006Z] [runtime-status] [23436] Checked functions.config() {"config":{}} {"metadata":{"emulator":{"name":"functions"},"function":{"name":"us-central1-api"},"extension":{},"message":"[runtime-status] [23436] Checked functions.config() {\"config\":{}}"}}
[debug] [2024-07-19T12:46:58.007Z] [runtime-status] [23436] firebase-functions has been stubbed. {"functionsResolution":{"declared":true,"installed":true,"version":"5.0.1","resolution":"D:\\MyDownloads\\React\\demo24\\functions\\node_modules\\firebase-functions\\lib\\v1\\index.js"}} {"metadata":{"emulator":{"name":"functions"},"function":{"name":"us-central1-api"},"extension":{},"message":"[runtime-status] [23436] firebase-functions has been stubbed. {\"functionsResolution\":{\"declared\":true,\"installed\":true,\"version\":\"5.0.1\",\"resolution\":\"D:\\\\MyDownloads\\\\React\\\\demo24\\\\functions\\\\node_modules\\\\firebase-functions\\\\lib\\\\v1\\\\index.js\"}}"}}
[debug] [2024-07-19T12:46:58.008Z] [runtime-status] [23436] Resolved module firebase-functions {"declared":true,"installed":true,"version":"5.0.1","resolution":"D:\\MyDownloads\\React\\demo24\\functions\\node_modules\\firebase-functions\\lib\\v1\\index.js"} {"metadata":{"emulator":{"name":"functions"},"function":{"name":"us-central1-api"},"extension":{},"message":"[runtime-status] [23436] Resolved module firebase-functions {\"declared\":true,\"installed\":true,\"version\":\"5.0.1\",\"resolution\":\"D:\\\\MyDownloads\\\\React\\\\demo24\\\\functions\\\\node_modules\\\\firebase-functions\\\\lib\\\\v1\\\\index.js\"}"}}
[debug] [2024-07-19T12:46:58.009Z] [runtime-status] [23436] Resolved module firebase-admin {"declared":true,"installed":true,"version":"12.2.0","resolution":"D:\\MyDownloads\\React\\demo24\\functions\\node_modules\\firebase-admin\\lib\\index.js"} {"metadata":{"emulator":{"name":"functions"},"function":{"name":"us-central1-api"},"extension":{},"message":"[runtime-status] [23436] Resolved module firebase-admin {\"declared\":true,\"installed\":true,\"version\":\"12.2.0\",\"resolution\":\"D:\\\\MyDownloads\\\\React\\\\demo24\\\\functions\\\\node_modules\\\\firebase-admin\\\\lib\\\\index.js\"}"}}
[debug] [2024-07-19T12:46:58.011Z] [runtime-status] [23436] Resolved module firebase-functions {"declared":true,"installed":true,"version":"5.0.1","resolution":"D:\\MyDownloads\\React\\demo24\\functions\\node_modules\\firebase-functions\\lib\\v1\\index.js"} {"metadata":{"emulator":{"name":"functions"},"function":{"name":"us-central1-api"},"extension":{},"message":"[runtime-status] [23436] Resolved module firebase-functions {\"declared\":true,\"installed\":true,\"version\":\"5.0.1\",\"resolution\":\"D:\\\\MyDownloads\\\\React\\\\demo24\\\\functions\\\\node_modules\\\\firebase-functions\\\\lib\\\\v1\\\\index.js\"}"}}
[debug] [2024-07-19T12:46:58.012Z] [runtime-status] [23436] firebase-admin has been stubbed. {"adminResolution":{"declared":true,"installed":true,"version":"12.2.0","resolution":"D:\\MyDownloads\\React\\demo24\\functions\\node_modules\\firebase-admin\\lib\\index.js"}} {"metadata":{"emulator":{"name":"functions"},"function":{"name":"us-central1-api"},"extension":{},"message":"[runtime-status] [23436] firebase-admin has been stubbed. {\"adminResolution\":{\"declared\":true,\"installed\":true,\"version\":\"12.2.0\",\"resolution\":\"D:\\\\MyDownloads\\\\React\\\\demo24\\\\functions\\\\node_modules\\\\firebase-admin\\\\lib\\\\index.js\"}}"}}
[debug] [2024-07-19T12:46:58.236Z] [runtime-status] [23436] Functions runtime initialized. {"cwd":"D:\\MyDownloads\\React\\demo24\\functions","node_version":"20.13.1"} {"metadata":{"emulator":{"name":"functions"},"function":{"name":"us-central1-api"},"extension":{},"message":"[runtime-status] [23436] Functions runtime initialized. {\"cwd\":\"D:\\\\MyDownloads\\\\React\\\\demo24\\\\functions\",\"node_version\":\"20.13.1\"}"}}
[info] >  node:events:497 {"user":"node:events:497\r","metadata":{"emulator":{"name":"functions"},"function":{"name":"us-central1-api"},"extension":{},"message":"\u001b[90m> \u001b[39m node:events:497\r"}}
[info] >        throw er; // Unhandled 'error' event {"user":"      throw er; // Unhandled 'error' event\r","metadata":{"emulator":{"name":"functions"},"function":{"name":"us-central1-api"},"extension":{},"message":"\u001b[90m> \u001b[39m       throw er; // Unhandled 'error' event\r"}}
[info] >        ^ {"user":"      ^\r","metadata":{"emulator":{"name":"functions"},"function":{"name":"us-central1-api"},"extension":{},"message":"\u001b[90m> \u001b[39m       ^\r"}}
[info] >   {"user":"\r","metadata":{"emulator":{"name":"functions"},"function":{"name":"us-central1-api"},"extension":{},"message":"\u001b[90m> \u001b[39m \r"}}
[info] >  Error: listen EADDRINUSE: address already in use :::5000 {"user":"Error: listen EADDRINUSE: address already in use :::5000\r","metadata":{"emulator":{"name":"functions"},"function":{"name":"us-central1-api"},"extension":{},"message":"\u001b[90m> \u001b[39m Error: listen EADDRINUSE: address already in use :::5000\r"}}
[info] >      at Server.setupListenHandle [as _listen2] (node:net:1898:16) {"user":"    at Server.setupListenHandle [as _listen2] (node:net:1898:16)\r","metadata":{"emulator":{"name":"functions"},"function":{"name":"us-central1-api"},"extension":{},"message":"\u001b[90m> \u001b[39m     at Server.setupListenHandle [as _listen2] (node:net:1898:16)\r"}}
[info] >      at listenInCluster (node:net:1946:12) {"user":"    at listenInCluster (node:net:1946:12)\r","metadata":{"emulator":{"name":"functions"},"function":{"name":"us-central1-api"},"extension":{},"message":"\u001b[90m> \u001b[39m     at listenInCluster (node:net:1946:12)\r"}}
[info] >      at Server.listen (node:net:2044:7) {"user":"    at Server.listen (node:net:2044:7)\r","metadata":{"emulator":{"name":"functions"},"function":{"name":"us-central1-api"},"extension":{},"message":"\u001b[90m> \u001b[39m     at Server.listen (node:net:2044:7)\r"}}
[info] >      at Function.listen (D:\MyDownloads\React\demo24\functions\node_modules\express\lib\application.js:635:24) {"user":"    at Function.listen (D:\\MyDownloads\\React\\demo24\\functions\\node_modules\\express\\lib\\application.js:635:24)\r","metadata":{"emulator":{"name":"functions"},"function":{"name":"us-central1-api"},"extension":{},"message":"\u001b[90m> \u001b[39m     at Function.listen (D:\\MyDownloads\\React\\demo24\\functions\\node_modules\\express\\lib\\application.js:635:24)\r"}}
[info] >      at Object.<anonymous> (D:\MyDownloads\React\demo24\functions\index.js:37:5) {"user":"    at Object.<anonymous> (D:\\MyDownloads\\React\\demo24\\functions\\index.js:37:5)\r","metadata":{"emulator":{"name":"functions"},"function":{"name":"us-central1-api"},"extension":{},"message":"\u001b[90m> \u001b[39m     at Object.<anonymous> (D:\\MyDownloads\\React\\demo24\\functions\\index.js:37:5)\r"}}
[info] >      at Module._compile (node:internal/modules/cjs/loader:1358:14) {"user":"    at Module._compile (node:internal/modules/cjs/loader:1358:14)\r","metadata":{"emulator":{"name":"functions"},"function":{"name":"us-central1-api"},"extension":{},"message":"\u001b[90m> \u001b[39m     at Module._compile (node:internal/modules/cjs/loader:1358:14)\r"}}
[info] >      at Module._extensions..js (node:internal/modules/cjs/loader:1416:10) {"user":"    at Module._extensions..js (node:internal/modules/cjs/loader:1416:10)\r","metadata":{"emulator":{"name":"functions"},"function":{"name":"us-central1-api"},"extension":{},"message":"\u001b[90m> \u001b[39m     at Module._extensions..js (node:internal/modules/cjs/loader:1416:10)\r"}}
[info] >      at Module.load (node:internal/modules/cjs/loader:1208:32) {"user":"    at Module.load (node:internal/modules/cjs/loader:1208:32)\r","metadata":{"emulator":{"name":"functions"},"function":{"name":"us-central1-api"},"extension":{},"message":"\u001b[90m> \u001b[39m     at Module.load (node:internal/modules/cjs/loader:1208:32)\r"}}
[info] >      at Module._load (node:internal/modules/cjs/loader:1024:12) {"user":"    at Module._load (node:internal/modules/cjs/loader:1024:12)\r","metadata":{"emulator":{"name":"functions"},"function":{"name":"us-central1-api"},"extension":{},"message":"\u001b[90m> \u001b[39m     at Module._load (node:internal/modules/cjs/loader:1024:12)\r"}}
[info] >      at Module.require (node:internal/modules/cjs/loader:1233:19) {"user":"    at Module.require (node:internal/modules/cjs/loader:1233:19)\r","metadata":{"emulator":{"name":"functions"},"function":{"name":"us-central1-api"},"extension":{},"message":"\u001b[90m> \u001b[39m     at Module.require (node:internal/modules/cjs/loader:1233:19)\r"}}
[info] >  Emitted 'error' event on Server instance at: {"user":"Emitted 'error' event on Server instance at:\r","metadata":{"emulator":{"name":"functions"},"function":{"name":"us-central1-api"},"extension":{},"message":"\u001b[90m> \u001b[39m Emitted 'error' event on Server instance at:\r"}}
[info] >      at emitErrorNT (node:net:1925:8) {"user":"    at emitErrorNT (node:net:1925:8)\r","metadata":{"emulator":{"name":"functions"},"function":{"name":"us-central1-api"},"extension":{},"message":"\u001b[90m> \u001b[39m     at emitErrorNT (node:net:1925:8)\r"}}
[info] >      at process.processTicksAndRejections (node:internal/process/task_queues:82:21) { {"user":"    at process.processTicksAndRejections (node:internal/process/task_queues:82:21) {\r","metadata":{"emulator":{"name":"functions"},"function":{"name":"us-central1-api"},"extension":{},"message":"\u001b[90m> \u001b[39m     at process.processTicksAndRejections (node:internal/process/task_queues:82:21) {\r"}}
[info] >    code: 'EADDRINUSE', {"user":"  code: 'EADDRINUSE',\r","metadata":{"emulator":{"name":"functions"},"function":{"name":"us-central1-api"},"extension":{},"message":"\u001b[90m> \u001b[39m   code: 'EADDRINUSE',\r"}}
[info] >    errno: -4091, {"user":"  errno: -4091,\r","metadata":{"emulator":{"name":"functions"},"function":{"name":"us-central1-api"},"extension":{},"message":"\u001b[90m> \u001b[39m   errno: -4091,\r"}}
[info] >    syscall: 'listen', {"user":"  syscall: 'listen',\r","metadata":{"emulator":{"name":"functions"},"function":{"name":"us-central1-api"},"extension":{},"message":"\u001b[90m> \u001b[39m   syscall: 'listen',\r"}}
[info] >    address: '::', {"user":"  address: '::',\r","metadata":{"emulator":{"name":"functions"},"function":{"name":"us-central1-api"},"extension":{},"message":"\u001b[90m> \u001b[39m   address: '::',\r"}}
[info] >    port: 5000 {"user":"  port: 5000\r","metadata":{"emulator":{"name":"functions"},"function":{"name":"us-central1-api"},"extension":{},"message":"\u001b[90m> \u001b[39m   port: 5000\r"}}
[info] >  } {"user":"}\r","metadata":{"emulator":{"name":"functions"},"function":{"name":"us-central1-api"},"extension":{},"message":"\u001b[90m> \u001b[39m }\r"}}
[info] >   {"user":"\r","metadata":{"emulator":{"name":"functions"},"function":{"name":"us-central1-api"},"extension":{},"message":"\u001b[90m> \u001b[39m \r"}}
[info] >  Node.js v20.13.1 {"user":"Node.js v20.13.1\r","metadata":{"emulator":{"name":"functions"},"function":{"name":"us-central1-api"},"extension":{},"message":"\u001b[90m> \u001b[39m Node.js v20.13.1\r"}}
[debug] [2024-07-19T12:46:58.259Z] [worker-us-central1-api-4f29815e-a1ed-42ee-88f7-eb720592009a]: exited {"metadata":{"emulator":{"name":"functions"},"function":{"name":"us-central1-api"},"extension":{},"message":"[worker-us-central1-api-4f29815e-a1ed-42ee-88f7-eb720592009a]: exited"}}
[debug] [2024-07-19T12:46:58.259Z] [worker-us-central1-api-4f29815e-a1ed-42ee-88f7-eb720592009a]: FINISHED {"metadata":{"emulator":{"name":"functions"},"function":{"name":"us-central1-api"},"extension":{},"message":"[worker-us-central1-api-4f29815e-a1ed-42ee-88f7-eb720592009a]: FINISHED"}}
[debug] [2024-07-19T12:47:24.322Z] [work-queue] {"queuedWork":["/challenge-db720/us-central1/api/payments/create-2024-07-19T12:47:24.322Z"],"queueLength":1,"runningWork":["/challenge-db720/us-central1/api/payments/create-2024-07-19T12:46:56.237Z"],"workRunningCount":1}
[debug] [2024-07-19T12:47:24.322Z] [work-queue] {"queuedWork":[],"queueLength":0,"runningWork":["/challenge-db720/us-central1/api/payments/create-2024-07-19T12:46:56.237Z","/challenge-db720/us-central1/api/payments/create-2024-07-19T12:47:24.322Z"],"workRunningCount":2}
[debug] [2024-07-19T12:47:24.322Z] Accepted request POST /challenge-db720/us-central1/api/payments/create?total=0 --> us-central1-api
[debug] [2024-07-19T12:47:24.322Z] [functions] Runtime ready! Sending request! {"metadata":{"emulator":{"name":"functions"},"message":"[functions] Runtime ready! Sending request!"}}
[debug] [2024-07-19T12:47:24.323Z] [functions] Got req.url=/challenge-db720/us-central1/api/payments/create?total=0, mapping to path=/payments/create?total=0 {"metadata":{"emulator":{"name":"functions"},"message":"[functions] Got req.url=/challenge-db720/us-central1/api/payments/create?total=0, mapping to path=/payments/create?total=0"}}
[debug] [2024-07-19T12:47:24.323Z] [worker-pool] Cleaned up workers for us-central1-api: 1 --> 0 {"metadata":{"emulator":{"name":"functions"},"message":"[worker-pool] Cleaned up workers for us-central1-api: 1 --> 0"}}
[debug] [2024-07-19T12:47:24.338Z] [worker-pool] addWorker(us-central1-api) {"metadata":{"emulator":{"name":"functions"},"message":"[worker-pool] addWorker(us-central1-api)"}}
[debug] [2024-07-19T12:47:24.339Z] [worker-pool] Adding worker with key us-central1-api, total=1 {"metadata":{"emulator":{"name":"functions"},"message":"[worker-pool] Adding worker with key us-central1-api, total=1"}}
[debug] [2024-07-19T12:47:26.067Z] [runtime-status] [26128] Resolved module firebase-admin {"declared":true,"installed":true,"version":"12.2.0","resolution":"D:\\MyDownloads\\React\\demo24\\functions\\node_modules\\firebase-admin\\lib\\index.js"} {"metadata":{"emulator":{"name":"functions"},"function":{"name":"us-central1-api"},"extension":{},"message":"[runtime-status] [26128] Resolved module firebase-admin {\"declared\":true,\"installed\":true,\"version\":\"12.2.0\",\"resolution\":\"D:\\\\MyDownloads\\\\React\\\\demo24\\\\functions\\\\node_modules\\\\firebase-admin\\\\lib\\\\index.js\"}"}}
[debug] [2024-07-19T12:47:26.068Z] [runtime-status] [26128] Resolved module firebase-functions {"declared":true,"installed":true,"version":"5.0.1","resolution":"D:\\MyDownloads\\React\\demo24\\functions\\node_modules\\firebase-functions\\lib\\v1\\index.js"} {"metadata":{"emulator":{"name":"functions"},"function":{"name":"us-central1-api"},"extension":{},"message":"[runtime-status] [26128] Resolved module firebase-functions {\"declared\":true,\"installed\":true,\"version\":\"5.0.1\",\"resolution\":\"D:\\\\MyDownloads\\\\React\\\\demo24\\\\functions\\\\node_modules\\\\firebase-functions\\\\lib\\\\v1\\\\index.js\"}"}}
[debug] [2024-07-19T12:47:26.069Z] [runtime-status] [26128] Outgoing network have been stubbed. [{"name":"http","status":"mocked"},{"name":"http","status":"mocked"},{"name":"https","status":"mocked"},{"name":"https","status":"mocked"},{"name":"net","status":"mocked"}] {"metadata":{"emulator":{"name":"functions"},"function":{"name":"us-central1-api"},"extension":{},"message":"[runtime-status] [26128] Outgoing network have been stubbed. [{\"name\":\"http\",\"status\":\"mocked\"},{\"name\":\"http\",\"status\":\"mocked\"},{\"name\":\"https\",\"status\":\"mocked\"},{\"name\":\"https\",\"status\":\"mocked\"},{\"name\":\"net\",\"status\":\"mocked\"}]"}}
[debug] [2024-07-19T12:47:26.069Z] [runtime-status] [26128] Resolved module firebase-functions {"declared":true,"installed":true,"version":"5.0.1","resolution":"D:\\MyDownloads\\React\\demo24\\functions\\node_modules\\firebase-functions\\lib\\v1\\index.js"} {"metadata":{"emulator":{"name":"functions"},"function":{"name":"us-central1-api"},"extension":{},"message":"[runtime-status] [26128] Resolved module firebase-functions {\"declared\":true,\"installed\":true,\"version\":\"5.0.1\",\"resolution\":\"D:\\\\MyDownloads\\\\React\\\\demo24\\\\functions\\\\node_modules\\\\firebase-functions\\\\lib\\\\v1\\\\index.js\"}"}}
[debug] [2024-07-19T12:47:26.357Z] [runtime-status] [26128] Checked functions.config() {"config":{}} {"metadata":{"emulator":{"name":"functions"},"function":{"name":"us-central1-api"},"extension":{},"message":"[runtime-status] [26128] Checked functions.config() {\"config\":{}}"}}
[debug] [2024-07-19T12:47:26.357Z] [runtime-status] [26128] firebase-functions has been stubbed. {"functionsResolution":{"declared":true,"installed":true,"version":"5.0.1","resolution":"D:\\MyDownloads\\React\\demo24\\functions\\node_modules\\firebase-functions\\lib\\v1\\index.js"}} {"metadata":{"emulator":{"name":"functions"},"function":{"name":"us-central1-api"},"extension":{},"message":"[runtime-status] [26128] firebase-functions has been stubbed. {\"functionsResolution\":{\"declared\":true,\"installed\":true,\"version\":\"5.0.1\",\"resolution\":\"D:\\\\MyDownloads\\\\React\\\\demo24\\\\functions\\\\node_modules\\\\firebase-functions\\\\lib\\\\v1\\\\index.js\"}}"}}
[debug] [2024-07-19T12:47:26.358Z] [runtime-status] [26128] Resolved module firebase-functions {"declared":true,"installed":true,"version":"5.0.1","resolution":"D:\\MyDownloads\\React\\demo24\\functions\\node_modules\\firebase-functions\\lib\\v1\\index.js"} {"metadata":{"emulator":{"name":"functions"},"function":{"name":"us-central1-api"},"extension":{},"message":"[runtime-status] [26128] Resolved module firebase-functions {\"declared\":true,\"installed\":true,\"version\":\"5.0.1\",\"resolution\":\"D:\\\\MyDownloads\\\\React\\\\demo24\\\\functions\\\\node_modules\\\\firebase-functions\\\\lib\\\\v1\\\\index.js\"}"}}
[error] !!  functions: Failed to handle request for function us-central1-api {"metadata":{"emulator":{"name":"functions"},"message":"Failed to handle request for function us-central1-api"}}
[error] !!  functions: Failed to start functions in D:\MyDownloads\React\demo24\functions: FirebaseError: Failed to load function. {"metadata":{"emulator":{"name":"functions"},"message":"Failed to start functions in D:\\MyDownloads\\React\\demo24\\functions: FirebaseError: Failed to load function."}}
[debug] [2024-07-19T12:47:26.360Z] [work-queue] {"queuedWork":[],"queueLength":0,"runningWork":["/challenge-db720/us-central1/api/payments/create-2024-07-19T12:47:24.322Z"],"workRunningCount":1}
[debug] [2024-07-19T12:47:26.360Z] [runtime-status] [26128] Resolved module firebase-admin {"declared":true,"installed":true,"version":"12.2.0","resolution":"D:\\MyDownloads\\React\\demo24\\functions\\node_modules\\firebase-admin\\lib\\index.js"} {"metadata":{"emulator":{"name":"functions"},"function":{"name":"us-central1-api"},"extension":{},"message":"[runtime-status] [26128] Resolved module firebase-admin {\"declared\":true,\"installed\":true,\"version\":\"12.2.0\",\"resolution\":\"D:\\\\MyDownloads\\\\React\\\\demo24\\\\functions\\\\node_modules\\\\firebase-admin\\\\lib\\\\index.js\"}"}}
[debug] [2024-07-19T12:47:26.362Z] [runtime-status] [26128] Resolved module firebase-functions {"declared":true,"installed":true,"version":"5.0.1","resolution":"D:\\MyDownloads\\React\\demo24\\functions\\node_modules\\firebase-functions\\lib\\v1\\index.js"} {"metadata":{"emulator":{"name":"functions"},"function":{"name":"us-central1-api"},"extension":{},"message":"[runtime-status] [26128] Resolved module firebase-functions {\"declared\":true,\"installed\":true,\"version\":\"5.0.1\",\"resolution\":\"D:\\\\MyDownloads\\\\React\\\\demo24\\\\functions\\\\node_modules\\\\firebase-functions\\\\lib\\\\v1\\\\index.js\"}"}}
[debug] [2024-07-19T12:47:26.363Z] [runtime-status] [26128] firebase-admin has been stubbed. {"adminResolution":{"declared":true,"installed":true,"version":"12.2.0","resolution":"D:\\MyDownloads\\React\\demo24\\functions\\node_modules\\firebase-admin\\lib\\index.js"}} {"metadata":{"emulator":{"name":"functions"},"function":{"name":"us-central1-api"},"extension":{},"message":"[runtime-status] [26128] firebase-admin has been stubbed. {\"adminResolution\":{\"declared\":true,\"installed\":true,\"version\":\"12.2.0\",\"resolution\":\"D:\\\\MyDownloads\\\\React\\\\demo24\\\\functions\\\\node_modules\\\\firebase-admin\\\\lib\\\\index.js\"}}"}}
[debug] [2024-07-19T12:47:26.577Z] [runtime-status] [26128] Functions runtime initialized. {"cwd":"D:\\MyDownloads\\React\\demo24\\functions","node_version":"20.13.1"} {"metadata":{"emulator":{"name":"functions"},"function":{"name":"us-central1-api"},"extension":{},"message":"[runtime-status] [26128] Functions runtime initialized. {\"cwd\":\"D:\\\\MyDownloads\\\\React\\\\demo24\\\\functions\",\"node_version\":\"20.13.1\"}"}}
[info] >  node:events:497 {"user":"node:events:497\r","metadata":{"emulator":{"name":"functions"},"function":{"name":"us-central1-api"},"extension":{},"message":"\u001b[90m> \u001b[39m node:events:497\r"}}
[info] >        throw er; // Unhandled 'error' event {"user":"      throw er; // Unhandled 'error' event\r","metadata":{"emulator":{"name":"functions"},"function":{"name":"us-central1-api"},"extension":{},"message":"\u001b[90m> \u001b[39m       throw er; // Unhandled 'error' event\r"}}
[info] >        ^ {"user":"      ^\r","metadata":{"emulator":{"name":"functions"},"function":{"name":"us-central1-api"},"extension":{},"message":"\u001b[90m> \u001b[39m       ^\r"}}
[info] >   {"user":"\r","metadata":{"emulator":{"name":"functions"},"function":{"name":"us-central1-api"},"extension":{},"message":"\u001b[90m> \u001b[39m \r"}}
[info] >  Error: listen EADDRINUSE: address already in use :::5000 {"user":"Error: listen EADDRINUSE: address already in use :::5000\r","metadata":{"emulator":{"name":"functions"},"function":{"name":"us-central1-api"},"extension":{},"message":"\u001b[90m> \u001b[39m Error: listen EADDRINUSE: address already in use :::5000\r"}}
[info] >      at Server.setupListenHandle [as _listen2] (node:net:1898:16) {"user":"    at Server.setupListenHandle [as _listen2] (node:net:1898:16)\r","metadata":{"emulator":{"name":"functions"},"function":{"name":"us-central1-api"},"extension":{},"message":"\u001b[90m> \u001b[39m     at Server.setupListenHandle [as _listen2] (node:net:1898:16)\r"}}
[info] >      at listenInCluster (node:net:1946:12) {"user":"    at listenInCluster (node:net:1946:12)\r","metadata":{"emulator":{"name":"functions"},"function":{"name":"us-central1-api"},"extension":{},"message":"\u001b[90m> \u001b[39m     at listenInCluster (node:net:1946:12)\r"}}
[info] >      at Server.listen (node:net:2044:7) {"user":"    at Server.listen (node:net:2044:7)\r","metadata":{"emulator":{"name":"functions"},"function":{"name":"us-central1-api"},"extension":{},"message":"\u001b[90m> \u001b[39m     at Server.listen (node:net:2044:7)\r"}}
[info] >      at Function.listen (D:\MyDownloads\React\demo24\functions\node_modules\express\lib\application.js:635:24) {"user":"    at Function.listen (D:\\MyDownloads\\React\\demo24\\functions\\node_modules\\express\\lib\\application.js:635:24)\r","metadata":{"emulator":{"name":"functions"},"function":{"name":"us-central1-api"},"extension":{},"message":"\u001b[90m> \u001b[39m     at Function.listen (D:\\MyDownloads\\React\\demo24\\functions\\node_modules\\express\\lib\\application.js:635:24)\r"}}
[info] >      at Object.<anonymous> (D:\MyDownloads\React\demo24\functions\index.js:37:5) {"user":"    at Object.<anonymous> (D:\\MyDownloads\\React\\demo24\\functions\\index.js:37:5)\r","metadata":{"emulator":{"name":"functions"},"function":{"name":"us-central1-api"},"extension":{},"message":"\u001b[90m> \u001b[39m     at Object.<anonymous> (D:\\MyDownloads\\React\\demo24\\functions\\index.js:37:5)\r"}}
[info] >      at Module._compile (node:internal/modules/cjs/loader:1358:14) {"user":"    at Module._compile (node:internal/modules/cjs/loader:1358:14)\r","metadata":{"emulator":{"name":"functions"},"function":{"name":"us-central1-api"},"extension":{},"message":"\u001b[90m> \u001b[39m     at Module._compile (node:internal/modules/cjs/loader:1358:14)\r"}}
[info] >      at Module._extensions..js (node:internal/modules/cjs/loader:1416:10) {"user":"    at Module._extensions..js (node:internal/modules/cjs/loader:1416:10)\r","metadata":{"emulator":{"name":"functions"},"function":{"name":"us-central1-api"},"extension":{},"message":"\u001b[90m> \u001b[39m     at Module._extensions..js (node:internal/modules/cjs/loader:1416:10)\r"}}
[info] >      at Module.load (node:internal/modules/cjs/loader:1208:32) {"user":"    at Module.load (node:internal/modules/cjs/loader:1208:32)\r","metadata":{"emulator":{"name":"functions"},"function":{"name":"us-central1-api"},"extension":{},"message":"\u001b[90m> \u001b[39m     at Module.load (node:internal/modules/cjs/loader:1208:32)\r"}}
[info] >      at Module._load (node:internal/modules/cjs/loader:1024:12) {"user":"    at Module._load (node:internal/modules/cjs/loader:1024:12)\r","metadata":{"emulator":{"name":"functions"},"function":{"name":"us-central1-api"},"extension":{},"message":"\u001b[90m> \u001b[39m     at Module._load (node:internal/modules/cjs/loader:1024:12)\r"}}
[info] >      at Module.require (node:internal/modules/cjs/loader:1233:19) {"user":"    at Module.require (node:internal/modules/cjs/loader:1233:19)\r","metadata":{"emulator":{"name":"functions"},"function":{"name":"us-central1-api"},"extension":{},"message":"\u001b[90m> \u001b[39m     at Module.require (node:internal/modules/cjs/loader:1233:19)\r"}}
[info] >  Emitted 'error' event on Server instance at: {"user":"Emitted 'error' event on Server instance at:\r","metadata":{"emulator":{"name":"functions"},"function":{"name":"us-central1-api"},"extension":{},"message":"\u001b[90m> \u001b[39m Emitted 'error' event on Server instance at:\r"}}
[info] >      at emitErrorNT (node:net:1925:8) {"user":"    at emitErrorNT (node:net:1925:8)\r","metadata":{"emulator":{"name":"functions"},"function":{"name":"us-central1-api"},"extension":{},"message":"\u001b[90m> \u001b[39m     at emitErrorNT (node:net:1925:8)\r"}}
[info] >      at process.processTicksAndRejections (node:internal/process/task_queues:82:21) { {"user":"    at process.processTicksAndRejections (node:internal/process/task_queues:82:21) {\r","metadata":{"emulator":{"name":"functions"},"function":{"name":"us-central1-api"},"extension":{},"message":"\u001b[90m> \u001b[39m     at process.processTicksAndRejections (node:internal/process/task_queues:82:21) {\r"}}
[info] >    code: 'EADDRINUSE', {"user":"  code: 'EADDRINUSE',\r","metadata":{"emulator":{"name":"functions"},"function":{"name":"us-central1-api"},"extension":{},"message":"\u001b[90m> \u001b[39m   code: 'EADDRINUSE',\r"}}
[info] >    errno: -4091, {"user":"  errno: -4091,\r","metadata":{"emulator":{"name":"functions"},"function":{"name":"us-central1-api"},"extension":{},"message":"\u001b[90m> \u001b[39m   errno: -4091,\r"}}
[info] >    syscall: 'listen', {"user":"  syscall: 'listen',\r","metadata":{"emulator":{"name":"functions"},"function":{"name":"us-central1-api"},"extension":{},"message":"\u001b[90m> \u001b[39m   syscall: 'listen',\r"}}
[info] >    address: '::', {"user":"  address: '::',\r","metadata":{"emulator":{"name":"functions"},"function":{"name":"us-central1-api"},"extension":{},"message":"\u001b[90m> \u001b[39m   address: '::',\r"}}
[info] >    port: 5000 {"user":"  port: 5000\r","metadata":{"emulator":{"name":"functions"},"function":{"name":"us-central1-api"},"extension":{},"message":"\u001b[90m> \u001b[39m   port: 5000\r"}}
[info] >  } {"user":"}\r","metadata":{"emulator":{"name":"functions"},"function":{"name":"us-central1-api"},"extension":{},"message":"\u001b[90m> \u001b[39m }\r"}}
[info] >   {"user":"\r","metadata":{"emulator":{"name":"functions"},"function":{"name":"us-central1-api"},"extension":{},"message":"\u001b[90m> \u001b[39m \r"}}
[info] >  Node.js v20.13.1 {"user":"Node.js v20.13.1\r","metadata":{"emulator":{"name":"functions"},"function":{"name":"us-central1-api"},"extension":{},"message":"\u001b[90m> \u001b[39m Node.js v20.13.1\r"}}
[debug] [2024-07-19T12:47:26.598Z] [worker-us-central1-api-9679c903-ce51-4ce7-b4ec-383d352bf087]: exited {"metadata":{"emulator":{"name":"functions"},"function":{"name":"us-central1-api"},"extension":{},"message":"[worker-us-central1-api-9679c903-ce51-4ce7-b4ec-383d352bf087]: exited"}}
[debug] [2024-07-19T12:47:26.598Z] [worker-us-central1-api-9679c903-ce51-4ce7-b4ec-383d352bf087]: FINISHED {"metadata":{"emulator":{"name":"functions"},"function":{"name":"us-central1-api"},"extension":{},"message":"[worker-us-central1-api-9679c903-ce51-4ce7-b4ec-383d352bf087]: FINISHED"}}
[debug] [2024-07-19T12:47:34.243Z] [work-queue] {"queuedWork":["/challenge-db720/us-central1/api/payments/create-2024-07-19T12:47:34.243Z"],"queueLength":1,"runningWork":["/challenge-db720/us-central1/api/payments/create-2024-07-19T12:47:24.322Z"],"workRunningCount":1}
[debug] [2024-07-19T12:47:34.243Z] [work-queue] {"queuedWork":[],"queueLength":0,"runningWork":["/challenge-db720/us-central1/api/payments/create-2024-07-19T12:47:24.322Z","/challenge-db720/us-central1/api/payments/create-2024-07-19T12:47:34.243Z"],"workRunningCount":2}
[debug] [2024-07-19T12:47:34.243Z] Accepted request POST /challenge-db720/us-central1/api/payments/create?total=26899 --> us-central1-api
[debug] [2024-07-19T12:47:34.244Z] [functions] Runtime ready! Sending request! {"metadata":{"emulator":{"name":"functions"},"message":"[functions] Runtime ready! Sending request!"}}
[debug] [2024-07-19T12:47:34.244Z] [functions] Got req.url=/challenge-db720/us-central1/api/payments/create?total=26899, mapping to path=/payments/create?total=26899 {"metadata":{"emulator":{"name":"functions"},"message":"[functions] Got req.url=/challenge-db720/us-central1/api/payments/create?total=26899, mapping to path=/payments/create?total=26899"}}
[debug] [2024-07-19T12:47:34.244Z] [worker-pool] Cleaned up workers for us-central1-api: 1 --> 0 {"metadata":{"emulator":{"name":"functions"},"message":"[worker-pool] Cleaned up workers for us-central1-api: 1 --> 0"}}
[debug] [2024-07-19T12:47:34.261Z] [worker-pool] addWorker(us-central1-api) {"metadata":{"emulator":{"name":"functions"},"message":"[worker-pool] addWorker(us-central1-api)"}}
[debug] [2024-07-19T12:47:34.261Z] [worker-pool] Adding worker with key us-central1-api, total=1 {"metadata":{"emulator":{"name":"functions"},"message":"[worker-pool] Adding worker with key us-central1-api, total=1"}}
[debug] [2024-07-19T12:47:35.808Z] [runtime-status] [13128] Resolved module firebase-admin {"declared":true,"installed":true,"version":"12.2.0","resolution":"D:\\MyDownloads\\React\\demo24\\functions\\node_modules\\firebase-admin\\lib\\index.js"} {"metadata":{"emulator":{"name":"functions"},"function":{"name":"us-central1-api"},"extension":{},"message":"[runtime-status] [13128] Resolved module firebase-admin {\"declared\":true,\"installed\":true,\"version\":\"12.2.0\",\"resolution\":\"D:\\\\MyDownloads\\\\React\\\\demo24\\\\functions\\\\node_modules\\\\firebase-admin\\\\lib\\\\index.js\"}"}}
[debug] [2024-07-19T12:47:35.810Z] [runtime-status] [13128] Resolved module firebase-functions {"declared":true,"installed":true,"version":"5.0.1","resolution":"D:\\MyDownloads\\React\\demo24\\functions\\node_modules\\firebase-functions\\lib\\v1\\index.js"} {"metadata":{"emulator":{"name":"functions"},"function":{"name":"us-central1-api"},"extension":{},"message":"[runtime-status] [13128] Resolved module firebase-functions {\"declared\":true,\"installed\":true,\"version\":\"5.0.1\",\"resolution\":\"D:\\\\MyDownloads\\\\React\\\\demo24\\\\functions\\\\node_modules\\\\firebase-functions\\\\lib\\\\v1\\\\index.js\"}"}}
[debug] [2024-07-19T12:47:35.810Z] [runtime-status] [13128] Outgoing network have been stubbed. [{"name":"http","status":"mocked"},{"name":"http","status":"mocked"},{"name":"https","status":"mocked"},{"name":"https","status":"mocked"},{"name":"net","status":"mocked"}] {"metadata":{"emulator":{"name":"functions"},"function":{"name":"us-central1-api"},"extension":{},"message":"[runtime-status] [13128] Outgoing network have been stubbed. [{\"name\":\"http\",\"status\":\"mocked\"},{\"name\":\"http\",\"status\":\"mocked\"},{\"name\":\"https\",\"status\":\"mocked\"},{\"name\":\"https\",\"status\":\"mocked\"},{\"name\":\"net\",\"status\":\"mocked\"}]"}}
[debug] [2024-07-19T12:47:35.811Z] [runtime-status] [13128] Resolved module firebase-functions {"declared":true,"installed":true,"version":"5.0.1","resolution":"D:\\MyDownloads\\React\\demo24\\functions\\node_modules\\firebase-functions\\lib\\v1\\index.js"} {"metadata":{"emulator":{"name":"functions"},"function":{"name":"us-central1-api"},"extension":{},"message":"[runtime-status] [13128] Resolved module firebase-functions {\"declared\":true,\"installed\":true,\"version\":\"5.0.1\",\"resolution\":\"D:\\\\MyDownloads\\\\React\\\\demo24\\\\functions\\\\node_modules\\\\firebase-functions\\\\lib\\\\v1\\\\index.js\"}"}}
[debug] [2024-07-19T12:47:36.063Z] [runtime-status] [13128] Checked functions.config() {"config":{}} {"metadata":{"emulator":{"name":"functions"},"function":{"name":"us-central1-api"},"extension":{},"message":"[runtime-status] [13128] Checked functions.config() {\"config\":{}}"}}
[debug] [2024-07-19T12:47:36.063Z] [runtime-status] [13128] firebase-functions has been stubbed. {"functionsResolution":{"declared":true,"installed":true,"version":"5.0.1","resolution":"D:\\MyDownloads\\React\\demo24\\functions\\node_modules\\firebase-functions\\lib\\v1\\index.js"}} {"metadata":{"emulator":{"name":"functions"},"function":{"name":"us-central1-api"},"extension":{},"message":"[runtime-status] [13128] firebase-functions has been stubbed. {\"functionsResolution\":{\"declared\":true,\"installed\":true,\"version\":\"5.0.1\",\"resolution\":\"D:\\\\MyDownloads\\\\React\\\\demo24\\\\functions\\\\node_modules\\\\firebase-functions\\\\lib\\\\v1\\\\index.js\"}}"}}
[debug] [2024-07-19T12:47:36.064Z] [runtime-status] [13128] Resolved module firebase-functions {"declared":true,"installed":true,"version":"5.0.1","resolution":"D:\\MyDownloads\\React\\demo24\\functions\\node_modules\\firebase-functions\\lib\\v1\\index.js"} {"metadata":{"emulator":{"name":"functions"},"function":{"name":"us-central1-api"},"extension":{},"message":"[runtime-status] [13128] Resolved module firebase-functions {\"declared\":true,\"installed\":true,\"version\":\"5.0.1\",\"resolution\":\"D:\\\\MyDownloads\\\\React\\\\demo24\\\\functions\\\\node_modules\\\\firebase-functions\\\\lib\\\\v1\\\\index.js\"}"}}
[debug] [2024-07-19T12:47:36.066Z] [runtime-status] [13128] Resolved module firebase-admin {"declared":true,"installed":true,"version":"12.2.0","resolution":"D:\\MyDownloads\\React\\demo24\\functions\\node_modules\\firebase-admin\\lib\\index.js"} {"metadata":{"emulator":{"name":"functions"},"function":{"name":"us-central1-api"},"extension":{},"message":"[runtime-status] [13128] Resolved module firebase-admin {\"declared\":true,\"installed\":true,\"version\":\"12.2.0\",\"resolution\":\"D:\\\\MyDownloads\\\\React\\\\demo24\\\\functions\\\\node_modules\\\\firebase-admin\\\\lib\\\\index.js\"}"}}
[debug] [2024-07-19T12:47:36.069Z] [runtime-status] [13128] Resolved module firebase-functions {"declared":true,"installed":true,"version":"5.0.1","resolution":"D:\\MyDownloads\\React\\demo24\\functions\\node_modules\\firebase-functions\\lib\\v1\\index.js"} {"metadata":{"emulator":{"name":"functions"},"function":{"name":"us-central1-api"},"extension":{},"message":"[runtime-status] [13128] Resolved module firebase-functions {\"declared\":true,\"installed\":true,\"version\":\"5.0.1\",\"resolution\":\"D:\\\\MyDownloads\\\\React\\\\demo24\\\\functions\\\\node_modules\\\\firebase-functions\\\\lib\\\\v1\\\\index.js\"}"}}
[debug] [2024-07-19T12:47:36.069Z] [runtime-status] [13128] firebase-admin has been stubbed. {"adminResolution":{"declared":true,"installed":true,"version":"12.2.0","resolution":"D:\\MyDownloads\\React\\demo24\\functions\\node_modules\\firebase-admin\\lib\\index.js"}} {"metadata":{"emulator":{"name":"functions"},"function":{"name":"us-central1-api"},"extension":{},"message":"[runtime-status] [13128] firebase-admin has been stubbed. {\"adminResolution\":{\"declared\":true,\"installed\":true,\"version\":\"12.2.0\",\"resolution\":\"D:\\\\MyDownloads\\\\React\\\\demo24\\\\functions\\\\node_modules\\\\firebase-admin\\\\lib\\\\index.js\"}}"}}
[debug] [2024-07-19T12:47:36.284Z] [runtime-status] [13128] Functions runtime initialized. {"cwd":"D:\\MyDownloads\\React\\demo24\\functions","node_version":"20.13.1"} {"metadata":{"emulator":{"name":"functions"},"function":{"name":"us-central1-api"},"extension":{},"message":"[runtime-status] [13128] Functions runtime initialized. {\"cwd\":\"D:\\\\MyDownloads\\\\React\\\\demo24\\\\functions\",\"node_version\":\"20.13.1\"}"}}
[info] >  node:events:497 {"user":"node:events:497\r","metadata":{"emulator":{"name":"functions"},"function":{"name":"us-central1-api"},"extension":{},"message":"\u001b[90m> \u001b[39m node:events:497\r"}}
[info] >        throw er; // Unhandled 'error' event {"user":"      throw er; // Unhandled 'error' event\r","metadata":{"emulator":{"name":"functions"},"function":{"name":"us-central1-api"},"extension":{},"message":"\u001b[90m> \u001b[39m       throw er; // Unhandled 'error' event\r"}}
[info] >        ^ {"user":"      ^\r","metadata":{"emulator":{"name":"functions"},"function":{"name":"us-central1-api"},"extension":{},"message":"\u001b[90m> \u001b[39m       ^\r"}}
[info] >   {"user":"\r","metadata":{"emulator":{"name":"functions"},"function":{"name":"us-central1-api"},"extension":{},"message":"\u001b[90m> \u001b[39m \r"}}
[info] >  Error: listen EADDRINUSE: address already in use :::5000 {"user":"Error: listen EADDRINUSE: address already in use :::5000\r","metadata":{"emulator":{"name":"functions"},"function":{"name":"us-central1-api"},"extension":{},"message":"\u001b[90m> \u001b[39m Error: listen EADDRINUSE: address already in use :::5000\r"}}
[info] >      at Server.setupListenHandle [as _listen2] (node:net:1898:16) {"user":"    at Server.setupListenHandle [as _listen2] (node:net:1898:16)\r","metadata":{"emulator":{"name":"functions"},"function":{"name":"us-central1-api"},"extension":{},"message":"\u001b[90m> \u001b[39m     at Server.setupListenHandle [as _listen2] (node:net:1898:16)\r"}}
[info] >      at listenInCluster (node:net:1946:12) {"user":"    at listenInCluster (node:net:1946:12)\r","metadata":{"emulator":{"name":"functions"},"function":{"name":"us-central1-api"},"extension":{},"message":"\u001b[90m> \u001b[39m     at listenInCluster (node:net:1946:12)\r"}}
[info] >      at Server.listen (node:net:2044:7) {"user":"    at Server.listen (node:net:2044:7)\r","metadata":{"emulator":{"name":"functions"},"function":{"name":"us-central1-api"},"extension":{},"message":"\u001b[90m> \u001b[39m     at Server.listen (node:net:2044:7)\r"}}
[info] >      at Function.listen (D:\MyDownloads\React\demo24\functions\node_modules\express\lib\application.js:635:24) {"user":"    at Function.listen (D:\\MyDownloads\\React\\demo24\\functions\\node_modules\\express\\lib\\application.js:635:24)\r","metadata":{"emulator":{"name":"functions"},"function":{"name":"us-central1-api"},"extension":{},"message":"\u001b[90m> \u001b[39m     at Function.listen (D:\\MyDownloads\\React\\demo24\\functions\\node_modules\\express\\lib\\application.js:635:24)\r"}}
[info] >      at Object.<anonymous> (D:\MyDownloads\React\demo24\functions\index.js:37:5) {"user":"    at Object.<anonymous> (D:\\MyDownloads\\React\\demo24\\functions\\index.js:37:5)\r","metadata":{"emulator":{"name":"functions"},"function":{"name":"us-central1-api"},"extension":{},"message":"\u001b[90m> \u001b[39m     at Object.<anonymous> (D:\\MyDownloads\\React\\demo24\\functions\\index.js:37:5)\r"}}
[info] >      at Module._compile (node:internal/modules/cjs/loader:1358:14) {"user":"    at Module._compile (node:internal/modules/cjs/loader:1358:14)\r","metadata":{"emulator":{"name":"functions"},"function":{"name":"us-central1-api"},"extension":{},"message":"\u001b[90m> \u001b[39m     at Module._compile (node:internal/modules/cjs/loader:1358:14)\r"}}
[info] >      at Module._extensions..js (node:internal/modules/cjs/loader:1416:10) {"user":"    at Module._extensions..js (node:internal/modules/cjs/loader:1416:10)\r","metadata":{"emulator":{"name":"functions"},"function":{"name":"us-central1-api"},"extension":{},"message":"\u001b[90m> \u001b[39m     at Module._extensions..js (node:internal/modules/cjs/loader:1416:10)\r"}}
[info] >      at Module.load (node:internal/modules/cjs/loader:1208:32) {"user":"    at Module.load (node:internal/modules/cjs/loader:1208:32)\r","metadata":{"emulator":{"name":"functions"},"function":{"name":"us-central1-api"},"extension":{},"message":"\u001b[90m> \u001b[39m     at Module.load (node:internal/modules/cjs/loader:1208:32)\r"}}
[info] >      at Module._load (node:internal/modules/cjs/loader:1024:12) {"user":"    at Module._load (node:internal/modules/cjs/loader:1024:12)\r","metadata":{"emulator":{"name":"functions"},"function":{"name":"us-central1-api"},"extension":{},"message":"\u001b[90m> \u001b[39m     at Module._load (node:internal/modules/cjs/loader:1024:12)\r"}}
[info] >      at Module.require (node:internal/modules/cjs/loader:1233:19) {"user":"    at Module.require (node:internal/modules/cjs/loader:1233:19)\r","metadata":{"emulator":{"name":"functions"},"function":{"name":"us-central1-api"},"extension":{},"message":"\u001b[90m> \u001b[39m     at Module.require (node:internal/modules/cjs/loader:1233:19)\r"}}
[info] >  Emitted 'error' event on Server instance at: {"user":"Emitted 'error' event on Server instance at:\r","metadata":{"emulator":{"name":"functions"},"function":{"name":"us-central1-api"},"extension":{},"message":"\u001b[90m> \u001b[39m Emitted 'error' event on Server instance at:\r"}}
[info] >      at emitErrorNT (node:net:1925:8) {"user":"    at emitErrorNT (node:net:1925:8)\r","metadata":{"emulator":{"name":"functions"},"function":{"name":"us-central1-api"},"extension":{},"message":"\u001b[90m> \u001b[39m     at emitErrorNT (node:net:1925:8)\r"}}
[info] >      at process.processTicksAndRejections (node:internal/process/task_queues:82:21) { {"user":"    at process.processTicksAndRejections (node:internal/process/task_queues:82:21) {\r","metadata":{"emulator":{"name":"functions"},"function":{"name":"us-central1-api"},"extension":{},"message":"\u001b[90m> \u001b[39m     at process.processTicksAndRejections (node:internal/process/task_queues:82:21) {\r"}}
[info] >    code: 'EADDRINUSE', {"user":"  code: 'EADDRINUSE',\r","metadata":{"emulator":{"name":"functions"},"function":{"name":"us-central1-api"},"extension":{},"message":"\u001b[90m> \u001b[39m   code: 'EADDRINUSE',\r"}}
[info] >    errno: -4091, {"user":"  errno: -4091,\r","metadata":{"emulator":{"name":"functions"},"function":{"name":"us-central1-api"},"extension":{},"message":"\u001b[90m> \u001b[39m   errno: -4091,\r"}}
[info] >    syscall: 'listen', {"user":"  syscall: 'listen',\r","metadata":{"emulator":{"name":"functions"},"function":{"name":"us-central1-api"},"extension":{},"message":"\u001b[90m> \u001b[39m   syscall: 'listen',\r"}}
[info] >    address: '::', {"user":"  address: '::',\r","metadata":{"emulator":{"name":"functions"},"function":{"name":"us-central1-api"},"extension":{},"message":"\u001b[90m> \u001b[39m   address: '::',\r"}}
[info] >    port: 5000 {"user":"  port: 5000\r","metadata":{"emulator":{"name":"functions"},"function":{"name":"us-central1-api"},"extension":{},"message":"\u001b[90m> \u001b[39m   port: 5000\r"}}
[info] >  } {"user":"}\r","metadata":{"emulator":{"name":"functions"},"function":{"name":"us-central1-api"},"extension":{},"message":"\u001b[90m> \u001b[39m }\r"}}
[info] >   {"user":"\r","metadata":{"emulator":{"name":"functions"},"function":{"name":"us-central1-api"},"extension":{},"message":"\u001b[90m> \u001b[39m \r"}}
[info] >  Node.js v20.13.1 {"user":"Node.js v20.13.1\r","metadata":{"emulator":{"name":"functions"},"function":{"name":"us-central1-api"},"extension":{},"message":"\u001b[90m> \u001b[39m Node.js v20.13.1\r"}}
[debug] [2024-07-19T12:47:36.305Z] [worker-us-central1-api-81728477-16f9-4193-8753-6b83ee0498ed]: exited {"metadata":{"emulator":{"name":"functions"},"function":{"name":"us-central1-api"},"extension":{},"message":"[worker-us-central1-api-81728477-16f9-4193-8753-6b83ee0498ed]: exited"}}
[debug] [2024-07-19T12:47:36.305Z] [worker-us-central1-api-81728477-16f9-4193-8753-6b83ee0498ed]: FINISHED {"metadata":{"emulator":{"name":"functions"},"function":{"name":"us-central1-api"},"extension":{},"message":"[worker-us-central1-api-81728477-16f9-4193-8753-6b83ee0498ed]: FINISHED"}}
[error] !!  functions: Failed to handle request for function us-central1-api {"metadata":{"emulator":{"name":"functions"},"message":"Failed to handle request for function us-central1-api"}}
[error] !!  functions: Failed to start functions in D:\MyDownloads\React\demo24\functions: FirebaseError: Failed to load function. {"metadata":{"emulator":{"name":"functions"},"message":"Failed to start functions in D:\\MyDownloads\\React\\demo24\\functions: FirebaseError: Failed to load function."}}
[debug] [2024-07-19T12:54:19.473Z] [work-queue] {"queuedWork":[],"queueLength":0,"runningWork":["/challenge-db720/us-central1/api/payments/create-2024-07-19T12:47:34.243Z"],"workRunningCount":1}
[error] !!  functions: Failed to handle request for function us-central1-api {"metadata":{"emulator":{"name":"functions"},"message":"Failed to handle request for function us-central1-api"}}
[error] !!  functions: Failed to start functions in D:\MyDownloads\React\demo24\functions: FirebaseError: Failed to load function. {"metadata":{"emulator":{"name":"functions"},"message":"Failed to start functions in D:\\MyDownloads\\React\\demo24\\functions: FirebaseError: Failed to load function."}}
[debug] [2024-07-19T12:54:19.474Z] [work-queue] {"queuedWork":[],"queueLength":0,"runningWork":[],"workRunningCount":0}
[debug] [2024-07-19T13:04:53.761Z] Received signal SIGHUP 1
